review_id,tconst,primaryTitle,label,llm_group,text,word_count,source,model,is_llm,text_id
pos_11652,tt0112818,Dead Man Walking,pos,A,"Tim Robbins makes a wonderful film. His wife (susan sarandon) gives a wonderful performance as the sister Helen Perjean who wants to help Mattew Poncelet (Sean Penn) who is accussed of murder and who also will die of an injection... 120 minutes of splended acting and touching scenes is what you get. Great acting and it is a film that gives something to think about! Susan Sarandon deserves the oscar of 1995 best actress. It is probably one of her greatest films ever. I didn't see 'The Craddle will Rock"" but I sure have to see more films of Robbins. Rating: 9 / 10 or ***1/2 out of 4. Go and see.....",112,human,human,0,human_pos_11652
pos_1265,tt0154506,Following,pos,A,"I'm amazed that Memento (which is an excellent flick) is so well-regarded in the Top 250 and this one doesn't even appear!! What the hell is that?? To be honest - when this movie ended my knee-jerk reaction was that this movie is better than Memento. After the euphoria of the fabulous ending wore off, I concluded that they are equal in their excellence. I am just confused about why its not in the Top 50 along with Memento. I'm going to venture a guess that (sadly) it's because it's in black and white or because (again sadly)that the characters all have British accents ...sadly because that is no reason to not appreciate a great movie like this. I'm telling you that if you loved Memento, you will love Following as well. Brilliant!",133,human,human,0,human_pos_1265
pos_10903,tt0119360,In & Out,pos,A,"IN & OUT, in my opinion, is a very hilarious movie. I thought that Cameron (Matt Dillon) was wrong to say that Howard (Kevin Kline) was gay. The part I liked most was Howard's bachelor party. This was because they were cracking jokes about a lot of things, including Barbra Streisand films. I also thought that Emily (Joan Cusack) looked very beautiful in her wedding dress and that Howard looked good in his tuxedo. My favorite quote of IN & OUT is, ""Is everybody gay? Is this 'THE TWILIGHT ZONE'?"" That was absolutely hilarious! The one character I couldn't stand was Sonya (Shalom Harlow). This was because she was VERY conceited and snobby. In conclusion, I recommend this movie to all you Kevin Kline fans who have not seen it. Be prepared to laugh HARD and have a good time when you see it.",144,human,human,0,human_pos_10903
pos_2560,tt0462200,Black Snake Moan,pos,A,"Better than I expected from a film selling itself on the premise of nymphomania and inter-racial bondage. The music is great, and cinematography focuses greatly on turning Ricci into a trailer trash Betty Paige and it works. Samuel L. get's to shout a lot, which he's good at, as well as play lots of blues guitar, which he looks cool doing. Even Justin Timberlake was decent as the mentally disturbed boyfriend. I get the feeling that this material under anyone else would have been complete s*%#, but instead managed to just barley carve out it's own odd little transgressive pulp niche, while still being an effective drama.",107,human,human,0,human_pos_2560
pos_11382,tt0118749,Boogie Nights,pos,A,"What a movie! It has undeniably entertaining subject matter (unless you're a prude) and a mature, funny, and complex script from Paul Thomas Anderson (Magnolia, Hard Eight). PT Anderson will undoubtably be around for some time. The evidence is here in this epic and ambitious masterpiece. Every character is expertly played and touching and fully-shaped. From Burt Reynolds as Jack Horner (the director) to Julianne Moore (his movie-star) and Mark Whalberg (as Dirk Diggler) they all are fabulous. And the story? WOW! Honest look at business and failure and consequences and family. One of the best movies of all time! i give it a >>>>>>>>>>>>>>>>>>>A+",105,human,human,0,human_pos_11382
pos_7792,tt0109117,Andaz Apna Apna,pos,A,I watched this movie probably more than 20 times. The jokes are now 10-15 years old but every time I watch it it makes me fall off my chair. Two of the finest actor Salman Khan and Aamir Khan plays the lead roles here. Even if Aamir Khan is a much better actor and got the better role(smart guy) in the movie Salman Khan matches and sometimes perform even better as the dumb guy. All the characters are memorable. This movie is filled with hilarious one-liners and funny situations(a little too silly probably). Don't try to look for logic in this movie. Let your brain relax for some time. I promise it will be an experience to remember.,118,human,human,0,human_pos_7792
pos_7052,tt0079540,Meatballs,pos,A,"As a young teen when this came out, I completely related to it. As an adult in the present sex- obsessed American culture, it doesn't have enough nudity to be called tame. If you are looking for American Pie-type lewdness, vulgarity or fart and feces jokes, Meatballs will disappoint with impunity and a guarantee. If you like Bill Murray, and you like good clean fun, you will probably like and enjoy this film very much. Similarly with Stripes, Ghostbusters, Caddy Shack, etc. Enough said, just go watch it, and stop intellectualizing it. It's Meatballs, for crying out loud! Why read a review? Just enjoy it and have fun. And ignore the trash talk by others. Films, like so many other things in life, are subjective. To each his own. Always beware the 'expert' who diminishes others' taste.",137,human,human,0,human_pos_7052
pos_601,tt0079588,The Muppet Movie,pos,A,"First of all i'd like to say that this movie is the greatest thing that ever happened to mankind. It is the best out of all the excellent Muppet movies, and every other movie out there! so BOO-YA for jim Henson! This Movie is the first of all the Muppet movies and the best. (boo ya) It's about a Frog (kermit) who tries to make to hollywood. along with the awesome friends he meets on the way comes a couple of the greatest songs ever made that are bound to become classics, including ""the rainbow connection"" in conclusion i would like to say that watching this movie was the greatest thing EVER!. If you havn't already seen it, then get off your computer and get you tushy to your nearest video store!!! (if they don't have the muppet movie, i'd sue them BIG TIME )",145,human,human,0,human_pos_601
pos_2059,tt0116908,The Long Kiss Goodnight,pos,A,"This film is a great rampage of action and comedy, it gets right in to it right from the start, there's no boring build up. The chemistry of the leading roles adds to the excitement and anticipation of the ending, even though my suspicions were not satisfied. The special effects worked brilliantly and were believable! Would have liked a different ending but it still had me reeling in emotions. The story line unfolds well however it is a film you have to watch from start to end carefully to pick up on all the details, to fully understand and get maximum enjoyment.",102,human,human,0,human_pos_2059
pos_2252,tt0404030,Everything Is Illuminated,pos,A,"i went to see this because i have some friends in the ukraine. but the film moved me beyond what i expected by turning out to be a perfect blend of belly holding laughs (alex's strange use of English) situational comedy and heaviness bordering on depressing. i loved the range. it made me want to jump in to an old car and hit the road for the ukraine. alex (hutz) plays his guide part perfectly and provides a great counterpoint to elijah woods' poker faced earnestness. the film shows the positive side of humanity when ppl of differing cultures can bond and do the right thing when they feel the sincerity of the situation, even when they went into it with preconceived notions and prejudices, and how this can open up doorways into deeply buried memories. there is a lot in this film.",143,human,human,0,human_pos_2252
pos_6309,tt0398883,The Consequences of Love,pos,A,"I was a little worried about actors and acting in Italy then ""Le conseguenze dell'amore"" and Toni Servillo came. It was a long time that i didn't see a so charismatic actor on screen. Paolo Sorrentino has written a wonderful story about loneliness and Tony has built one of the most unforgettable characters seen in movies in recent years. The movie is not completely perfect but 'Titta Di Girolamo' will stay with you for a long time after the vision of the movie. Toni please keep on acting in movies, you're for sure the coolest actor around today (and not just in Italy, his performance deserves international acclamation). I rate this movie 9/10.",113,human,human,0,human_pos_6309
pos_6119,tt0069089,Pink Flamingos,pos,A,"The film that gave us John Waters is one of the funniest films ever. Yes it may be gross but it's filled with hysterical moments that nobody has done since. The infamous dog-scene has to be one of the highlights of cinema. not a film for the easily offended it's one of those movies where you always see something new. Divine's performance is worth the reputation. Mink Stole is hysterical. This is the film responsible for the Farrely brothers and the entire Gross-out comedy genre. I know that sounds a bit extreme but think about it. Before this comedies were very run of the mill and almost identical. After this movie comedies became strange and weird, but in a good way. I'd give it 15 out of 10 if I could.",131,human,human,0,human_pos_6119
pos_5340,tt0312004,Wallace & Gromit: The Curse of the Were-Rabbit,pos,A,"This scene shows how Wallace's experiment by using his brain manipulation invention goes terribly wrong, creating the ""Were Rabbit"". His desire as a social entrepreneur is to improve society for the better, therefore, created a ""Brain Manipulator"" machine. He risked his own life to help solve Tottington's pests' rabbit problem and more importantly to overcome the overcrowding of rabbits being collected and stored in his basement. Though he thought his experiment worked, however, it resulted in placing more pressure on him and Gromit to find a solution before the Annual Vegetable Competition again risking his life. Gromit, who is a silent faithful dog and a loyal helper finds himself continuously thinking of innovative ways to save his master, from his radical crazy inventions going terribly wrong. What is interesting in this movie, is trying to identify: who is more entrepreneurial, Wallace or Gromit?",143,human,human,0,human_pos_5340
pos_1665,tt0048021,Rififi,pos,A,"The fact that after 50 years, it is still a highly watchable movie, says a lot about it. It is more intelligent and interesting than almost all recent movies of the same genre you can find, and has a certain endearing feeling of innocence to it. I am not a big fan of this type of movies, but I could watch the whole thing without being bored, which makes it a good movie to watch with someone who does not necessarily share your taste in films. I liked the black and white palette, the excellent casting, the clever heist scene that keeps you guessing about what trick they will pull next, and the ending like everyone else. Watching the heist sequence makes one realize the power of silence, which is unfortunately so underused in today's cinema.",136,human,human,0,human_pos_1665
pos_7865,tt0066819,The Beguiled,pos,A,"This Don Siegel/Clint Eastwood strange and hypnotic drama was left by the wayside in 1971 and what a pity. A fascinating character study with some great women for Squint to deal with. Geraldine Page was one of our supreme actresses and she's perfectly cast. Young Jo Ann Harris is a flirty minx, and Elizabeth Hartman (who died too young) is undeniably repressed. A 7 out of 10. Best performance = C. Eastwood. Released the same year as DIRTY HARRY, this did no business, beside getting some good reviews. Seek this out unless you're only into ""Explosion"" films. Very subtle and frightening, this piece will stick with you.",107,human,human,0,human_pos_7865
pos_3599,tt0238112,Captain Corelli's Mandolin,pos,A,"Once you can get over Nic Cage playing an Italian soldier who loves opera and believes in making love, not war, you can get down to enjoying this beautiful-looking film. This could be used as an advert for tourism in the Mediterranean. John Hurt is great and Penelope Cruz isn't bad, as you might expect. Christian Bale's character is somewhat one-dimensional, which is a shame. The main drawback of this film is the adaptation from the book - having been told subsequently the differences between the book and film plots, I feel cheated out of a much better and more convincing storyline.",102,human,human,0,human_pos_3599
pos_5307,tt0301976,The United States of Leland,pos,A,"This is a superb film and was immediately put in my top ten (trust me I know films!). It's one of the movies that really makes you think, not necessarily about the storyline but about yourself! The film is about a fifteen year old kid (Leland Fitzgerald)who kills an autistic boy. he is sent to juvenile hall where he meets Pearl Madison, his teacher. His relationship with Pearl slowly grows and eventually Pearl decides to write a story on Leland and his peers but as he gets closer to finding out Lelands motive he learns he must deal with his own issues first. This is a great film and a must see with great music by the pixies and a fantastic score! Watch it!",124,human,human,0,human_pos_5307
pos_5480,tt0107206,In the Line of Fire,pos,A,"An assassination thriller in the mould of Day Of The Jackal, In The Line Of Fire has the added twist that Eastwood's old-timer bodyguard Frank Horrigan is troubled by past failure on the job. The chase becomes personal as John Malkovich's reptilian assassin Leary taunts him over this neurosis - with the rather clunky exception of the love of a good woman (Russo's Lilly Raines) nothing's going to set Frank's mind at rest than taking Leary down personally. Malkovich is a volatile presence - not simply combustible on screen but often a changeable actor too. This is one of his good films, focused and playing director Petersen's game. Eastwood is too old but a) the audience don't care, cos it's him and b) his age is written into the script, not only in the narrative but also as a recurring joke. Pretty much as you'd expect but well-handled. 7/10",149,human,human,0,human_pos_5480
pos_9131,tt0065531,The Red Circle,pos,A,"you have loved The shawshank Redemption, Pulp Fiction, Vertigo, Oldboy.... And i guarantee you will love this one more. its a brilliant thriller. The story is so simple yet so gripping. it keeps you at the edge of your seat till the end. the slow moving scenes, simple music adds more perfection to the movie. its so genuine. the performance is top class the direction the sequences...they are too perfect..if i could i would place it in top 10 thrillers ever made. Most entertaining thriller i have seen in a while... *****/***** my vote help me move this movie to top 250 you will love it...",106,human,human,0,human_pos_9131
pos_9685,tt0493430,Jackass Number Two,pos,A,"This movie was borderline in crude humor....I utterly can not believe that these people can get away with this. Johnny Knoxville didn't cross the line...he was stomping all over it! This was better than the first...ALL THA WAY! The thing I found about the 1st movie was that the shenanigans were somewhat as if it was on the t.v. show. NOT THIS TIME!!! they completely made a 180 degree flip...the whole cast is so outstanding in what they do and not were the stunts crazy...but the music basically fit every situation...GOOD WORK!!!! When you go see this be sure to use the bathroom before going to the theater, maintain a strong stomach and rememba to not let your beverage spray out your nose....",123,human,human,0,human_pos_9685
pos_9452,tt0454945,She's the Man,pos,A,"I just rented this movie from the video store last night. It being new and not released long ago here, the rent was only overnight. Me, my little sis, and my older brother who usually hates watching these kind of movies sat down and watched. Once the movie started and after sitting there watching it for a while we were all laughing historically. Even my brother. This movie is hilarious, I actually laughed. No matter how funny some movies are... even if I think its funny I sometimes can't seem to laugh. But this movie... I laughed. My brother ended up thinking it was the best ""that type of movie"" he had seen. I ended up watching the movie again about 2 or 3 hours later.",126,human,human,0,human_pos_9452
pos_6649,tt0159365,Cold Mountain,pos,A,"How is it possible to like and dislike the same movie? The plot is very much like that Jody Foster thing, Sommersby, only not as good. Nicole was great....Jude was adequate. They didn't give him many lines...is there a reason for that? Generally, he's a pretty good actor. She's so elegant, his character is so country bumpkin. It makes one wonder what they see in each other. Romance between two such was only successful in Lady Chatterly's Lover. I think the dislike comes about because the movie is too long. They could have told the story in two hours. The story is good. Good locations, good filming. The character actors were great.",112,human,human,0,human_pos_6649
pos_5031,tt0117038,Michael,pos,A,"Though this film doesn't stand out particularly from the movie crowd, its still a very nice film to sit down and watch with your feet up! There maybe the odd one or two mistakes you catch, and the cinematic are a little slipshod, the film itself is very enjoyable and has a wonderful atmosphere to it. The music contributes a lot to the mood of the movie. The acting is none the less impressive (especially the dog he he!) with John Travolta taking the lead of the fun-troublesome-loving Michael. Other characters feel very genuine and perform very well within the film. So after a long day at work, stick ""Michael"" on in the evening with some ice-cream and enjoy a very quality film in its own right :)",128,human,human,0,human_pos_5031
pos_11404,tt0455857,When a Stranger Calls,pos,A,"I was skeptical before going to this because of the horribly assembled trailer which made it look like an equally horrible movie. I was nicely surprised by how much i did not waste my money. I believe the films success comes from how creepy it really is and how the environment of the house is. Little things like the sensor lights create a true uneasy feeling. The shadows and ominously cold feeling of the house make it easy to tell that no matter how much you know horror films, anything could happen in the film. The acting is by no means perfect, nor were they bad. The main character is convincing even given the annoying teen dramas that surround her. In the end, I was thoroughly impressed with the film in most aspects. It is definitely a film i would recommend.",141,human,human,0,human_pos_11404
pos_10155,tt0049470,The Man Who Knew Too Much,pos,A,"This isn't among my favorite Hitchcock films, though I must admit it's still pretty good. Among the things I really liked were the presence of Jimmy Stewart (he always improves even the most mediocre material) and the incredibly scary looking assassin (who looks like a skeleton with just a thin layer of skin stretched over him). Although it cost the studio a lot of money, I didn't particularly care for Doris Day in the film--she seemed to weep a lot and belts out ""Que Sera"" like a fullback. Yes, I know that she was supposed to sing in that manner, but this forever made me hate this song. Sorry. The other complaint, though minor, I had about the movie was that it was a little ""too polished"" and ""Hollywood-esque"". The original version (also done by Hitchcock) just seemed a lot grittier and seedier--and this added to the scary ambiance.",149,human,human,0,human_pos_10155
pos_10473,tt0092603,Babette's Feast,pos,A,"I can think of no movie that better captures the concept of grace, in a theological sense. The well-intentioned religiosity of a small congregation, gone awry after the death of their leader, robs from them the very thing they preach: grace. The costly gift of a humbled Parisian culinary genius returns them to their calling to love one another, and humbles an aging general concerned that he's wasted his life. CHOICES is a central theme, as well as grace. At the same time, artistic gifting is recognized as having a powerful, transcendent role to play in everyday life, and the life to come. Impossible to improve or ignore. This is a life-changing film for those who hear its message.",119,human,human,0,human_pos_10473
pos_6673,tt0272152,K-PAX,pos,A,"If you like movies that will make you think, this is absolutely one of the good ones. I always liked David Lynch and Cronenberg. They have always made high-quality movies. Iain Softley has directed K-PAX brilliantly. The movie tears in feelings and philosophy of the mind and world. Kevin Spacey and Jeff Bridges both delivers superb acting skills. It caught me, I did not take my eyes away from the screen during the movie. On the other hand, if you are hoping for a special effect sci-fi movie, this is not for you. The story is being dragged a bit, which can be a bit boring, but also works as a way of building up the theme of the movie. Enjoy this film, I did..",125,human,human,0,human_pos_6673
pos_8781,tt0035279,Saboteur,pos,A,"Cummings is falsely accused of sabotage and goes on the lam, looking for the real culprit. The familiar Hitchcock theme of a man wrongly accused of a crime is nicely played out in this entertaining fare that has elements of ""The Thirty Nine Steps"" and ""North by Northwest,"" although it is not as good as either of those classics. There are some impressive set pieces, including the finale on the Statue of Liberty. The plot is implausible and unconvincing and, after a terrific start, it seems to run out of steam. Cummings is likable if somewhat stiff in the lead. Lane is the blonde but not the cool variety of the director's later films. The supporting roles are generally well played.",121,human,human,0,human_pos_8781
pos_1600,tt0067445,Death in Venice,pos,A,"Philistines beware, especially American ones! This has all the elements you'll hate - a langorous approach to film language, a painterly sense of composition, an intense homoerotic focus to its elegant narrative, a wonderful and unusual use of music and, even worse, it's based on a story you'd probably hate as well... If, however, you do feel that films don't to have derivative plotlines, be full of action and crappy dialogue, don't need the visual grammar of MTV/TV Commercials, then watch this. It's one of my favourite films, and is perhaps Visconti's most perfectly formed piece of work. It's sublime, like the movement of Mahler he uses insistently throughout the film.",111,human,human,0,human_pos_1600
pos_297,tt0078788,Apocalypse Now,pos,A,"Brilliant actors and brilliant picture!! I love the chopper scene with the music in the beginning, it is just SO touching and at the same time real but at the same time surrealistic! The Vietnam War was far from human and I believe this movie kind of shows have terrible human beings can act under certain circumstances. Modern war movies are spending so much money on effects. This is just a straight forward smart movie that takes you beyond your imagination. A movie that really pictures evil and hate mixed in fearness and fate. How insane the world is and the power of will and friendship, love and passion. A must seen movie and without any doubts the best war movie ever! Many tried to copy but still there are no movie even close as good as this!!",138,human,human,0,human_pos_297
pos_5959,tt0464913,"OSS 117: Cairo, Nest of Spies",pos,A,"Just saw the movie, it's actually pretty good. The trailers'd left me an impression of either yet another Dujardin one-man-show-turned-film (à la _Brice de Nice_) or an expensive, stupid French comedy. Surprisingly, it's neither. Secret agent OSS 117 is stupid, but at least he sort of knows it, whereas I've always found that James Bond was stupid but acted like a smart arse. Dialogue is witty with a lot of tongue-in-cheek humour that one would expect from a British rather than a French movie. The women and the music are beautiful. A refreshing trip into the past, when the bad guys were ex-Nazis or Soviet brutes, cars were shiny, and France had colonies!",113,human,human,0,human_pos_5959
pos_2022,tt0202470,Rock Star,pos,A,"I watched this movie the other night, and I have to admit, it was quite possibly the best film of this generation. Turns out I wasn't born until 1988, but I can relate to this motion picture like Cary Grant can relate to having an STD, or Burt Reynolds to being a burnout. Marky Mark did not decline in awesomeness after his brief stint in New Kids on the Block, which I will from here on refer to as ""the best band in the world (aka BBW). Like, it's totally a morality tale about fargin' trannies an' poop, so pay attention! I love all y'all, and continue to support Marky Msrk because he needs us now more than ever. He's the only boyee who survived the De-sharted.",127,human,human,0,human_pos_2022
pos_1188,tt0079261,Hair,pos,A,"I first saw this movie in the theater. I was 10. I just watched it a second time and I must say it was amazing. The music, the dancing, the acting. It is a great story and told extremely well. I fell absolutely in love with Treat Williams when I was a kid after seeing him in this movie. One of my favorite parts was when his mom kept yelling at him to give her his pants, and then finally said ""how much do you need""? (money). That was classic. ; ). Moms are the best. If you haven't seen this movie since it came out I say see it again. It's timeless. It will do what all great movies do; make you laugh, cry, and think.",127,human,human,0,human_pos_1188
pos_9968,tt0379889,The Merchant of Venice,pos,A,"I saw The Merchant of Venice in London last week. Great acting by Al Pacino, Jeremy Irons, Joseph Finnes and Lynn Collins. Compare to other movies based on Shakespeare's play, this production has made the play so easy to understand and follow. Bravo to Michael Radford for directing such top actors. The costume and the scenery are great and since it was filmed on location in Venice it gives the film and authentic flavor. I had read the play over thirty years ago at school and the emphasis was on the characters' anti-Semitic behavior toward the Jews and the cruelty of the Christians. I do not know if this movie is going to be controversial but in any case I am sure that it will get few Oscar nominations.",129,human,human,0,human_pos_9968
pos_1000,tt0819714,The Edge of Love,pos,A,"I was fortunate to attend the London premier of this film. While I am not at all a fan of British drama, I did find myself deeply moved by the characters and the BAD CHOICES they made. I was in tears by the end of the film. Every scene was mesmerizing. The attention to detail and the excellent acting was quite impressive. I would have to agree with some of the other comments here which question why all these women were throwing themselves at such a despicable character. *******SPOLIER ALERT******** I was also hoping that Dylan would have been killed by William when he had the chance! ****END SPOILER***** Keira Knightley did a great job and radiate beauty and innocence from the screen, but it was Sienna Miller's performance that was truly Oscar worthy. I am sure this production will be nominated for other awards.",145,human,human,0,human_pos_1000
pos_9867,tt0113253,Halloween: The Curse of Michael Myers,pos,A,"I personally LOVE this film amidst the Halloween series. I've found, after watching it with many friends, that you enjoy it completely, or find it absolutely unbearable. Personally, i've watched it dozens of times, and it never gets old. There is a great back story within the movie itself, and a lot of different things are finally explained. It's a rather short movie, at just shy of 90-minutes, but it's definitely a thrill ride. The shape seems to be pretty brutal in this film, but the acting is still there with the way he walks, stalks and kills. There are a lot of neat little screen shots with Micheal appearing in the background, which adds more of a spooky element to the movie.",123,human,human,0,human_pos_9867
pos_8435,tt0078966,The China Syndrome,pos,A,"The China Syndrome is a perfectly paced thriller and not slow or boring at all, as some people tend to say. The transitions from one scene to another are great and the tension build up in the film will keep you on the edge of your seat for the entire two hours. Jack Lemmon is great, as always, as the somewhat nervous plant operator and Jane Fonda succeeds again in bringing some real emotions into the story. You can see this film as a political statement of the time, or just as an intelligently made thriller. Either way it is definitely worth watching.",103,human,human,0,human_pos_8435
pos_8517,tt0086006,Never Say Never Again,pos,A,"If you can watch a Bond film from 1983 that isn't as good as Octopussy and still enjoy it. If you can accept production values which aren't that much above the level of a TV movie. If you can look at Sean Connery with wrinkles on his forehead beneath an obvious toupée and still see James Bond. If you can get past an inexperienced Basinger, a weaker Largo and a jolly Q. If you can learn to love an idiosyncratic score, not up there with Barry on his worst day. If you don't believe the hyperbolic reviews that it was greeted with on release. If you can meet a poker battle and a video game face off and enjoy them both the same. Yours is Never Say Never Again and everything that's in it. And, what is more, you'll probably enjoy it, my son!",144,human,human,0,human_pos_8517
pos_7986,tt0103776,Batman Returns,pos,A,"The best Batman movie of the 90's no doubt about it. This movie takes place in a city filled with insecurity and nightmares. Although the villains are somewhat cheesy, they fit perfect for the movie's tone of colorful but nightmarish cinematography. The performances are really great and the comic tone behind them really delivers expectations. Don't get fooled by the cheesy outfits, this is a movie in the pure style of Burton. That can't be described; Burton is a sui generis director that took the Batman franchise to another obscure level but not forgetting about it's comic style past. Recommended for fans of action cinema and best of all, if it deals with super heroes.",115,human,human,0,human_pos_7986
pos_6073,tt0116209,The English Patient,pos,A,"From 1996, first i watched this movie, i feel never reach the end of my satisfaction, i feel that i want to watch more and more until now, my god i don't believe it was ten years ago, and i can believe that i almost remember every word of the dialogues. I love this movie and i love this novel, absolutely perfection. i love Willem Defoe, he has a strange voice to spell the words ""black night"" and i always say it for many times, never being bored. I love the music of Szararem, it's so much spiritualistic, made me come into another world deep in my heart. anyone can feel what i feel and anyone could make the movie like this? i don't believe so. Thanks Ondaatje thanks Mingela.",130,human,human,0,human_pos_6073
pos_4513,tt0419887,The Kite Runner,pos,A,"""The Kite Runner"" is one of the most controversial films of the year, and it's not just one of those controversies invented by PR people to sell tickets. No, this is a film that was actually pulled from release because the producers began to fear for their safety of their actors. That may give you an idea of just how sensitive and topical some of the material is. ""The Kite Runner"" is an important film for our modern world, because now more than ever, we need stories that show the reality of war, not just action movies that glamorize the violence. It was adapted from the best-selling book, and some critics have charged that something was lost in translation, but if you don't bring the baggage of the novel into the screening, you will be very moved.",137,human,human,0,human_pos_4513
pos_2414,tt0110657,The Next Karate Kid,pos,A,"I first viewed this film shortly after it was put out on video in 1995, I dismissed it offhand, saying that Julie was no Daniel, never really giving it a chance and saying it was horrid. But here it is, 5 years later, its on Disney and im watching it again. And I'm finding that it isnt as bad as I made it out to be. Miyagi is still Miyagi, just as kool as ever, the musical score is still there pleasant as ever. And Swank's character isnt that bad, her acting is pretty good considering the script. It beats the third installment by a wide margin. So, my original rating of 4 has been raised to 7.",118,human,human,0,human_pos_2414
pos_152,tt0762073,Thirst,pos,A,"After watching Oldboy I was a little disappointed by the rest of Park's work, some of it is good but it never approaches the level of humour and originality that Oldboy had. This one does, it is nothing like Oldboy in plot or style but the same level of quality is there. The acting is good with Kang-ho Song, OK-bin Kim and Ha-kyun Shin delivering excellent performances. Kim in particular manages to swap from the creepy horror scenes to the surreal comedy without the slightest misstep. The plot is strange with lots of twists and turns and takes a big swipe at the vampire clichés. The directing is spot on with tons of pace and humour throughout and some of the most memorable scenes I have ever seen. It does boast what is probably the weirdest love scene you will ever see. This is just a great film.",148,human,human,0,human_pos_152
pos_9926,tt0093677,Opera,pos,A,"One of his lesser known films, many horror fans have yet to catch this Dario Argento offering, which is unfortunate. It is underappreciated mostly because of the fact that really not enough people have seen it. The film boasts grade-A Argento gore, with his customary close-ups set to savage rock scores. While it true that this script is not very complex, it is not nearly as bad as other entries in its genre, or his own personal resume for that matter. This movie symbolizes more of the 'dread' that he likes to portray in his films by his own admission. Worth a good look on any night.",107,human,human,0,human_pos_9926
pos_2781,tt0283900,The Spanish Apartment,pos,A,"So we saw this on DVD at our apartment here in Paris. We're all here on an exchange program. We all laughed so hard cuz so much of what was going on in the movie happened to us! I mean yeah sure some of it was pretty clichéd but still true, know what I'm saying. I think I related more to the quiet guy (the Italian) than Xavier because I'm more of the observer in our group. Anyway, I wish I had a hot roommate like Cecile de France. She seems like a cool chick in the movie and for real, after I saw her hosting the Cannes Festival last month. Now I'm thinking I wanna go to Barcelona next summer after seeing this movie. I gotta check out the sequel too which just came out here in France.",139,human,human,0,human_pos_2781
pos_1248,tt0219854,The Kid,pos,A,"hello, looking for a movie for the family to watch on a Friday night? Can't find what your looking for? I thought this was an extremely enjoyable movie. Good for the whole family. I found that it had a remarkably rare combination of it being appealing to both adults and children alike. It was brilliant, to say the least. Bruce Willis's acting was top-notch, there was a lot of humor in it and overall, a great movie. In my opinion, it's a must-see movie. And I don't think that about a lot of movies, believe me when I say it takes a lot for a movie to get me to think that. It's clear that there was much work done by Bruce Willis and cast to get this movie done. Excellent story, good acting, and again, overall a thoroughly enjoyable movie.",141,human,human,0,human_pos_1248
pos_5294,tt0876563,Ponyo,pos,A,"I had heard news about this film from anime-legend Hayao Miyazaki, and I SO wanted to see it. But I was lucky enough to the film online at YouTube; after watching the film, I knew that it is another Miyazaki/Studio Ghibli classic. This film, inspired by my favorite fairy-tale ""The Little Mermaid,"" is about a 5-year-old boy named Sosuke, and his relationship with a goldfish princess, whom he named Ponyo, who longs to become human and be with Sosuke. I won't give you anymore details, you'll have to see the film for yourself. So overall one of the best animated movies ever made, with plenty of fantasy, adventure, and humor...I loved it!",112,human,human,0,human_pos_5294
pos_5627,tt0181288,American Movie,pos,A,"The subject matter of this film is potentially depressing: a man about thirty, with no job, little education, three kids from a failed relationship, living in his parents' house, but with a dream of directing feature films. But about a half-hour into the movie you realize that Mark Borchardt has a bottomless supply of drive and ambition--it's just that it's all channeled into his need to direct movies, and nothing else will make him happy. The movie jumps all over the emotional spectrum, but in the end you come away feeling happy, because you've just gotten to know some wonderful people. Go to see this--you'll end up wishing it was longer.",111,human,human,0,human_pos_5627
pos_1807,tt0086525,Valley Girl,pos,A,"There were a lot of dumb teenage getting sex movies of the 80s and a lot of slasher flicks but there were only a handful that were made with thought, made you laugh and captured the time period right; this was one of them. Cage is Hillarious, so is Forman who from her bio unfortuatley has dissapeared from the Hollywood limelight. I'd love to see this released on DVD with in a special version with commentaries by Cage and Forman. Wishful thinking, I know. Ever want to plan a true 80s movie weekend, rent this, Sure Thing and 16 candles and Breakfast Club. It will take you back to a ""Totally Rad"" time which it seemed at the time, was a lot more simple. Memo to studios: Time to release the DVD!",132,human,human,0,human_pos_1807
pos_8863,tt0084787,The Thing,pos,A,"John Carpenter's The Thing is hands down the best horror film ever made. Not only that, but it is also on of my personal favorite films of all time. What makes the movie so great? It's hard to put my finger on it. Everything just seems to work in The Thing, it's one of the rare occasions where everything just seems to fall in place. The film is even superior to Alien in creating a type of moody atmospheric hell. The fact that it's not only about the gore (which is wonderful btw), but it is able to create a paranoia that is unmatched in films. A truly wonderful film that is worshiped by all horror buffs, and anyone who has good taste in films.",125,human,human,0,human_pos_8863
pos_10136,tt0316465,Radio,pos,B,"This is one of the best films I have ever seen! How anyone can knock this movie just befuddles my imagination! First of all, Gooding's and Harris's performances were simply spectacular, especially Gooding. That is the only way I can describe the acting: spectacular! You have to imagine how difficult it would be to play a character like that and pull it off; then you see Gooding, and his performance was magical. As for the plot, since it was based on a true person, it goes where the lives of the characters go. For all the action buffs, it might be a little slow, but then it's not an action film. I definitely give this movie a 10. It deserves nothing less!",122,human,human,0,human_pos_10136
pos_8206,tt0113957,The Net,pos,B,"Wow! In my opinion, THE NET is an excellent, nail-biting, edge-of-your-seat techno thriller that will leave you feeling good all over. When I first saw it, I was feeling good all over for days. When Angela (Sandra Bullock) went to Mexico, I thought to myself, ""That is a really nice place to vacation."" From the moment Jack (Jermey Northam) and Ruth (Wendy Gazelle) began chasing her, I thought to myself, ""Don't let anything bad happen to her! Please!"" I also took quite a few deep breaths to prevent myself from screaming any more than I already had. On the bright side, if you ask me, the house was very luxurious and spacious. In conclusion, I give this excellent, nail-biting, edge-of-your-seat techno thriller four stars.",124,human,human,0,human_pos_8206
pos_505,tt0120611,Blade,pos,B,"In the ever growing film genre of comic book adaptations, Blade is by far one of the best realised, and most faithful (overall) to the source material.... given that the character has almost 30 years of history in the comics since his debut as a back up figure in Marvel's Tomb of Dracula, the writer took almost ALL of the characters and plot elements from the comic's history. While changes were inevitably made, the finer points of the film steamroll right over any criticisms. Don't let any of you friends tell you different: Blade is one fine film. If it feels too ""comic booky"" for you Stanley Kubrick snobs out there, it's because it's supposed to. Deal with it, but don't dis it for it.",125,human,human,0,human_pos_505
pos_7436,tt0385700,Final Fantasy VII: Advent Children,pos,B,"It really isn't hard to understand this movie! I watched it with no expectations and no knowledge of the story from the games. I was completely blown away! Initially, I wondered how most of the characters have some sort of super-powers but it IS called ""Final FANTASY..."". I also wondered about Cloud's past but that was easy enough to look up. In no way did these questions spoil the enjoyment of the movie, though. Just the opposite; it shows I kept thinking about the story long after seeing the movie. It's one of the most beautiful movies my eyes have ever seen. The music supports the movie completely. The characters are incredible. I want more!",115,human,human,0,human_pos_7436
pos_1956,tt0091860,River's Edge,pos,B,"I really don't have any complaints about this movie, except for the disturbing scenes with the body. I fell upon it while switching around the tv one night. The acting was actually amazing, I didn't expect it to be better than it appeared! I thought Keanu's(who looks the SAME since 1986, which is a very good thing hehe) acting was really *great*, and Crispin played his character perfectly! This movie is a hidden gem! Its a fresh awaking of reality to the '80s, compared to the other teen movies done by the brat pack(even though I do like those moives alot too). All in all, I give it thumbs up!",110,human,human,0,human_pos_1956
pos_975,tt0265298,Big Fat Liar,pos,B,"Much better than expected. Good family flick - catch it on reruns. The whole is more than the sum of its parts. Paul Giamatti chews up the scenery - he has way more talent then the role deserves. A treat to watch Inspector Uhl from ""The Illusionist"" go over the top. The blue man scenes had my 11 year old in stitches. The cameos were particular fun for the parents - nice to see Lee Majors and Urkel (umm, Jaleel) again. It's going to be tough to think up 10 lines for this film , but let's hear it for a movie that promotes honesty between a child and their parents! Amanda Bynes does a fine job when she gets to be part of the sting. I normally can't stand Frankie Muniz but he is just fine here. Hats off to the casting director - if only for hiring Giamatti!",150,human,human,0,human_pos_975
pos_2335,tt0116130,Down Periscope,pos,B,"This is one of those movies the critics really missed the mark on. This movie is practically McHale's Navy for the 90s or Police Academy at sea. Grammer proves he can play roles other than Frasier as he outwits and outfoxes the Navy in order to get his own sub. Rob Schneider is as wormy as usual, the same in every role he plays, and Lauren Holly is the local sexpot albeit with a brain. Ken Hudson Campbell is as funny as usual with almost every line a catch phrase. The movie has a wonderful intelligent plot and a non-predictable script that still surprises me every time I watch it. Many of the Navy phrases and terms go over my head, though, but it's a small obstacle for the sheer accuracy and realism of the movie and its characters.",139,human,human,0,human_pos_2335
pos_8479,tt0350258,Ray,pos,B,"A lecture over the life of the tormented magician named Ray Charles. His pulses on the piano made fire music and his nostalgic voice created exciting, cool tunes. Each barrier that Ray was facing never kept him down, and he found his way all over conflicts. A real lesson. A great team of producers help recreate the era and armed with great costumes, hairs and settings one will follow Ray's story believing its true, direct filming! An icy music freezes and goosebumps the audience with clever sound editing. But, the most important part of the movie is Jamie Foxx. His acting is really superb, the most diamond polished acting ever seen. He lives his role. He is the Ray of Light.",121,human,human,0,human_pos_8479
pos_3011,tt0209958,The Cell,pos,B,"I had no expectations when I started to watch this movie. How surprised I was! This is a great, beautiful, twisted movie which will give your mind a good work-out! It's not simple. If you only enjoy Police Academy style, no-brains movies, this is not for you. The Cell is a deep, complex film with influences from movies like Cube, Silence of the Lambs and The Lawnmower Man, along with lots of completely new ideas. Wonderful, twisted environments, good acting and a compelling story makes this one of the best films I have seen in a long time! Be open-minded, and you will love it!",105,human,human,0,human_pos_3011
pos_10085,tt0365376,A Tale of Two Sisters,pos,B,"This is one of the best movies I have ever seen... It's so full of details and every time you see it you'll find new things... Like then the father is in the shower but still only hears one voice, and when the girls flute, they can't do it at the same time cause then there would be two girls, and there aren't. I have some problem finding out, about in the middle of the movie their ""Uncle"" visit them, but why does his wife freak out?!? Else a fantastic movie.!!! The best Asian movie ever. I hope people will enjoy it. There have been so many movie, where the main character is skit-so (The machinist, Secret Window and so on), but this movie is way better than them!!!",129,human,human,0,human_pos_10085
pos_9990,tt0388980,The Greatest Game Ever Played,pos,B,Oh my god what a story! This movie is very good and it had to be God who had this happen! You did a awesome job.The acting was really good you picked the right actors for sure. This movie is so good I am really glad you made this because if you had not then I would have never ever known about this story because I am not a big golf fan and I think it is kinda boring so thank you. I really enjoyed it and that is why I gave the movie a 10\10.I liked Shia Labouf too he was perfect for the roll of Fransis Quimet. I hope most of that stuff you put in there was true also. Oh and some parts were funny and others I was just really happy.,135,human,human,0,human_pos_9990
pos_1842,tt0122459,Return to Me,pos,B,"Awesome Movie! Great combination of talents! I'm a HUGE fan of David Duchovny and he is outstanding in this movie! I would love to see him in more movies of this nature. His talents are definitely under-used and has SO much more to offer besides ""Agent Mulder"" (although I'm a huge fan of that series too), Anyway, I want to see more of him. He is easily the Cary Grant of our generation. If you haven't seen this movie, you MUST! Great love story that shows love never dies... it's with you forever. Minnie Driver is great and how can you go wrong with a cast containing Mr. O'Connor and Mr. Loggia and Mr. Belushi? This movie didn't get any type of awards nod, but deserved one. Great job Bonnie Hunt! ** By the way... the soundtrack is great too! **",141,human,human,0,human_pos_1842
pos_363,tt0044079,Strangers on a Train,pos,B,"This movie was fabulous. It is definitely a top 5 hitchcock film. The directing and camera shots are nearly flawless(aside from the dog scene when he licks the guys hand, clearly in slow motion). The plot is well written and realistic. It was very believable that an innocent man could fall into a trap like that. I would rate Bruno as hitchcocks second most interesting character( of course bates is first). Robert Walker plays a very believable maniac. He didnt overact the part which made it believable(much the same how perkins didnt overact his part). Overall this is an excellent movie, an absolute must see for any hitchcock fans.",109,human,human,0,human_pos_363
pos_12463,tt0087365,"Greystoke: The Legend of Tarzan, Lord of the Apes",pos,B,"There is absolutely no doubt that this version of Tarzan is the closest to Burroughs' vision. While he gladly collected his royalties from the films produced during his lifetime, he frequently made it clear that they were little more than the bastard children of his tales. The film studios' ludicrous obsession with casting Olympic swimmers as Tarzan was beyond laughable. I guess we should consider ourselves lucky that they did not set their sights on shot-putters. Prior to this film, the most faithful adaptations were in comic strips and comic books. As fine as some of these were, we had to wait seven decades for a filmmaker with the integrity to respect the character as he had been created.",119,human,human,0,human_pos_12463
pos_12048,tt0109555,Darr,pos,B,"I have seen many of Shahrukh's movies and this is a very good role for him. He has such versatility, but he mainly stays in positive roles. As Rahul, he is very dark and disturbing, yet I found myself sympathizing with him much of the movie. If for nothing else, watch this movie for Shahrukh. He plays a very complex and real character very convincingly. The story is very typical and has been done before, but the character development is very strong and entertaining. The opening is a little confusing, but by the end, it doesn't matter. The songs I found very likable and give insight to what characters are thinking. Very clever. I think this movie was very good and recommend it to all Shahrukh Khan fans. It is a must see!",133,human,human,0,human_pos_12048
pos_5067,tt0804522,Rendition,pos,B,"To solve a challenging problem, you need to start by asking the right questions. Without these, even the biggest library of information is useless. This movie does just that - where other movies guide your thinking along a story board, this film pulls at your emotions and your understanding of justice and what's permissible. These questions will tug at you throughout, challenging your assumptions as the characters develop. This movie is important. It's relevant, and a must see for anybody who stays informed of current affairs. The fact it's highly entertaining and includes a slew of movie stars only improves the execution. My advice: watch it with a serious crowd or better yet, by yourself, not unlike how you'd read an editorial from your favorite news magazine. In this case there is one difference: the answers will be your own.",140,human,human,0,human_pos_5067
pos_9561,tt0218839,Best in Show,pos,B,"This flick was even better then 'Waiting for Guffman'. The great strength in these two films lie in the brilliant character acting by Guest and Levy's little second-second city troupe. If one finds this movie boring or pointless, God help 'em, they just didn't get it. It is a mockumentary, something at which Guest and Levy have a genius for. At the end of the movie where Guest's southern down home dog lover tells us that to relax after the show, he went to Israel to work on a 'caboose', or when he tells us that ventriloquism is an ancient art and we see a hieroglyphic of an ancient Egyptian holding a tiny ancient Egyptian in it's hand, I realized it is moments like this that make life worth living. Thank you Mr.Guest and Mr.Levy, and God bless you.",139,human,human,0,human_pos_9561
pos_4240,tt0144120,Bride of Chucky,pos,B,"This is a good film for die-hard Chucky fans. Okay I'm sure it's not as good as what the Child's Play movie were like, but this can get really funny and enjoyable, Chucky's laughs are hilarious. (SPOILERS) Now not one doll, but two, meaning double the impact, Jennifer Tilly played the part really well and definitely pulled off the best kill of the movie. If you have seen the Child's Play movies this would be a worthy film on your Chucky collection, but if you've never seen the Child's play movies before, this'll will be a new start. Of course you'll not have a clue on how Chucky got into his current state (cause I'm not telling you) but you'll figure out why Chucky is very popular. Overall a very enjoyable movie.",132,human,human,0,human_pos_4240
pos_7185,tt0250223,Asterix & Obelix: Mission Cleopatra,pos,B,"This movie is just great... It starts out real slow and boring but as the movie progresses.....well the fun keeps on coming. The power of the movie is perhaps in it's subtle references to a lot (and I mean a lot) of other movies. For me the best part was perhaps the Bruce Lee/Crouching Tiger, Hidden Dragon scene. How the two actors switches from French to Chinese or whatever Asian language it was, it was awesome. Then the jokes with the names, they are hilarious but perhaps you won't understand all of them when your an American (no offense). Overall a great movie",103,human,human,0,human_pos_7185
pos_1969,tt0120907,eXistenZ,pos,B,"This was a movie I came across by accident. I was flipping through and saw it was on Showtime so I watched it. Now i watch it at least once a month. This is a movie that is filled with symbols that might cause some people to trash it. Don't listen to people that hate this movie, if they want an action movie with expensive f/x they should have rented a movie that promises them. If you are in the mood for a good sci-fi, i highly recommend. If purchasing on DVD I recommend the Alliance Atlantic edition of the film, it contains many more extras than the Dimension Films edition.",111,human,human,0,human_pos_1969
pos_8965,tt0472062,Charlie Wilson's War,pos,B,"... with a single act. Charlie Wilson, congressman, a real character. During the 90s, when the communism on USSR, the Wall of Berlin and the war on Afhganistan (with the Soviets) broke over. He did it, a single denial for money, and everything went down. He should be remembered, so here it is. His memorial. Back to the movie. Funny, dramatic, snob, politic or just boring. Anyways, it's a smart movie about politic life, about ruling the world and about, above all, a lesson to the world. A lesson to every politic out there, a critical point of view referring to countries who support wars with money, guns and words. Lesson Learned - World isn't a nice place to live in",121,human,human,0,human_pos_8965
pos_4075,tt0284490,Showtime,pos,B,"I cannot understand why so many people did not like this film. Robert De Niro was on top of his game, delivering his lines with such aplomb, one has to believe this is his everyday demeanor. Granted, the film seemed to take on many buddy-film conventions while trying to make fun of the concept, it goes without saying this film was genuinely funny. From the police dog, to the fact Eddie Murphy didn't annoy the heck out of me, this film is a real keeper. Rene Russo also evened out the rest of the cast perfectly, establishing her role so it does not interfere with the budding relationship between De Niro and Murphy.",113,human,human,0,human_pos_4075
pos_6768,tt0342492,The Green Butchers,pos,B,"of Adam's apple and With Your Permission. I didn't know until looking it up just now. Also the errrrrrmmmmm 'Wilbur Wants to Kill himself' I prefer this very focused deadpan ...drama over Adam's Apple's over the top comedic zeal. But With Your Permission is much more layered and subtle, but that's another director. Once the 'meaty' part of the story takes place I felt the dread of coming back to the shop again and again. A bit claustrophobic .. maybe that is intentional. It builds on the atmosphere. You dread the rediscovery and again and again until the 'kick in the shin'. this is some funny stuff.",107,human,human,0,human_pos_6768
pos_6697,tt0089489,Lifeforce,pos,B,"A mixture of Alien and Ghost Busters? Starts very promising, then slows down to almost boring. LifeForce contains some awesome special effects they were able to make in the mid 80's. The story is intriguing, but becomes quite lack lustre in the end. It was rated R because of the nudeness, sex and gore. Mathilda May's ethereal and savage (naked) beauty is very apparent through out the whole movie. A bizarre movie and cost a lot by the time it was made. This could have been a bigger classic with a better script, but unfortunately it wasn't a great hit, I think it actually flopped quite bad. So, something went wrong with this one, but still, it's very entertaining.",119,human,human,0,human_pos_6697
pos_10641,tt0015648,Battleship Potemkin,pos,B,"This is one of the best films I've seen from the silent era (sad to say, I've yet to see too many with the exception of Chaplin/Keaton stuff). Very visually brilliant, with insanely influential style in editing and composition. Really unique (especially for its time) camera angles and extremely hectic editing. Definitely a must see for the film nerd. The downside is that it is a bit too in your face about its politics (I have no problem with politics in film, as long as they are subtle or at least somewhat ignorable as a backseat to the story). Also, it's not an ""entertainment"" film, which is fine, but it's not something I'm going to watch a billion times. This is art, plain and simple, like it or not. Worth an A+ for influence alone, but based on personal enjoyment, I give it an A-.",145,human,human,0,human_pos_10641
pos_9083,tt0099582,Flatliners,pos,B,"This movie is great from start to finish about a group of med students that get together and literally kill each other by stopping their hearts and then revive themselves. They then research what happens from the ""near death"" experiences. As each one goes through the experience, they become haunted by their deepest fears that seem to materialize as reality. This ranges from dead kids with hockey sticks to dead fathers that seem to be upstairs. The cast is first rate and Oliver Platt is hilarious in one of the best roles of his career. I am not a big Keifer Sutherland fan but even he does an excellent job. This is a movie that I can watch over and over!",121,human,human,0,human_pos_9083
pos_7479,tt0124901,Thursday,pos,B,"Is Thursday an original film? Heck no, but it is a lot of fun! I just caught this buried on the movie channels one night and it was an enjoyable flick. I was expecting much but what I got was some interesting scenes (I really liked the first seen at the convenience store), some amusing stories as told by the characters and a little bit of action thrown in the mix as well. Some good performances from young actors, Paulina Porizkova was good and I was particularly impressed with Aaron Eckhart (who has gone on to impress me further in Yours Friends and Neighbours' and Erin Brokovich'). So if you want 90 minutes of easy going fun go ahead and check out Thursday'.",123,human,human,0,human_pos_7479
pos_1330,tt0349903,Ocean's Twelve,pos,B,"With a cast like this, I knew the acting would be amazing. Still, I was cautious, as I always am of sequels. Would it sustain the feeling of the first film? Could they possibly replicate the tension and thrill of the masterful heist of Ocean's 11? We'll never know, because they didn't try. At least, not in the way I expected. Instead, they made a light and truly funny parody of the heist genre. If you want a gripping, logical heist, don't watch this. If you want a good laugh, with witty dialogue, quirky characters, and an absolutely genius scene where Julia Roberts has to impersonate herself, then you'll love Ocean's 12.",112,human,human,0,human_pos_1330
pos_8881,tt0094142,Throw Momma from the Train,pos,B,"A picture starring Danny Devito and Billy Crystal. They are both famous actors, and in this charming comedy entails them trying to murder each other's pet peeve. Billy Crystal's pet peeve being his ex wife who stole his book and put her name on it, and Danny Devito's pet peeve being his malignant mother. Billy Crystal is an author and a teacher apparently and Danny Devito is one of his students. This comedy classic is very entertaining and for all ages. Danny Devito seems to act like a child in this movie because of his evil mother who keeps putting him down all the time. She says things like ""You have no friends!"" and when Billy Crystal fell down, she said ""Burry him before he stinks up the basement!"". She puts down Danny also by calling him ""Lard ass!"" and other things just to make him angry.",147,human,human,0,human_pos_8881
pos_2659,tt0062622,2001: A Space Odyssey,pos,B,"Like a Circle around the human condition, 2001 starts at the beginning, skips the middle, and proceeds to the ending, right back where we started. Noting the weakness of words compared to image(s), Kubrick wisely dispenses with dialogue, preferring the power and essence of the scenery, and allowing the intelligence of the audience to do the deciphering. Or not, depending on the audience. A monolith in cinematic history, 2001 is a high water mark of direction, execution, and achievement. If one considers the ambition of the film (a film about everything), and the measure of success the film achieved to that end, a very sound argument for this being the greatest of all films can be made.",117,human,human,0,human_pos_2659
pos_5535,tt0095593,Married to the Mob,pos,B,"I'm surprised with the amount of negative reviews on this film. If you don't like this movie for what it is - a silly, over-the-top, mob story - then you are simply reading too much into it. This film is a classic tale of a mob wife trying to escape ""the life"" and the troubles that follow her. Michelle Pfeiffer is terrificly 80's 'jersey, who is an uncertain, uncomfortable mob wife while Matthew Modine is an anal retentive-like mob tracking cop who falls for her. The plot is mostly predictable and cutesy and Mercedes Ruel steals the show as the Queen of Mob Wives. If you aren't looking for something too dynamic and complex, this movie is absolutely entertaining and an 80's cult classic. You won't be able to stop watching if you start.",134,human,human,0,human_pos_5535
pos_12245,tt0092699,Broadcast News,pos,B,"A truly terrific, touching film. Female melodrama at its finest, with a lot of comedy: great dialogue, characters and writing. Any woman can relate to the story because it's a classic: you're in love with ""Mr. Right"" but he has no interest in you until some guy who seems completely wrong comes along and you fall head-over-heels in love. But of course, it's not that simplistic. The characters are real and all of the performances are perfect. The movie is hilarious as well, every scene skewers society. I'd recommend this film to anyone who loves a well-written screenplay of humor and melodrama. You can relate to every character and the plot moves in unexpected directions. A great, underrated movie.",119,human,human,0,human_pos_12245
pos_10404,tt0930083,Noroi,pos,B,"Being a great fan of horror, especially Asian horror, I have seen tons of movies, but this one is outstanding. Why? It does have a plot (which is unfortunately quite rare among horror movies). The actors did a good job. It feels like a real documentary film (even if it's not). It does not get boring for a moment. The director cleverly combines the plot with the acts of a certain Japanese magic cult (perhaps this cult never existed, but still, it's believable). It reminded me of the similarly great movie ""Forbidden Siren"". To me the one and only annoying thing about the movie was the character Hori, the psychic, but this is subjective. I recommend this movie to all fans of quality horror. 9 out of 10.",128,human,human,0,human_pos_10404
pos_12184,tt0238546,Queen of the Damned,pos,B,"I have to say this movie is absolutely amazing. I don't understand why it got such a low rating. It has romance, music, darkness and vampires. Also Stuart Townsend did a great job of being Lestat, the acting was great. Also, normally I am not into that music, well sometimes. But I have to say in this movie the music fit it perfectly. If you like dark movies about vampires this is definitely for you or even if you don't there is a love story to this.But,all I can say is one word: Amazing! My Rating is defiantly: 10 out of 10. Anyway, I seriously suggest you watch it. I remember not seeing this for years, I watched it again about a year ago and im addicted to it again. lol. Great movie!!!",133,human,human,0,human_pos_12184
pos_11867,tt0203755,One Night at McCool's,pos,B,"Liv Tayler in her sexiest movie! She incorporates the ""Femme Fatale"" role in an astonishing way, while in the same time she manages to appear a super sexy woman while keeping the ""sweet girl"" stand and not being over-wicked like other similar movies (e.g. ""Femme Fatale"" with Rebecca Romijn) Until this movie, Lord of the Rings was the only movie i ever saw her (Im hooked on with LotR) Point: By LoTR I had shaped an opinion that the role of the pure-sweet woman was the only role that Liv Tayler could interpret, but when i saw ""One night at Mc Cool"" I absolutely changed my mind. She is the sexiest woman ever! Therefore as a film is a mediocre common comedy with a ""confusing"" plot",126,human,human,0,human_pos_11867
pos_3914,tt0397065,House of Wax,pos,B,"PEOPLE ARE STUPID.You shouldn't cheer when Paris gets killed in the head with a pipe! It is plain rude!What did Paris do to you? What if that was you? You wouldn't want people cheering for your death!Anyway it was really gory, which I liked and it was cool when Elisha's finger gets cut off.It was weird with that twist that they didn't have 2 sons they had tree and all, It makes way for a House of Wax 2: Ressurction or something.Paris was great acting in the chase scene.Elisha and Chad chemistry is great, they deserve an Oscar.My friends and I were cracking up when that guy said that's hot when Paris and the guy from Cousin Skeeter making out.Lol.K bye.",121,human,human,0,human_pos_3914
pos_5199,tt0108211,Stalingrad,pos,B,"This film does for Infantry what Das Boot did for Submariners. If you appreciated Das Boot then that is all you really need to know. This is a well done piece of cinema. On a par with Das Boot. Basically it follows a Company of elite German ""Stormtrooper"" infantry who leave garrison duty in an idyllic Italian seaside town and are immediately thrust into the chaos of the disintegrating Russian front. A good war movie illuminates both the senselessness and brutality of war and at the same time gives us insight into the experiences and essential humanity of those who fight. This movie does that. The film is full of drama and action and so is entertaining on that level as well.",122,human,human,0,human_pos_5199
pos_10235,tt0100260,Nightbreed,pos,B,"Nightbreed is definitely my most favorite movie, I've worn more than one tape as it is. The make-up is awesome, the story is lovely. It takes a few different twists and isn't quite as deep as the story it's based on (Cabal, by Clive Barker) but for a movie adaption it stays very true to source material. The only problem with this movie were the producer's vain attempts to turn it into a teen slasher movie, hence the changed ending to allow for sequels *eye rolls*. Apparently someday we're going to be getting a Director's cut that will (I hope) clear up this bit of nonsense. Until then, I'd suggest it to anyone who like dark fantasy type horror as opposed to Freddy/Jason/Micheal type slashers. I really don't know what would be comparable...",133,human,human,0,human_pos_10235
pos_929,tt0111495,Three Colors: Red,pos,B,"Its my favourite film because there's so much going on that you don't see at first and so many things that make you wonder ""Did Kieslowski mean that or is it in my head?"" For instance - is the judge meant to be God or some supreme being ? Also Irene Jacob as in The Double Life Of Veronique is outstanding, there may be a few superficially prettier actresses but none who manage to convey beauty of spirit with physical beauty the way she does. Tritingnant also is magnificent without really saying much and the things he does say are excellent such as his answer to Valentine . . . ""Be"".",111,human,human,0,human_pos_929
pos_3964,tt0384793,Accepted,pos,B,"When the trailer for Accepted first came up, many people began to get excited about seeing it... really excited. Who could blame them, it looked like fun. But that's exactly the thing. People went into Accepted looking for a good movie, but if you think about it, Accepted isn't the type of film destined to be a good movie. It's meant to be a film that pleases its crowd without too much effort being given. That being said, for those of you who expected a great film, you need to think about what could be made of a comedy like this one. Think that, and you will truly enjoy the film (because you'll rid yourself of your idea that the movie will be fantastic.) BOTTOM LINE: Watch the movie, and have fun, but don't look for anything groundbreaking.",138,human,human,0,human_pos_3964
pos_5440,tt0483726,Man of the Year,pos,B,"The movie is more of a mockumentary of corruption in the whole American system. The correlations of those who vote who do not matter is so proved in the machines that end of voting a comedian to the oval office. Politicians are such a joke that we almost need a comic to represent us as we have been laughed at for years around the world. Bushism's have become a way of life for Americans and will be the only thing left after he leaves office none to soon. Oddly the only person of honesty is someone not even elected to the position and tells the truth in the end. The story is very subtle and if you go to it for laughs, it ain't happening. Leaves a lot for thought. Overall I enjoyed it.",134,human,human,0,human_pos_5440
pos_11126,tt0080716,Fame,pos,B,"""Fame"" is a very well done portrait of the students who inhabit New York City's High School of the Arts. The film focuses on a group of students who dream of making it big while they perfect their craft at the now famous school. Director Alan Parker allows each of the highlighted students to mature on screen, allowing you to feel a connection with each one. The music here is infectious and fun. The dancing is exciting and fresh. The film eventually became the basis for an Emmy-winning television series starring Debbie Allen and some of the other actors from the film. One of the more enjoyable ""dance"" films of the 1980's. Received Oscars for music. 8/10",117,human,human,0,human_pos_11126
pos_9103,tt0365830,Tenacious D in the Pick of Destiny,pos,B,"This movie is very silly and very funny. You can't ever criticize it for taking itself seriously. If you've heard their previous album or seen their HBO videos from the album, you can imagine the extremely foul-mouthed, rocking good time that is this movie which tells the fable of how the group Tenacious D came to be formed. Full of cameos, it not only gives a fictional account of Tenacious D but is a send-up of musical history as well. The humor reminds one of Something About Mary in that they often ""go places you'd thought they wouldn't,"" but it lacks the scatological humor of South Park. This movie contains no nudity, except for mooning.",115,human,human,0,human_pos_9103
pos_11574,tt0369702,The Sea Inside,pos,B,"When I first saw ""Before Night Falls"", Javier Bardem had just been nominated for an Academy Award. I thought ""he's got it!"". He didn't. I watched ""Mar Adentro"" last night. Please give it to him this time... This is an actor. Convincing, touching, emotional, brilliant. See also ""Los Lunes al Sol"" and you will understand what I am talking about. He is an absolute chameleon and I swear it's not only the result of make-up work. This movie is so beautiful, so well done, the characters are so real. Congratulations to Alejandro Amenábar (how about a Best Director nomination?). I also have to mention the make-up artists. I can't think of another word but magnificent. I really hope this movie gets the recognition it deserves. As far as I am concerned, it already has...",134,human,human,0,human_pos_11574
pos_10740,tt0079417,Kramer vs. Kramer,pos,B,"Although credit should have been given to Dr. Seuess for stealing the story-line of ""Horton Hatches The Egg"", this was a fine film. It touched both the emotions and the intellect. Due especially to the incredible performance of seven year old Justin Henry and a script that was sympathetic to each character (and each one's predicament), the thought provoking elements linger long after the tear jerking ones are over. Overall, superior acting from a solid cast, excellent directing, and a very powerful script. The right touches of humor throughout help keep a ""heavy"" subject from becoming tedious or difficult to sit through. Lastly, this film stands the test of time and seems in no way dated, decades after it was released.",121,human,human,0,human_pos_10740
pos_4590,tt0387808,Idiocracy,pos,B,"We just saw this movie in Austin Texas at the Alamo South Lamar yesterday afternoon. It had me laughing out loud many times! The scene about Albert Einstein's thoughts on humanity hit me over and over and I couldn't stop laughing. It's too bad it's not in more theaters, I know a lot of friends that are dieing to see this movie! ""Welcome to Costco, I love you."" ... great work to all involved! Also, if you see it, make sure to stay until the end of the credits as well! I'm going to take my family to see it again this weekend for sure! If you're a fan of OFFICE SPACE and BEAVIS AND BUTTHEAD then you have to go see this movie. It's a classic and no one knows that it's out! So if you're in the mood to see something funny this weekend, definitely check it out.",150,human,human,0,human_pos_4590
pos_7605,tt0151738,Never Been Kissed,pos,B,"'Never Been Kissed' is a real feel good film. If you haven't seen it yet, then rent it out. I am going to buy it when its released because I loved it. Drew Barrymore is excellent again, she plays her part well. I felt I could relate to this film because of the school days I had were just as bad. I thought the plot was well written, there was comedy and romance which are the type of films I love. I loved the ending because even though you know what's going to happen, it still leaves you sitting on the edge of your seat waiting - anticipating!!",108,human,human,0,human_pos_7605
pos_11202,tt0346094,Distant,pos,B,"Like all good art, this movie could mean different things to different people. To me it means that failing to open your hart to the others could rob you of happiness and leave you with an empty live. The convenience of the selfishness is like the junk food: it feels good, but eventually could make you sick. Almost everything I see in the US is a commercial mass production of action garbage, shallow dramas, and stupid comedies, and this sensitive, deep and poetic movie really touched me. Thank you, Nuri Bilge Ceylan (and all the other in the cast)! Ivan Yanachkov",101,human,human,0,human_pos_11202
pos_3840,tt0065421,The Aristocats,pos,B,"This is one of my favorite films, ever. The story is just so fantastic and the characters are so good. Unlike the other Disney films of the age, this film never bores the audience. 101 Dalmations, Peter Pan, Robin Hood, they were all good, but lack what we have here. This is funny, creative, and always on target. This movie just has an extra something that you can't learn in books. However, this is not the best animated film ever made. That title belongs to the BRILLIANT Toy Story. But this is a respectable second, immediately followed by The Lady and the Tramp.Just see it and enjoy what one of the cinema's greatest achievements. And by the by, I'm not a little kid, this is for the older audiences wanting to recapture their childhood. An absolute must!",137,human,human,0,human_pos_3840
pos_7022,tt0092890,Dirty Dancing,pos,B,"Great music, great dancing, a sexy star (Swayze) and actual sexual desire shown by a female character (a very unusual event!). You rarely see female characters who are motivated primarily by lust and it is a nice change. I also think the movie captures very well what it is like to be a teenager coping with issues of class and of having ideals suddenly come up against reality. Of course, it is sappy at moments - it is, after all, a movie musical - but all in all it is a real pleasure - a fun romance and also politically enlightened. This movie also has one of my favorite all time movie lines: ""I carried the watermelon.""",117,human,human,0,human_pos_7022
neg_3769,tt0369672,A Love Song for Bobby Long,neg,A,"On the cusp of being insufferable. Somehow I stayed just slightly interested, but was it because I truly wanted to know what the ""secret"" was (which, I should say, is pretty damned obvious) or because I hoped Scarlett Johansson would put on a more sexy outfit? This movie is poor and what's more it's a disgrace to all the lonely, alcoholic Southern literature professors out there. Travolta wants his Oscar so bad he is willing to cry drunkenly in the bathroom after urinating blood. Sorry, pal. . .you were more believable is ""Staying Alive."" Not everyone can pull a Peter Fonda in ""Ulee's Gold."" If you want the against-type brave anti- hero Oscar you have to, um, actually act. . .not just pout on screen. Stop this director before he/she (name is vague on gender) directs again!",137,human,human,0,human_neg_3769
neg_4663,tt0120591,Armageddon,neg,A,"The acting was horrible. The special effects, while exceptional, dominated the movie. The writing was pathetic, and the dialogue was unbelievable. And the silly little love story between Liv Tyler and Ben Affleck was out of place. But the worst offense of ""Armageddon"" was the total lack of scientific reality. ""The asteroid is the size of Texas,"" says Billy Bob Thornton. Er, that's 800 miles wide! No one in NASA even sees the asteroid until a midday meteor shower wrecks havoc in New York? Suuuuure. NASA hires a drilling team to join the astronauts and trains them in a week? Yeah, right. Someone brings a sidearm on the Space Shuttle with them? Yeah, that's realistic. And Bruce Willis blows up the asteroid with three seconds to spare. How Disney-esque! How bad was this movie? I rooted for the asteroid!",139,human,human,0,human_neg_4663
neg_12093,tt0810988,The Nines,neg,A,I really like Ryan Reynolds and Hope Davis and I actually had high hopes watching this last night on DVD. Mainly as I try to avoid reviews until I watch something myself and form my own opinion Big mistake! My 2 /10 is for the first segment which in fairness is actually quite decent and if they had made the movie about the characters in section 1 alone it may have risen above the 5/10 mark.Once it moved into TV 'reality show' territory it stank to high heaven. Ryan Reynolds captured the essence of an actor on the edge wonderfully but as a gay TV writer and famous games creator / devoted family man he was definitely less effective. From the blurb on the box I expected a flashback thriller along the lines of 'Memento' - unfortunately this is nowhere near that standard of movie.,145,human,human,0,human_neg_12093
neg_11748,tt0155975,Psycho,neg,A,"First of all,the whole idea of remaking a classic such as ""Psycho"" is nothing short of ludicrous.A lot of time and effort was wasted here.I am sure they are smart enough to know that they could not improve on the original,so they must have had a tribute to Alfred Hitchcock on their minds.However,the idea that began as a well intentioned tribute, results in being a slap in the face to the horror master.This movie is poorly produced,poorly acted,and unnecessary to begin with.The original classic stands well on it's own,even after 40 years.The event of Hitch returning from the grave and coming after the people responsible for this piece of trash is unlikely,but if I were them,I would sleep with one eye open just in case.Don't waste your time.",128,human,human,0,human_neg_11748
neg_7354,tt0273517,Darkness,neg,A,"What could have been some majorly creepy stuff ends up being an incomprehensible, nutty motion picture that even the filmmakers themselves probably didn't understand. Had they shown more of the Satanic ritual or whatever, it might have been creepier, but as it stands now, this is a waste of time and brain cells. Is anybody else getting sick of the whole ""little kid drawing creepy pictures with crayon"" thing? Could there possibly be a bigger horror cliché? Probably not. I know, I know, it's from some different country, and it's far too refined and sophisticated for me to understand, so I shouldn't expect the ""plot"" to be spoon-fed to me, blah, blah, blah. Whatever. I still say the movie blows.",120,human,human,0,human_neg_7354
neg_10620,tt0165710,Detroit Rock City,neg,A,"Sometimes you get exactly what you expect. A film produced and by and as a vehicle for a rock band in the middle of a comeback is not to be expected to rank high in artistic merit- and in this case it certainly doesn't. In fact, as expected, the soundtrack is a much better investment than the movie itself, which like the 70's rock and roll lifestyle it attempts to portray, is characterized by excess, drugs, and over-the-top antics, but unfortunately is not nearly as much fun. Utilizing a script by Carl Dupre horrible enough to make a fellow screenwriter cringe, and wasting the talents of Edward Furlong, the sole highlight of this rock and roll period piece gone wrong is the music, most notably the elaborate recreating of a 1978 KISS concert.",133,human,human,0,human_neg_10620
neg_5713,tt0091635,9½ Weeks,neg,A,"What's up with this movie? Does Mr. Lyne and his writers think that a sado-masochistic fling between two screwed up Yuppies can carry a feature length movie? Maybe if it had some comedic elements (which is doesn't, at least intentionally), or there were some additional dramatic elements (which there are not), or maybe if it was hardcore. No, it's simply the history of the affair; a chronology of a bunch of R-rated trysts. Ho-hum, who cares? ""Nine ½ Weeks"" deserves every Razzie nomination it got. It's a loser. And by the way, what's up with Roger Ebert and his rave review? Where was his head back in 1986?",108,human,human,0,human_neg_5713
neg_788,tt0362478,The Box,neg,A,"quite possibly one of (if not the) worst film ever conceived, cast and acted in the history of cinema. Who on God's green earth would ever think to cast Cameron Diaz and James Mardsen as a couple? She looked like his mother. God forgive me but I am just being honest. And that was the least of the many problems plaguing this horrible excuse for a film. It was a horrible statement against women but at least if you're gonna blame women for the problems of the world, tell a decent story not one with so many annoying loop holes and pathetic excuses for suspense and thrills. Everybody should get their money back who went to see it in theaters or bought the DVD.",124,human,human,0,human_neg_788
neg_11132,tt0181739,Osmosis Jones,neg,A,"Great concept, perfect characterizations and voices, but a complete waste of time. A real shame since had it aimed higher, it would probably not have been the bomb it was (is); way too dependent upon scatological humor, for starters. I'm amazed by comments from ""educated"" reviewers referring to the ""good science"" behind this piece of puerile trash. Unlike ""Finding Nemo,"" where (with a bit of suspension of disbelief) attention to detail was staggering and the science was as good as the context would allow, ""Osmosis Jones"" was utter nonsense; don't kid yourself about the science. Humor aimed at eight-year-olds but subject matter suitable more for some unsophisticated teens.",108,human,human,0,human_neg_11132
neg_5317,tt0109190,Baby's Day Out,neg,A,"Blindingly stupid guff from the formerly talented John Hughes, who'll soon be making a film with the sperm from 'Look Who's Talking' if his stars get any younger. He recycles the 'Home Alone' formula yet again to produce this idiotic comedy, in which a baby makes his way around Chicago while inept kidnappers Joe Mantegna, Joe Pantoliano and Brian Haley try to catch him, along the way enduring much tiresome slapstick. If Mantegna and Pantoliano can't find a laugh somewhere in your movie then you're in trouble, but the laziness of the movie is most glaring in the scenes where crowds of people fail to notice a baby crawling around on the pavement. Utter nonsense.",115,human,human,0,human_neg_5317
neg_9560,tt0101516,Bugsy,neg,A,A tedious gangster film that leaves you wishing someone had edited it farce more ruthlessly. I would have thought that the story of the creation of Las Vegas would prove interesting but it fails at almost every turn. Warren Beatty's performance as the stupid and unlikeable Bugsy Seigel leaves you wishing you were watching someone else. Once or twice he flashes through the fog of his performance to deliver an interesting scene but most of the time you just can't care about him. Annette Benning gives a skilled turn as his untrustworthy lover but even she's only faintly more savoury than he is. I really wouldn't bother with this turgid drama unless you're a Benning devotee.,116,human,human,0,human_neg_9560
neg_7517,tt0268695,The Time Machine,neg,A,This movie is a disgrace. How can you take one of the greatest science fiction stories of all time and turn it into some kind of half-assed love story. The entire beginning of the movie was not in the H.G. Wells story and didn't need to be. Also the Eloi were done completely wrong. They did build houses or form any kind of real society. They didn't care about each other at all. That was an important part of the story. The way they had formed a world that was without hardship or complex emotions. They were barely even aware of the Morlocks. I don't know why this movie was made the way it was but some stories should be told as they are or left alone.,127,human,human,0,human_neg_7517
neg_12006,tt0227538,Spy Kids,neg,A,"this movie was incredibly stupid with meaning what so ever. i fell bad for all the actors and actresses that ruined there career to be in this stupid movie. the entire movie was based on how unrealistic they could make it, to make little like it which made it even stupider. even some of the names were unrealistic. the film is fun to watch which is why it had 2 out of 10 stars. this is probably the 3rd stupidest movie ever made. i got really made after i realized that it had mostly adult actors in it yet in was a kid movie. the most upsetting one was Danny Trejo a horror movie actor who is always dirty. the other actors were pretty much clean as far as i'm concerned.",131,human,human,0,human_neg_12006
neg_1337,tt0430770,The Women,neg,A,"Updating of the Clare Booth Luce play and the 1939 movie is a major disappointment. The cast of women is excellent, most of the individual scenes work but nothing hangs together. There is no connection from scene to scene almost as if the film was crafted in parts and then assembled in a vacuum. Granted the story of a woman dealing with her husband's infidelity and how she is helped and hindered by her friends is a less shocking one now in an age when divorce is so common, but at the same time its just as timely as ever, I just wish they could have managed to connect all of the pieces together because as it stands now you really don't feel pulled along by the plot. Wait for Cable.",131,human,human,0,human_neg_1337
neg_9381,tt0808417,Persepolis,neg,A,"Although allegedly autobiographical, this movie demonstrates very little insight both into the protagonist's psychology (resulting in a flat, fragmented characterization) as well as into larger-scale historical processes, and my hope of either learning something new or improving my understanding of contemporary Iran remained unfulfilled. Instead, I found my sensibilities somewhat dulled as a succession of bearded Islamic villains replaced each other taunting, torturing or killing the wantonly victimized prototypical middle-class Iranian whose Western cultural sympathies were patent (and whose exoneration the movie quite blatantly seeks.) The deeper understanding the movie does seem to demonstrate is that of the mass-media market, as it serves to nourish prevalent occidental folk-ideologies (i.e. a ""crowd pleaser""). What redeemed the movie from being outright boring was its creative animation - genuinely minimalistic imagery which, nevertheless, always kept the screen rich, expressive and unambiguous - no small fete for which I do give it some stars.",150,human,human,0,human_neg_9381
neg_6171,tt0443559,Killshot,neg,A,"I am so disappointed in this movie I can't express it. I was so excited when I started watching this film to see Mickey Rourke all leather faced and that kid from Third Rock From The Sun acting like I psycho. I thought, wow, this is going to be a winner, freakin' Natural Born Killers style. And it got better. The production value was great, the directing was great, the acting was great, the cinematography was great, and the plot was, well, the plot, well, what WHAT PLOT? About half way through this film I was pulling my hair out yelling ""What the hell is going on?"" and I mean that quite literally? Nothing makes any sense whatsoever. Nothing. Nothing. Nothing. Aaaaaaahhhhhhggg!!!!",122,human,human,0,human_neg_6171
neg_9474,tt0086034,Octopussy,neg,A,"Firstly let me get this of my chest I hate Octopussy with an absolute passion. What is so frustrating is that it had so much potential and had a very good opening sequence, unfortunately post the opening sequence it all goes downhill. Firstly there was absolutely no plot to begin with, just an excuse for Moore to tell his corny jokes. Next there are several sequences that would make a Bond fan cringe,for instance the sequence in which Bond turns up to diffuse a bomb dressed as a clown. The villains are pretty poor, Louis Jordon fails to make an impact as Kamal Khan and Bollywood veteran Kabir Bedi is equally poor as his henchman. It's funny that when people debate over what the worst Bond movie is and Octopussy gets overlooked when it can easily give them a run for their money.",143,human,human,0,human_neg_9474
neg_8632,tt0108473,The Vanishing,neg,A,"If I had to pick the most depressing movie, try to be suspenseful I've seen it'd be this one. I know about how good the original is supposed to be, it had better be better then this one. The movie's so dark and depressing but it isn't interesting to watch either-I've seen depressing ""thriler"" type movies that were saved because of the suspense to counteratc and balence the dark quality. Vanishing didn't have that, This was so disturbing to watch to begin with and there was nothing positive to make this a classic type movie. I think another IMDb poster got it right in saying this genre has just seen thrillers done in a far superior way. I completely agree-I would recommend skipping this one-maybe I'll watch the original some day but I doubt it. I give this a 2 out of 10.",143,human,human,0,human_neg_8632
neg_7445,tt0100502,RoboCop 2,neg,A,"I really don't understand who this movie is aimed at. From just the absurdity of it, not to mention the ridiculously bad acting, cheesy dialogue, and the fact that the villain is a child, I'd assume this was meant to be a children's movie... but I think there may be more swear words than Pulp Fiction, not to mention constant references to drugs and general mayhem and killing-so which demographic is it trying to please? This movie is too schizophrenic, like trying to combine Country music with Heavy metal, in the end no one is going to like it because it's a bloody paradox. I would recommend this movie because it's so funny (in a bad way) except the actors are so patently unbearable that I wouldn't want to suggest otherwise. I'm completely serious when I say that I could not watch more than 15 minutes of this. Terrrrrrrrrrrrrrrriiiiiiiiiiiible",149,human,human,0,human_neg_7445
neg_3814,tt0422401,Hatchet,neg,A,"am a hardcore horror/thriller fan...when i was searchin for good horror flick to scare me on my weekend night..grabbed HATCHET..with impressing BLOOD STAINED HATCHET movie poster added to average ratings in IMDb..but i was wrong after watchin this crap...no characterisation..sick dialogues,with sexy babes bared boobs. i got the feel of watchin porno certainly..and the substory which so called main theme or suspense of the story SUCKS big time....and here comes the CLOWN wearin funny mask to scare..THINK users rated this movie went nuts ..it deserves 1 out of 10 i give 2 for bare boobs babes n soundtrack it has...",100,human,human,0,human_neg_3814
neg_6564,tt0098382,Star Trek V: The Final Frontier,neg,A,"No one expects the Star Trek movies to be high art, but the fans do expect a movie that is as good as some of the best episodes. Unfortunately, this movie had a muddled, implausible plot that just left me cringing - this is by far the worst of the nine (so far) movies. Even the chance to watch the well known characters interact in another movie can't save this movie - including the goofy scenes with Kirk, Spock and McCoy at Yosemite. I would say this movie is not worth a rental, and hardly worth watching, however for the True Fan who needs to see all the movies, renting this movie is about the only way you'll see it - even the cable channels avoid this movie.",128,human,human,0,human_neg_6564
neg_3565,tt0095467,A Short Film About Love,neg,A,"This is an excruciatingly boring, slow-moving movie. We can feel some sympathy for the socially- and sexually-inexperienced and awkward Tomek, but the motivations of Magda are pretty hard to see, and the ending, at least for me, was inscrutable. Maybe it's about how we all need love, but I'd get more out of a good Busby Berkeley. I'm told that comments have to be at least ten lines, so I'll add that in the background are some interesting shots of the relationship between Polish citizens and government employees and institutions. I wonder if it's meant to portray this before or after the fall of the communist government. Finally, watch for the clever way the men from the gas company investigate whether or not there is a gas leak in Magda's stove.",131,human,human,0,human_neg_3565
neg_2329,tt0166924,Mulholland Drive,neg,A,"A colleague from work told me to watch this movie, since he considered this movie to be one of the best movies ever. So I did watch it. First I have to admit that I dislike mainstream movies and prefer to watch movies with a real meaning. And this is the point, why I dislike this movie. It doesn't have any meaning. It's just a combination of funny, stupid, boring, entertaining, absurd and thrilling pieces. At first I thought that this movie could be a real mystery thriller (as the German packaging read), but the movie was too mysterious for me. David Lynch may be able to make a combination of the most different images, but the composition tastes to me as awfull as a combination of milk with beer. Both for themselves are pretty good, but together?",138,human,human,0,human_neg_2329
neg_7893,tt0367085,Soul Plane,neg,A,"I'll be honest-- the pimped out purple plane with Snoop Dogg at the helm is an amusing visual gag. It would have been a decent concept for a 30 second commercial, or maybe a 3 minute music video. But the producers have committed the age-old concept comedy sin of stretching 30 seconds of material into an hour and a half of film, and the results are predictably lame. The remainder of the 89 minutes are filled with the typical gamut of racist and sexist humor and fart jokes, offensive and-- worst of all-- painfully unfunny. The threadbare plot screams under the weight of its contrivances. Best to be avoided unless you are drunk or stoned.",115,human,human,0,human_neg_7893
neg_3460,tt0379865,Leatherheads,neg,A,"Let me preface this by going on record, I am a huge George Clooney fan, and I love John Krasinski in 'The Office'. Well, I was and I did. This was the world's worst hang nail and it took 113 minutes to rip it off. The stupefying boredom was interrupted only by my frequent efforts to read my watch and estimate when it would be over. Every funny scene was in the previews. All three of them. There was no real story, no character development, and the script was just plain bad. I've had a colonoscopy that was more enjoyable. The title should have been SuperDuper Bad. This movie is a lock for a Razzie. It should get a whole slough of Razzies. I want my money back.",128,human,human,0,human_neg_3460
neg_10907,tt0104040,The Cutting Edge,neg,A,"Nothing about this movie is any good. It's a formulaic predictable ""romantic comedy"" geared to make females force their significant others to watch. In other words, it's a predictable chic flick that is neither comedic or romantic and is extraordinarily forgettable. If you like watching the same thing over and over then this movie will fit just perfect. I was also forced to watch this with my g/f at the time and it's no surprise we are no longer together. I enjoy great movies that are wonderful to watch, while she just wants to see the same thing over and over again just with different actors. Nothing good to say about this movie. The title says it all. 1/10 (one b/c I can't give it a zero.",127,human,human,0,human_neg_10907
neg_7580,tt0440803,Shutter,neg,A,"I decided to watch this movie because it has been noted as the ""scariest movie ever"" so, that's what I expected. Unfortunately, what I found out is that the movie didn't have a single scary moment in it (and I'm the kind of person who jumps very easily). The movie was nothing but terrible clichés and every time there was a jump-moment it was incredibly obvious. The pros of this movie would be the music and the odd scene thats actually shot well (like the very last scene when she opens the door and you see Tun in the reflection and when it swings back to him you see the ghost on his shoulders). Overall, this movie really added nothing new to the J-Horror genre and all-around lacked creativity and scares.",131,human,human,0,human_neg_7580
neg_6383,tt0081633,Time Bandits,neg,A,I know Terry Gilliam is considered as a good director but claiming that this movie is good is just foolish. What was the movie about? What is it a spoof? Fantasy? Comedy? Satire? No answer there from Gilliam's screenplay. Totally confused and pointlessly hurtling from one historical age to another. I find it amusing that some people actually call this movie magical. Is it because they have to praise any movie which is vague and indecisive on what it is about?? 3 stars for special effects considering it is 1981. Roger Ebert has it right in his review. The movie is ambiguous and looks like Gilliam's romp with money just to make a vague children's move masquerading as a historical revue. The movie also tries to confuse the would-be viewer by giving John Cleese and Sean Connery top billing.,139,human,human,0,human_neg_6383
neg_4254,tt0097123,Crimes and Misdemeanors,neg,A,"That was one of the worst movies I've ever seen. Why would someone make a movie about getting away with murder!?! Mr. Allen again plays the only type of character that he's able, the sexually stunted man who can't get the girl. Get a clue, Allen, there's a reason that's the only character that you can successfully portray. Stir clear of this movie! It's a waste of time, unless you want to know how to successfully murder someone. I feel sorry for the actors who say 'yes' to Woody Allen. Look at his cast, and tell me how many of those people are still working. My respect for all of the actors, who work for him, immediately goes down, because they chose to participate in the film.",127,human,human,0,human_neg_4254
neg_7039,tt0098622,Warlock,neg,A,"Weak tale of an evil warlock who is searching for a centuries old satanic Bible so that he can do Lucifer's bidding by undoing creation. Hot in pursuit all the way is a 17th Centruy bounty hunter named Redfern and his reluctant sidekick Kassandra. Sound like a load of bunkum? It is. This drivel from writer D.T. Twohy gets the superficial treatment it deserves from director Steve Miner (who helmed that romantic nonsense ""Forever Young""). Twohy obviously knows nothing about true evil. Julian Sands just flies around and cackles, trying to look evil, while Richard E. Grant succeeds only in wasting his rich talent. Lori Singer's career also took a nosedive with this one. Special effects crew has some fun, and Jerry Goldsmith provides a score superior to its subject matter.",131,human,human,0,human_neg_7039
neg_9642,tt0489281,Stop-Loss,neg,A,"Over acted, heavy handed, full of speeches, preachy, on the nose, and over stylized in a way only MTV could be guilty of, Stop-Loss is agit-prop garbage. I expected a lot more with talented young actors such as Joseph Gordon-Levitt and Ryan Philippe, but Screenwriter/Director Kimberly Peirce does a hatchet job of portraying the ill effects of war on American youth. I'm sure she did some work researching the Iraq war and the young men fighting in it, but you'd never guess it from watching Stop-Loss. In many ways this mess reminded me of Catherine Hardwicke's Lords of Dogtown, an equally inept, overly stylized, TV movie-like waste of solid subject matter. http://eattheblinds.blogspot.com/",112,human,human,0,human_neg_9642
neg_6585,tt0338348,The Polar Express,neg,A,"This movie is awful. It creates characters not in the book, and some of them are ethnic or racial stereotypes. Including an obnoxious little Jewish boy and a politically correct little black girl. Not to mention the Yiddish speaking elves. The book was a simple story about belief, and this movie is a dark, ugly, and needlessly scary movie about nothing. The animation is superb, but the story has been ruined by Hollywood. The good thing is that this movie will take a bath in the box office and maybe producers will learn to keep from tampering with a story that needs no improvement. Hanks was overdone and i don't see why there couldn't have been other actors' voices be used.",121,human,human,0,human_neg_6585
neg_7103,tt0114614,Tank Girl,neg,A,"Sometimes a movie cannot easily be classified. Such a film is ""Tank Girl"", part cartoon, part comedy, and part action flick. I'm sure somewhere there is an audience for ""Tank Girl', but it is extremely small, perhaps punk comic book readers. Most viewers will be looking for an early exit or living with the fast forward button. The only redeeming quality are short bursts of humor ""find me a microscope and a pair of tweezers"", but these tiny moments of comic relief are far outweighed by the sophomoric action sequences. There is no character development, which is not surprising, since the source is a comic book. Do yourself a favor and avoid, avoid, avoid. - MERK",116,human,human,0,human_neg_7103
neg_7583,tt0099005,Air America,neg,A,"Roger Spottiswoode isn't the worst director, and he did a good job on the underrated sci-fi thriller ""The Sixth Day"" (a.k.a. ""The Box Office Downfall of Mr. Schwarzenegger""). However, ""Air America"" has to be one of his most inept projects. It comes across as an amalgamation between drama, comedy and war film - it's not a very convincing mix. In fact, I found it to be overbearing. Robert Downey, Jr. (during his heyday) stars as a pilot recruited into a top secret CIA organization operating during Laos in the Vietnam era. Mel Gibson plays his co-pilot and he stumbles upon the knowledge that they're trafficking drugs, and what not. The movie was hyped on release because it starred two famous faces and Aerosmith had re-recorded the Doors classic ""Love Me Two Times"" for the soundtrack. The redo of the song is pretty poor, which suits the film.",147,human,human,0,human_neg_7583
neg_5852,tt0250687,Rat Race,neg,A,"I don't know if I'm wrong or everybody els'es that says this movie is good are, sincerely I just wanna do a favor to people that has doubts about seeing it, renting it or even worse buying it(don't do it really!). The trailers and very early previews might seem fun in some way or another but its not funny at all, it gets to fall in a series of you're-supposed-to-laugh-here scenes that tend to get in really bad jokes, bad very very bad acting, tasteless scenes, cheesy effects; this movie has it all, all wrong that is. As final comment the movie would have been funny due to the basic concept, but believe me is really way far from that.",120,human,human,0,human_neg_5852
neg_7606,tt0069945,Dark Star,neg,A,"I made the mistake of watching ""Dark Star"" (1974) late one night many years ago. It was one of the stupidest movies that I have ever watched: 1. Bad acting. 2. Bad writing. 3. Scientifically stupid plot. (Destroying an entire planet because its orbit is unstable or in the way will only make matters worse: instead of having one large, easily avoidable object, you'll have thousands of smaller, but equally lethal and more difficult objects to track.) 4. Completely unrealistic characters. A painted beach ball as a space alien? The writers must have been doing too many drugs. Not surprisingly, the majority of actors that starred in ""Dark Star"" never did anything else. Of those that did do anything else, the majority never acted again after Dark Star. Therefore, having Dark Star on one's acting resume was a death star to one's acting career!",144,human,human,0,human_neg_7606
neg_3054,tt0093624,Night of the Demons,neg,A,"Dear friends, I've never seen such a trash movie as NIGHT OF THE DEMONS (1988). It seems that the director Kevin Tenney had the intention to copy classics like THE EVIL DEAD by Sam Raimi (1978) or George A. Romero's RETURN OF THE LIVING DEAD from the same year. The cinematography was lousy, the movie was very dark, so I had to turn the brightness control to the maximum. Indeed, horror pictures have to be dark, but not the way like NIGHT OF THE DEMONS. The entire movie was ridiculous, no suspense, worse actors except Alvin Alexis in the role of Rodger, and horrible make-up effects. An average vote of 5 stars for that movie? I can't believe this. Perhaps the users were pleased about the tits, asses and pussies of the actresses, they were indeed worth 5 stars. Regards, Hans-Dieter",141,human,human,0,human_neg_3054
neg_6830,tt0119395,The Jackal,neg,A,"I would ward off any temptation to view this movie, it is quite simply dull. The characters are predictable and mindless. The assassin is quite unenigmatic. There is no tension, fun, no style or even a glimmer of originality to be found in this train wreck. And the morass of Hollywood cliché's are stifling. Oh, and you have a movie that makes a hero of an IRA terrorist. Cute. And now I need to speak some more to fill up the ten lines. And a little bit more Is that enough? Not quite, how about now? No, well further confabulation should do the trick, but The Jackal is really not worth ten lines of exposition. The original was great though.",120,human,human,0,human_neg_6830
neg_12190,tt0116367,From Dusk Till Dawn,neg,A,"This film is simply appalling, how the talent involved made this is beyond human belief.Iguess they must have been boozing when they thought of this idea,I feel as if 2 hours of my life have been taken from me.Harvey Kietel will try and distance himself from this rubbish, it should have been a great crime movie but it develops into a gory mess of vampires.I would recommend this film to people who like to sleep through movies ,you wont miss a thing.The humour is set to appeal to the lowest common dominate, movies can uplift us and remind us that life is worth living, this film just depresses you.As DeNiro said in one movie the saddest thing in life is wasted talent this film is a perfect example of this statement.",131,human,human,0,human_neg_12190
neg_4338,tt0114576,Sudden Death,neg,A,"Don't pay any attention to the rave reviews of this film here. It is the worst Van Damme film and one of the worst of any sort I have ever seen. It would appeal to somebody with no depth whatever who requires nothing more than gunfire and explosions to be entertained. Seeing that this is directed by Peter Hyams it has made me realise that Peter has no talent as a director, but is very good at filming explosions and the like. However, movies need other elements as well; for example, a story. This one didn't have one. This might explain the awfulness of some of Mr. Hyams' more recent films, hardly any better than this one, really. One can't help wondering how some people ever were put behind a camera.",131,human,human,0,human_neg_4338
neg_2663,tt0156934,Random Hearts,neg,A,"A friend gave me this movie because she liked it. I decided I would finally watch it. It was sooooooo long. I kept waiting for the suspense to happen but it never did. I kept waiting for something to happen after the opening scenes, and it never did. I stopped the movie and came back later. I actually forced myself to watch the rest of it hoping it would get better. It got worse. I kept asking myself, who are these people? Do they have feelings? are they just robots? I'm glad I didn't pay to see it or pay to rent it. The end would have been better if Dutch died from the gunshot wound. At least we would have gotten some emotion from the audience. Or maybe not.",130,human,human,0,human_neg_2663
neg_8596,tt0101393,Backdraft,neg,A,"I loved this movie when I was a teenager. LOVED it. It hasn't grown up with me, though. Maybe that's because it's a melodramatic load of old rubbish, full of macho posturing, cheesy dialogue, overwrought slo-mo and characters saying 'Goddammit' a lot. The lumpy narrative blobs gracelessly from one character to another, one plot strand to another, without ever bringing it all together, and it doesn't help that William Baldwin's mono-expression of a performance is wet enough to put out every fire in the movie's overlong runtime. Robert DeNiro and Donald Sutherland are worth watching, but no one's really at the top of their game here, and the women folk get particularly short thrift. The only real impact comes from the impressive firefighting sequences, and Hans Zimmer's majestic score, which remains one of my all-time favourites.",136,human,human,0,human_neg_8596
neg_4885,tt0067355,They Call Me Trinity,neg,A,"I am testing myself to watch 3 bad movies in a row to find out if watching 3 bad movies in a row could give me amnesia I have a dubbed to English version of this movie. Now let me go down the points Music Score: bad quality but at least it suits Story: it's about a guy who goes to a town and he meets his sheriff brother and they fight for farmers land from a major and he allies with mexicans to drive them out and Trinity and his brother try to teach them to defend it - The final climatic fight scene will confuse anyone about who the #### are the good guys Conclusion: better than I thought but I need to continue with this I am next going to watch the Dolph Lungren and Jean-Claudde Vanne Damme movie ""Universal Soldier"" pray for my sanity",148,human,human,0,human_neg_4885
neg_3435,tt0116213,Eraser,neg,A,"Ten years ago I really wanted to see this movie on the cinema. But I missed it, and then forgot about it. Oh boy, am I glad this movie didn't get to ruin my teenage eyes back then. I saw it yesterday, and seriously, this must be among the 10 worst movies ever made. And I'm talking about movies which has had too much attention, such as those wonderful trailers on TV, and too much money spent on actors and the making of the movie. The script sucks and the acting sucks even worse, do I need to say more? Please, Hollywood, NO MORE ARNOLD!!",105,human,human,0,human_neg_3435
neg_9006,tt0155267,The Thomas Crown Affair,neg,A,"I am sure I'm in the minority (I know I am among my friends), but I found this movie long, boring and gratuitous. The fact that the role played by DENIS LEARY is the most likable character (the only other time I liked him at all was in ""A Bug's Life""!) speaks volumes. Rene Russo's character was irritating beyond belief and Thomas Crowne himself was flat and stereotypical. To say he was two-dimensional may be a little generous. (No, the scenes with his psychiatrist did NOT help make him real.) With the exception of two wonderful scenes (both involving the museum caper and NOT involving Rene Russo), this movie made me wish I were at home watching televised golf.",119,human,human,0,human_neg_9006
neg_6858,tt0140379,A Midsummer Night's Dream,neg,A,"Maybe it is unfair for me to review this movie because I walked out well before the end. That's odd, because I usually like Shakespeare on the screen and I enjoyed Midsummers Night's Dream once, many years ago, when I saw it on the stage. I think that two things did me in: that squeaky twerp with the Shakespearian name, Calista Flockhart, and Michelle Feiffer sitting in a giant clamshell. Well, I suppose you could say it supposed to be a comedy -- but when the scenery is funny and the actors aren't, I'd say we have a bad movie on our hands....",103,human,human,0,human_neg_6858
neg_7131,tt0433386,The Grudge 2,neg,A,"That was a waste of 9 dollars. the movie was terrible. all the ""scary"" parts were pointless and sadly repetitive. Seemingly all of the tense parts could be completely predicted, and did not seem to hold any bit of the audiences attention. Also, the plot line didn't advance at all during the entire movie, and it was all just a big setup for the grudge 3. When it seemed like the movie was about to make a big plot advancement, it turned out just to be a pointless scene. these directors need to follow Hitchcock's example: every scene has a point. Porbably 90% of the scenes in this movie could have been left out with no change of the plot. Final opinion: Don't waste your time, energy or money!!!",129,human,human,0,human_neg_7131
neg_9623,tt0366780,Mirrormask,neg,A,"Having enjoyed Neil Gaiman's writing (especially his collaboration with Yoshitaka Amano in ""The Dream Hunters"") in the past, I figured Mirrormask to be a sure thing and was very disappointed. The beginning, live-action section of the movie was intriguing enough. The relationships between the characters was believable and easy to empathize with, and I loved the sets, the costuming, and Helena's artwork. The subsequent computer-generated scenes, however, were excruciating. The dialogue was awkward and pretentious, the interaction between the live actors and the CGI horrifying. Events occurred for the flimsiest reasons, and most events seemed superfluous to whatever plot may have existed. I only watched the first twenty or thirty minutes of the movie, so I'm not exactly an authority, but I strongly recommend that you don't watch any of it at all and stick with Gaiman's strong written work.",140,human,human,0,human_neg_9623
neg_12363,tt0271367,Eight Legged Freaks,neg,A,"I'm not going to say the story of the movie as some people do. I'm pretty sure people who read this will know what the storyline is. I'm also not going to go on and on about everything thats wrong with this movie, because I'll be here for ages if I do. The storyline is typical, and the special effects are below today's standards. This is not a movie you should watch if you are a serious movie buff (as most of us here are) little things will annoy you the whole movie and ruin the experience. If your a casual movie watcher, who likes to have a good time when they are watching a flick, then this movie is perfect for you, lots of fun. It would also be a good movie to take a partner to. Just not for us movie buff's. 5 out of 10",148,human,human,0,human_neg_12363
neg_7941,tt0398712,Assault on Precinct 13,neg,A,"The original ""Assault on Precinct 13"" is gritty, witty, and - perhaps most importantly - short. This remake is mercilessly padded out and talky. Worse yet, the African-American hero of the first movie is here replaced with handsome white boy Ethan Hawke, which makes this ""Assault"" less progressive than the 1970s one. God, how I miss John Carpenter and his improbable plot line and his weird sense of humor. I even miss his B-list actors, who are leagues better than Hawke and company. I can't say I care for the new villains in this version - they stretch what little credibility the story ever had to the limit. The female characters are useless, the criminals are all generic hoods, and Gabriel Byrne gives another of his bored performances. The music's all wrong, too - it's bland action stuff that actually detracts from the tension. Simply awful.",146,human,human,0,human_neg_7941
neg_12129,tt0099329,Cry-Baby,neg,B,"John Waters owes me 2 hours of my life back. I saw a sneak-preview screening of this way back in 1990, and I'm still in pain. Not before or since have I seen such a terrible piece of filmic waste spewed upon the screen. There is nothing positive I can say about this film. Acting--awful; plot--ridiculous; music--atrocious. Following the movie, my friends and I demanded our money back from the manager of the theater. He explained that, since it was a free screening, he couldn't give us anything in return, no matter how much agony we were suffering through. How Johnny Depp's career survived this trainwreck of a movie is anyone's guess.",112,human,human,0,human_neg_12129
neg_8095,tt0246989,Tomcats,neg,B,"I mostly rented this movie to see Shannon Elizabeth. She played well in this movie, but the plot sucked. The movie wasn't really about anything just about trying to stay single after making a pact when one of Jerry O' Connell's friends gets married. The other friends put together this money and who's ever last to get married get's the money ($10,000) from all his friends. Anyway the movie just try to follow through by making no since and trying to make it more funny then making since. I'm glad I only paid .50 for this movie. It really wasn't good at all. I rated it **** out of 10 stars!",111,human,human,0,human_neg_8095
neg_3891,tt0077405,Days of Heaven,neg,B,"Lovely music. Beautiful photography, some of scenes are breathtaking and affecting. But the dramatic tension is lost in a film that is so poorly edited it is hard to know what exactly is going on. At times, the dialogue is incomprehensible. Then there is Richard Gere. He's supposed to be a factory worker who gets into trouble and gets work on a farm. We see dozens of farmhands sweaty and dirty in the hot sun. Then we see Gere, looking like he just wandered away from a Calvin Klein ad. Sam Shepard, another glamour guy, is supposed to be terminally ill. But he looks great. Nice try, but it just doesn't work. Brook Adams try hard but she gets lost in the scenery.The real star is the girl.",128,human,human,0,human_neg_3891
neg_2360,tt0188674,Human Traffic,neg,B,"utterly useless... having been there, done that with the subject matter i have to say this captures the clubbing atmosphere in absolutely no respect. It may have done so had the characters not just been mouthpieces for incredibly dire, unrealistic drivel. So many cringe-worthy scenes that would put The Office to shame (not a compliment to this film). It also may have helped to have some semblance of a story, a point, a message, a commentary, anything. Seriously, Kevin & Perry Go Large had more to say on the subject than this film (term used very loosely in this case). There should be minus numbers reserved for films like this. -10 (extra turd)",113,human,human,0,human_neg_2360
neg_5228,tt0107665,Needful Things,neg,B,"Based on a Stephen King novel, NEEDFUL THINGS provides the intrigue and eeriness to keep you in your seat. A mysterious man(Max von Sydow) comes to town and soon becomes the most talked about citizen. Could it be that the devil himself has set up shop as an antique dealer in a small town in Maine? von Sydow is masterful and dynamic in this role that dominates the screen. Also starring are Ed Harris and Bonnie Bedelia. Harris is steady and Bedelia is deserving of your attention. Also in support are J.T. Walsh and Amanda Plummer. Not the best, nor the worst adaptation of King's horror on the screen.",109,human,human,0,human_neg_5228
neg_11943,tt0481141,No Reservations,neg,B,"Yes, I spelled that right. This movie is so predictable, the actual word needs additional letters to exemplify the predictability. From the moment the principal characters and situation are introduced, it is paint-by-numbers as to where this plot will take us. The foreshadowing was as subtle as a two ton sledgehammer. You could take numerous pieces of dialogue and anticipate the role it would play in the ending. Catherine Zeta-Jones and Aaron Eckhardt did decent jobs in undemanding roles and Abigail Breslin played the cute role admirably. It's just that the movie brought absolutely nothing new to the romantic comedy genre. The romance was tepid and the laughs were weak and few. Sure, it's an OK movie if you have nothing to watch, but you won't miss anything by missing this one.",132,human,human,0,human_neg_11943
neg_3549,tt0896798,Cleaner,neg,B,"Request you to not watch this movie... It starts with a promise and as it goes on you crave for the movie to end... Predictable,not entertaining at all,wasted movie... Save your time and watch better thrillers.... The synopsis sounds good and that is why I watched the movie... But it was way too predictable with nothing to give you a start... No great suspense.. no great direction... nothing phenomenal with the acting... shy away from this... low rating... Nothing to write about this movie so I am filling up the remaining lines of text so you can imagine how much a time waster this movie is...really irritated at how good a premise that was and how bad a screenplay was written out of it...",124,human,human,0,human_neg_3549
neg_5891,tt0390022,Friday Night Lights,neg,B,"I honestly expected more from this movie. That may have been the problem. There was not one time when the camera was still - ever. On close ups, the camera shakes, the subjects move, and I get a headache. The cuts are so often and so fast, that the viewer often finds himself/herself wondering what just happened. (LOOK OUT, SPOILER ALERT) And at the end of the movie, when you expect to have a happy ending after being put through so much useless thought to comprehend what is going on, they end up losing. To me, this was a basically terrible movie, wrecked by a camera man with ADHD, and lack of a meaningful meaningful plot.",116,human,human,0,human_neg_5891
neg_6981,tt0800039,Forgetting Sarah Marshall,neg,B,"This movie wasted 2 hours of my time and just make me wanna scream: ""LAME"". Nicholas Stoller write the movie ""Yes Man"", but direct ""this"" maybe he should stick with writing. I am so disappointed because I heard all the great review. I was expecting something like knocked up. They say this is from the maker of ""Knocked up""? why can't I see the resemblance? but this just felt like a shallow, overdone-theme kind of movie for me. I am so disappointed. Actually it's not bad if you consider it as your-average-chick-movie, but that character of the ""band guy"" just get on my nerves Maybe I was just not paying enough attention to the movie, but yeah they have some funny lines and scene, but i don't felt the originality. And the ending make the movie a little bit better. At least the ending is not some boring cliché one.",150,human,human,0,human_neg_6981
neg_5058,tt0133046,Teaching Mrs. Tingle,neg,B,"This isn't a dreadful film, merely insipid. The plot is deeply flawed and implausible. It tries to be a number of genres and fails at each. It fails as a comedy, as a suspense thriller and as a horror movie. It almost succeeds as science fiction. The direction is uninspired and Katie Holmes, cute cherub face that she is, should be modeling teen clothing, not acting. The only thing that keeps this movie from being a 1 out of 10 is Helen Mirren. Her performance is fabulously nefarious and is (almost) worth suffering through the rest of it. Her ability to transmute from imperious to faux sympathetic to deviously manipulate and control her prey shows masterful range. Other than Marissa Coughlin's delightful Exorcist rendition, Mirren is the only reason to see this movie. A solid 3.0.",136,human,human,0,human_neg_5058
neg_10725,tt0369441,Fun with Dick and Jane,neg,B,"A satire about greed and money, what? There is more greed in the intentions behind this fiasco than in any of the themes they pathetically try to make fun of. Jim Carrey's reign was certainly short lived. He is an unbearable presence on the screen. The insincerity of his portrayal is nothing short of creepy. He produced this, this ""masterpiece"" as well, so he can't blame anyone here. ""The number one comedy in America"" shout the desperate TV adds. Of course, Jim Carrey was suppose to guarantee full houses but the game is over. If I sound angry is because I am. I spent a sunny afternoon in California, plus, between tickets, parking, flat Cokes etc, almost 45 bucks on this thing, starring and produced by Mr Carry. Not anymore, do you hear? Not anymore.",135,human,human,0,human_neg_10725
neg_8876,tt0455957,Goya's Ghosts,neg,B,"This film is just another waste of time. The plot is ridiculous, forced USA drama. The characters were all really weak, especially the uncharismatic Goya and the bad interpretation of Bardem, who only was alright in his classic interpretation, when acting as french ally. Just another chance lost of have spent the money in a good film. I guess it was no a low budget film. Definitely not recommended. Maybe the director's should think a bit whether the film has sense or not before wasting so that money. Maybe they do not bother as they have profits before launching them in the cinema. No more hope in cinema...",108,human,human,0,human_neg_8876
neg_10580,tt0426592,Superhero Movie,neg,B,"I happened to rent this movie with my sister in hopes of watching a great entertaining movie, that was humorous, however my expectations were let down. This movie was beyond disgusting and revolting for a PG-13 movie, this should have been rated R for the many mature references that went on in this movie. I wouldn't recommend allowing a 13 year old teen see this. Even if no one under the age of 17 is watching this movie, beware of a truly stupid movie, there's no humor in the movie, just a bunch of disgusting sexual references including a small touch of pedophilia, something that shouldn't even be joked about. I would like to know what happened to PG-13 movies, that were actually safe for actual a 13 year old? This is beyond a deplorable movie and should be re-rated.",140,human,human,0,human_neg_10580
neg_4246,tt0119313,Hope Floats,neg,B,"Hope Floats with Sandra Bullock is a real disappointment. The story starts off ok. Her husband cheats on her and she finds out on national television. So she has to rebuild her life. Here it could have gotten interesting or built up in a story line, but you become so bored with it. She moves back with her parents and Harry Connick Jr. who plays Justin begins hitting on her. The two have no real chemistry at all, yet your supposed to get the impression that Justin is in love with her. The movie ends the way you figure it will but you wish it hadn't ended like every other kind like it. They had a good start with this movie and could have turned it into something watchable but instead its a movie that you definitely want to miss.",140,human,human,0,human_neg_4246
neg_4078,tt0413099,Evan Almighty,neg,B,"This film is definitely up there with the worst films I've ever seen, probably in my top 5 of worst films. I laughed once and that was when: EVAN: ""im building something"" Evan's Secretary: ""i hope its a barber shop"" That was literally the only time i laughed in this 'comedy', awful compared to Bruce almighty which as a big Jim carrey fan...wasn't even that great! This movie lacked the humour of having God's powers and was more about family bonding. Id class it solely as a family movie, definitely not a family comedy. Seeing a bird poo on someone's shirt is not hilarious, neither is a beard that grows back instant! I didn't even think the special effects were great, the animals looked really stuck on, it was like watching a film which hadn't been 'glued' together properly 2/10 film - avoid!",143,human,human,0,human_neg_4078
neg_10641,tt0116514,Hellraiser: Bloodline,neg,B,"It's true, no one really expects anything from sequels. But even by that low standard this is a terrible film. Essentially an anthology movie, this fourth installment in the Hellraiser saga tries to be an origins story and a wind-up to the entire series at the same time. An ambitious idea. But none of the cast is given enough screen time to do anything with their characters and rookie director Yagher abandoned the film rather than give in to studio meddling. The result is a steaming pile of mediocrity that even fanboys have trouble defending. Unless you're an ""Alan Smithee"" fan, avoid this one.",104,human,human,0,human_neg_10641
neg_12008,tt0102719,Problem Child 2,neg,B,"What an awful movie. Full of cliches, perplexing scenes, very bad acting, and an atrotious script. It is hard to believe the same guys that wrote The People vs. Larry Flint and Man on the Moon wrote this garbage. Man, this makes my list of Top 10 Worst Movies of All-Time. Didn't this guy, this director, if you can call him that, realize that the first Problem Child was bad enough? Let alone make a sequel for it!!?? Amazing that piece of trash films like this can be shown to children let alone be released! 1 out of 10 *'s",100,human,human,0,human_neg_12008
neg_1078,tt0317740,The Italian Job,neg,B,"I was really disappointed by this movie. Great actors in it, and potentially a great plot, but it just seemed to limp along. Charlize Theron was masterful in her role and beautiful, but it seemed like 90% of her on-screen work was in car chases done with Austin Minis. Product placement gone wrong, so very wrong. The direction seemed off, too. Edward Norton is the bad guy, and it was so obvious right from the start. Every time the camera would pass over him, it would linger too long and Norton would grimace or something. C'mon, Hollywood, give us a little credit! It's okay to surprise us with a plot twist without having to telegraph it. Sorry, but this movie was just below average. I have always been one to appreciate the work and talent that goes into a movie, but this one just didn't have it.",147,human,human,0,human_neg_1078
neg_10080,tt0163025,Jurassic Park III,neg,B,"You could have put the characters on the island for any reason at all and had the same movie. The first one had an original story, the second stole one from King Kong, and in the end (I hope) of this trilogy the story seemed to have been bypassed altogether. Drop some people on an island full of dinosaurs and watch them run for their lives. That was about all there was to it. The special effects were decent but not worth 8 dollars. If you have a discount theatre in your local area, wait and see it for a buck. I wouldn't even bother renting it. That would be too much money for this unthrilling thriller.",117,human,human,0,human_neg_10080
neg_5911,tt0097481,Harlem Nights,neg,B,"Just read through the other comments here, and was a little surprised to find that no one had said anything about the acting or plot. Richard Pryor and Eddie Murphy can both deliver an amazing Stand-up comedy show. Great actors they are not. Enough about that. As for the plot? Oh man. Every time the movie tries to ""fool"" you into believing the good-guys are going to lose, you know those scenes: ""What? The good-guys loses? Oh.. I see, it was just a trick"", it's done so terribly bad, you can spot it a mile away. It had 2 or 3 funny moments, but not enough to save the day. It's a little silly that these comments has to be 10 lines now. A lot of people will fill it up with crap, for it to be eligible. Being brief is an art.",143,human,human,0,human_neg_5911
neg_11256,tt0910905,In the Electric Mist,neg,B,"Detective Dave Robicheaux is trying to link the murder of a local hooker to New Orleans mobster Julie Balboni. But during his investigation Robicheaux is led into a series of surreal encounters with a troop of Confederate soldiers??, What a awful plot and it was worser than i had expected. it was real slow and had minimal skill in the acting i could not watch through it it was waste of my time. Another FLOP, i would give it under 1 if i could please people don't waste your time its 1:42m of wast-full time. Actor Elrod Sykes and his girlfriend driving under the influence. As Dave takes Elod to the station the actor tells Dave he found some skeletal remains while on the set of a movie he is filming",131,human,human,0,human_neg_11256
neg_11292,tt0212985,Hannibal,neg,B,"The only reason I didn't fall asleep during this movie is because the seats were not that comfortable. Hannibal is BORING>BORING> BORING and BORING!!! This film is just dreadful, not because of any violence or graphic mutilations. It's actually quite tame in that regard. The story moves at the speed of a lazy snail. I have the feeling that director Ridley Scott just phoned this one in. The actors are all fine they just needed some direction. The music score is also very annoying. It's especially noticeable since so little is going on in the film. It does look good but that's not enough reason to see it. By the way did I mention that it's BORING?",117,human,human,0,human_neg_11292
neg_4965,tt0490076,All the Boys Love Mandy Lane,neg,B,"I read about this film on-line and after seeing the generally positive reviews it has received, and viewing the trailer, I decided to check it out for myself. What a disappointment! It starts out well enough. the opening scene was actually pretty tense, but from there it's all downhill. I can see that the filmmakers were trying to do something different with this movie, but by doing so, they took all the enjoyment out of watching it. Those choices combined with the ""C.S.I"" editing, use of music and montage, lack of suspense, scares, or humor really drag this film down. There's too much foreshadowing and to many ""subtle"" clues, so when the first twist arrives early on, you already know how the movie is going to end. I gave the movie three stars because I think the cast did a good job, other than that I can't recommend this movie.",150,human,human,0,human_neg_4965
neg_8488,tt0362165,Son of the Mask,neg,B,"Actually, Son of the Mask did make me laugh a few times...mostly due to the cartoonish jokes that made Bugs Bunny and Roadrunner so funny. The CGI is very impressive and is used extensively in this movie. Garfield, for example, is no where on par for CGI, but I would give it the same vote. Everyone knows the story...which wasn't that bad for a KIDS movie. Yes, it is a KIDS movie...and therefore should be treated as such. Jamie Kennedy is not very good in his role. His attempts to act ""crazy"" are not very good and overall acting is poor. Everyone else is not too bad. Basically, my 2 and 5 year old watched the whole thing without complaining. At least I was able to sit through this. There is no way this movie is worst than **shudder** Class of 1999 4/10 for the CGI and a few laughs.",150,human,human,0,human_neg_8488
neg_4166,tt0345061,Code 46,neg,B,"This movie was released in all major cinemas in Australia. I watched the movie on the weekend of 7th AUG and I thought is was absolute nonsense (and I am using that word extremely litely). How it got released to every major cinema no idea. The plot seemed simple enough about the world being divided into subclasses and people needed identity cards and the actor Tim Robbins playing an investigator who goes to shanghai to investigate a employee stealing ID cards, which turns out to be the actress Samantha Morton. You think from that summary the rest of the story should intertyne but it doesn't it just confuses the audience even more with different storyline that don't relate. If you thinking of seeing this movie let me save u the trouble DO NOT GET THIS MOVIE.",136,human,human,0,human_neg_4166
neg_4773,tt0963794,The Ruins,neg,B,"I have not seen such a stupid,dumb movie since quite a while. It absolutely has no logic, no horror- doesn't scare you, no suspense, not thrilling.. I mean I didn't find even one part of the movie appealing.. I don't know what they were thinking when they made the movie.. You watch the whole movie to find out that, there is a plant that can walk around, drag human dead bodies and eat human flesh. Not just that but it can also talk i.e. imitate sounds, like a cellphone ringing or human talking... so its like, the plant makes the noise of a cell phone ringing, so they go after the cellphone and find out its a plant... how intelligent of the plant to setup an ambush. This clearly is the creativity level of a primary school kid... Bad!!!",139,human,human,0,human_neg_4773
neg_6027,tt0450340,Unknown,neg,B,"In fact, parts of it I liked a lot. It had some interesting twists. But it just left me with a been there, seen that feeling after all of the SAW movies. Granted the ending was different from a typical Saw, but let's face it...a group of guys, unknown to each other (or so they believe) tossed together in an abandoned chemical factory.... But then it loses something. There's no intensity, there's poor group dynamic, there's no sense of urgency. Some nice twists at the end, and definitely worth a watch if there's nothing else on your plate, but it just left me empty...it passed the time, but it didn't satisfy.",111,human,human,0,human_neg_6027
neg_5077,tt0402910,Chaos,neg,B,"I have just watched this movie on DVD late this morning and was so disappointed that even thought it was a good joke for the audience. In other words - the creators planed to make comedy not drama. Howsoever, at the end I realized that Mr. Tony Giglio was earnest about this movie. It's a pity because: the dialogue is ridiculous, the acting is poor and lifeless, the story is a fishy tale! Poor Ryan Phillippe - despite of his efforts his character in the movie remains probably his worst performance! What to say for Jason Statham - lack of all kinds of skills to develop the role which is an imaginary fiction... For this reasons I vote: 3/10",119,human,human,0,human_neg_5077
neg_3503,tt0375679,Crash,neg,B,"i am amazed anyone likes this film. i never walk out of movies, but my friend had to physically stop me from leaving the theater during this insulting disaster. the white characters are saints and the Asian characters are practically nonexistent and worthless to the story. they exist only as objects, surprise. characters of other races fare much better. the twists and turns were laughable and predictable. but if you're reading this, you know that already. Paul Haggis is a hack. Hollywood can't even do multicultural movies right. do yourself a favor and watch a much more honest take on race relations, Harold and Kumar Go To White Castle!",109,human,human,0,human_neg_3503
neg_6300,tt0109045,"The Adventures of Priscilla, Queen of the Desert",neg,B,"The costumes are outrageous and the Australian outback scenery is fun to view, but there is an edge to this story - a mean edge - about drag queens. I particularly noticed that in Terrence Stamp's character, ""Ralph Bernadette Bassenger."" Perhaps that was appropriate since there is nothing ""good-guy- like"" about Ralph-Bernadette and his group of ""queens."" Once again, we get the strong Liberal slant which says anything goes and if you're not ""with it"" - or in this case, pro-homosexual, then you are a homophobe. (Gasp!) What's really disturbing is the ending when a young boy goes off with his ""alternative-lifestyle"" father and embraces his gay lifestyle, not because it fit the story but because it fit the agenda of the people who wrote the script. Pitiful.",128,human,human,0,human_neg_6300
neg_9512,tt0099726,Hamlet,neg,B,"Well, to each his own, but I thought Gibson's Hamlet was the most god-awful rendition I had ever witnessed... as subtly nuanced as a paper bag, and as inspired as a telemarketing call. The only reason I watched the movie through to the end was that I held out hope that either it would get better or become unintentionally funny. No luck. No disrespect for the supporting cast or for Zefferelli's staging, but nothing can make up for the bungling of the main character. I have seen Hamlet well-portrayed as an African prince, as an animated lion, as a rough-and-tumble warrior, as a romantic poet, etc. etc. etc. . But IMHO this portrayal was just a plentiful lack of wit together with most weak hams.",125,human,human,0,human_neg_9512
neg_11469,tt0970452,Solomon Kane,neg,B,"As a big fan of most modern fantasy movies, I was really looking forward to this. I was not familiar with the character, although after hearing some general stories about the style of the comic and good reviews of the movie, I thought I was in for a real treat... From the moment that the lead character started to talk in his forced husky voice, I could tell straight away that I was not going to enjoy this movie. I found the story weak and predictable, the acting poor, the effects were very good for a small budget film, but did nothing for the overall plot. Maybe as a fan of the Comics you may get something more from this, otherwise I would suggest that you skip it and not waste you cinema fare on this boring adventure.",138,human,human,0,human_neg_11469
neg_8644,tt0117107,Mulholland Falls,neg,B,"William Petersen (that C.S.I guy) has a small uncredited role but it's the best part of the movie. His character comes across smart ass and tough, and it's a fun surprise to see him in this. He has a range that allows him to play just about anything. After his 5 minutes, it goes from looking cool to just nothing much. It leaves you hoping that his character will reappear in the movie but after 20 minutes you give up hope. The movie itself is pretty poor. Worth a watch on TMN or a pick up at the library but not much more. Too much of it reminds you of L.A Confidential except that where that movie starts to get complicated upon itself, this one is so loose, it steers everywhere but where it should. 2 out of 5 stars",140,human,human,0,human_neg_8644
neg_12074,tt0158371,Sweet and Lowdown,neg,B,"This film follows the life of a great guitar player, who wants to make it big but acts irresponsibly almost to the point of self destruction. I was expecting the usual Woody Allen witty dialogs, sarcasm and humour, but ""Sweet and Lowdown"" failed to provide any. The main character, Emmet Ray, is an egocentric, rude, irresponsible and hurtful man. He is so unlikeable, that I do not want to now about him, or care about him. I wonder why a film about him has to be made. The pacing of the story is slow, making the film a terrible bore. Even Sean Penn's great acting fails to revive the film to a watchable level. I like Woody Allen's films a lot, but ""Sweet and Lowdown"" is a major disappointment.",129,human,human,0,human_neg_12074
neg_5330,tt0100135,Men at Work,neg,B,"I was duped into watching this by the many friendly reviews here. Boy, are they way off mark! To give this 9 to 10 points and call it ""one of the best movies of the 1990ies"" is just unjustifiable. The big problem here is lack of pace and a paper-thin plot. It's like slapstick on Prozac. Everything trundles along predictably and listlessly. The plot is weak to begin with -- two garbage men peep on their foxy neighbour, witness a murder and unravel a waste disposal conspiracy -- and the movie never manages to go much further. There are some amusing situations and decent acting, but that's not anywhere near enough to save this jalopy of a movie. It's simply a comedy that doesn't get its fat ass off the ground, so why waste your time?",136,human,human,0,human_neg_5330
neg_9402,tt0417217,Two for the Money,neg,B,"Please do not go see this. I did have several laughs throughout this movie, but they were all due to unintentional comedy. There were only three characters in this movie, so it was amazing how bad the character development was. Pacino played Pacino again and was aggravating most of the time. The scenes in this movie seem like they were put together from 20 other bad movies by a really poor editor. There is no continuity and I found myself wondering why I didn't leave 15 minutes into this. I would suggest never seeing a movie directed by D.J. Caruso. This really was awful.",104,human,human,0,human_neg_9402
neg_5061,tt0473753,Angel-A,neg,B,"Angel-A is a change of pace for Besson; monochrome, mawkish and rather mediocre. It is well photographed on location in Paris, although subtitle-readers should note: quick-fire dialogue AND good cinematography may make for frustrating viewing. This film is no ""Wings of Desire"" or ""Wonderful Life"". Despite its shared themes (heavenly intervention averts suicide, angel/mortal relationships ensue), Besson does nothing to enlighten or inspire us. Even the well acted, teary moments, rapidly descend into toe-curling sentimentality. The film's flawed ideology irritates; an Angel whose message of love and respect for self is constantly undermined by her own violent and promiscuous behaviour; a ""happy ending"" which negates the hero's supposed journey from helplessness to self-esteem and independence. Verdict: Quite nice to look at but confused moral and philosophical messages tarnish the film precisely where it should shine. 4/10",136,human,human,0,human_neg_5061
neg_8395,tt0842929,Paranoid Park,neg,B,"this movie is honestly the worst piece of rubbish i have ever seen. this is slow, plot less and boring. the cinematographer deserved to be shot. There were various aspects of unintentional comedy, one of which was Jared being oddly camp. Raised many laughs but also many yawns. don't watch with anyone, anytime any place. If u hate someone, recommend they buy or rent this. big waste of time and money. Thanks Gus Van Sant...not. i cant think of anything else to say except Don't ever see this movie, it will make u want to jump off a cliff. Hope Gus and his mates read this comment before it's too late and he makes a sequel or some other catastrophe with what appeared to be shot with a camera phone.",130,human,human,0,human_neg_8395
neg_6446,tt0815244,Sydney White,neg,B,"My 15 year old daughter asked me to watch this movie with her on Cable TV. As someone who saw Revenge of The Nerds in a movie theater, I found this movie to be an extremely predictable remake of it. The Nerds were simply replaced by Dorks. I drove her crazy by being able to predict precisely what would happen in each scene. The cast was cute, especially Amanda Bynes. Screenwriter Chad Creasey should be ashamed for writing such an obvious remake of an early 1980's flick. The title should have simply been ""Revenge of The Dorks."" Perhaps the sequel will be Revenge of the Dorks 2.",107,human,human,0,human_neg_6446
neg_7323,tt0101862,Father of the Bride,neg,B,"Diane Keaton is a pathetic actress. She is so boring and phony. She is the same on and off screen. I saw her in an interview with Ellen Degeneres and she behaves exactly the same as she does in movies. Her foolish facial expressions make me want to change channels. She has been in a couple of good movies, but they would have been better had someone else been picked for the part. Steve Martin doesn't add much to the movie either. He over acts as well and also ruins an old favorite. The ridiculous part Martin Short plays only adds more idiocies to the movie. I've tried to watch the movie twice but both times had to turn it off.",121,human,human,0,human_neg_7323
neg_10011,tt0113627,Leaving Las Vegas,neg,B,"A big disappointment for what was touted as an incredible film. Incredibly bad. Very pretentious. It would be nice if just once someone would create a high profile role for a young woman that was not a prostitute. We don't really learn anything about this character, except that he seems to be a hopeless alcoholic. We don't know why. Nicholas Cage turns in an excellent performance as usual, but I feel that this role and this script let him down. And how, after not being able to perform for the whole film, can he have an erection on his deathbed? Really terrible and I felt like I needed a bath.",110,human,human,0,human_neg_10011
neg_5126,tt0085549,Flashdance,neg,B,"When I first watched this movie, in the 80s, I loved it. I was totally fascinated by the music, the dancing... everything. However, I recently watched the whole thing again on DVD, and I was completely struck by how extremely stupid the storyline was - how it contained holes, inconsistencies and - frankly - a whole lot of crap - and how horrid the dancing was. I mean, in a realistic world, she would NEVER have gotten into that ballet repertory... The whole thing was quite pathetic. The character developments also lacked in depth. I think that this was, very much, a product of the 80s: the film does not hold up today!",113,human,human,0,human_neg_5126
neg_4730,tt0758730,Aliens vs. Predator: Requiem,neg,B,"Mmmm, a previous summary says ""if you like aliens and predator you will enjoy this film"" i could not disagree more, this film pays no respect to its weighty lineage and has reduced two of the best loved sci fi strands to little more than a teen horror slasher movie, it has none of the tension or foreboding present in previous alien or predator movies and there is no discernible lead character, i really did not care about any of the characters and i positively yearned to see the stereotypical cast die as soon as possible in the vain hope something better would replace them, it really takes super human incompetence to have two of the most fearsome creatures ever invented positively fail to make a gripping thrilling movie, only watch this if you want to see how NOT to do it.",142,human,human,0,human_neg_4730
neg_11042,tt0364569,Oldboy,neg,B,"There's a thin line between being theatrical and being just plain forced. Forced acting. Forced takes. Forced plot. Even forced photography. There's people who say ""the movie develops that way because it's from Asia"" but I don't see any kind of forced elements on Seven Samurai or Sonatine. There's a thin line between being fiction (and every work of art it is, in it's way, fiction) and being just unlikely.In a more personal way, I just don't feel anything with the movie, it doesn't take me anywhere, and I just can't believe in the fictional world it is proposed. It just doesn't feel right, there's something in it or through that just doesn't click.",114,human,human,0,human_neg_11042
neg_4522,tt0425061,Get Smart,neg,B,"Get Smart should be titled Get Stupid. There is not one funny line or gag in the entire film. This film is so bad it makes the Austin Powers films look Shakespearean. A few more films like this and Steve Carell can kiss his career goodbye. As for Anne Hathaway, what is she doing in this film? She's a good actress but is just plain terrible. The writing is pathetically lame. There is not one funny, clever, or witty line. There is not one good sight gag. The directing is terrible. Comedy relies on timing. Someone should tell the director that. Every line that is supposed to be funny (and isn't) is delivered with absolutely the worst sense of comic timing I've ever seen. 0 stars",126,human,human,0,human_neg_4522
neg_11926,tt0402022,Æon Flux,neg,B,"Right up (or down) there with Toys and Jurassic Park 2 and The Phantom Menace. The premise sounded cool, some of the commercials looked semi-promising, but alas, the entire movie had about 30 seconds of neat shot-ness, and that was shown on the small screen's 30 second slot. If you want amateur writing, second-rate effects, ridiculous costumes, and an all-around snoozefest by all means watch it. The plot is recycled sci-fi fodder. Too bad too, because coming in I thought it would be bad but held out hope. It may be the worst movie I have ever seen, and I have seen a lot. Bottom line - Don't watch it. Unless of course you -liked- any of the above 3 movies.",121,human,human,0,human_neg_11926
neg_446,tt0118604,An American Werewolf in Paris,neg,B,"Woeful and unnecessary sequel to a bonafide classic. An American Werewolf in London was, indisputably, a gem of a movie: humorous, demented, with just a dash of romance and so very, very British it made me want to stand up and sing God Save the Queen every time the movie ended. Then came this abomination. You know you are in real trouble when the leads are so utterly unlikeable you are glad when they are slaughtered, and actually start cheering for the lycanthropes. Tell you the truth, folks, I only got about half way through this CGIed travesty before losing the will to live and turning it off. Absolutely pitiful and a putrid waste of anyone's time.",117,human,human,0,human_neg_446
neg_6710,tt0339135,In Hell,neg,B,"The authors know nothing about Russians prisons, the movie is absolutely cockamamie, has nothing common with the reality. They also don't that the foreign prisoners in Russia have a special prison so the foreigners NEVER live together with Russian criminals. The uniforms in this movie look if they were stolen somewhere in Latin America. Prisoners in Russia also don't work outside the prison. Each kill in Russian prison is a subject of investigation so the prisoners kill each other only if there some very important reasons. Playing soccer is also forbidden in the prisons, contacts between the prisoners are very restricted, no chance for bloody combats etc etc etc. So this movie has Nothing common with the reality.",118,human,human,0,human_neg_6710
neg_6217,tt0795421,Mamma Mia!,neg,B,"I cannot remember a more trivial, mind numbing and shallow film in other words a real chick flick of the worst kind. How can anyone watch this film and recommend it to others ? Only if they don't like admitting they made a mistake. It seems to summarise the worst of female aspirations. No real substance to it all happy and shallow. Yeah that'll please the masses. Well not this member of the masses. What a trivial load of drivel. I wanted to leave the cinema within 5 minutes of the start. And to think I paid £7 to see this ! I think this does however represent the dumbing down of cinema as with most media these days. So I like a bit of reality in my musicals call me sad or what ?",135,human,human,0,human_neg_6217
neg_11419,tt0834001,Underworld: Rise of the Lycans,neg,B,"Other than it reassembled the characters from the first film and gave them more backstory. Essentially, Lucian the Lycan (werewolf) fell in love with Sonia the Vampire, a Romeo and Juliet scenario you know is going to end badly if you've seen the first movie. So with absolutely no suspense, we blunder forward with two hours of unremitting CGI and actors with little or no screen presence. All shot in that monotone color that the first movie had because nothing was shot in daylight. Worth your time.. probably not. In fact, the quality has gone down, even the CGI looks like it was done on the cheap, you don't buy for a minute that these are real werewolves.",118,human,human,0,human_neg_11419
pos_11652,tt0112818,Dead Man Walking,pos,A,"""Dead Man Walking"" (1995) is a profoundly moving exploration of morality, redemption, and the complexities of the human spirit. Directed by Tim Robbins, the film features powerful performances from Susan Sarandon and Sean Penn, who bring depth to their characters in a poignant tale centered around death row. Sarandon's portrayal of Sister Helen Prejean is both compassionate and unwavering, as she seeks to connect with Penn's character, Matthew Poncelet, a convicted murderer grappling with his past. The film's haunting cinematography and evocative score enhance its emotional impact, leaving viewers reflecting on the themes of forgiveness and justice long after the credits roll. Robbins masterfully balances the moral dilemmas surrounding capital punishment, making ""Dead Man Walking"" not just a film about crime and punishment, but a heartfelt story about the capacity for change and understanding. It's a must-watch for anyone interested in thought-provoking cinema.",143,llm_A,gpt-4o-mini,1,llm_A_pos_11652
pos_1265,tt0154506,Following,pos,A,"""Following,"" Christopher Nolan's impressive debut feature, is a masterclass in storytelling and psychological intrigue. Shot in stark black and white, the film follows a struggling writer who becomes entangled with a mysterious thief. Nolan's innovative narrative structure keeps viewers on the edge of their seats, as the non-linear plot unfolds in unexpected ways. The film's low-budget charm is complemented by strong performances, particularly from Jeremy Theobald and Alex Haw. Each character is meticulously crafted, adding layers to the suspenseful atmosphere. The cinematography captures the gritty essence of London, immersing the audience in its shadowy corners. ""Following"" is a brilliant exploration of obsession and identity, showcasing Nolan's early talent for weaving complex narratives. It’s a captivating experience that leaves you pondering long after the credits roll, making it a must-watch for fans of psychological thrillers. Overall, ""Following"" is a remarkable start to what would become an extraordinary filmmaking career.",148,llm_A,gpt-4o-mini,1,llm_A_pos_1265
pos_10903,tt0119360,In & Out,pos,A,"""In & Out"" (1997) is a delightful comedy that expertly balances humor and heartfelt moments. Kevin Kline delivers a standout performance as Howard Brackett, a beloved high school teacher whose life takes a surprising turn when a former student publicly outed him as gay. The film brilliantly explores themes of identity and acceptance while maintaining a lighthearted tone. The supporting cast, including Joan Cusack and Matt Dillon, adds depth and charm, creating a memorable ensemble that keeps the laughs coming. The witty script is peppered with clever one-liners and poignant reflections on love and self-discovery. Director Frank Oz masterfully blends comedy with a message, making ""In & Out"" not just entertaining but also thought-provoking. It’s a film that resonates with anyone who has ever grappled with their true self, and it leaves you with a warm, uplifting feeling that lingers long after the credits roll. Highly recommended!",147,llm_A,gpt-4o-mini,1,llm_A_pos_10903
pos_2560,tt0462200,Black Snake Moan,pos,A,"""Black Snake Moan"" (2006) is a powerful and provocative film that masterfully intertwines themes of redemption, love, and the human condition. Directed by Craig Brewer, it features standout performances from Samuel L. Jackson and Christina Ricci, who bring their complex characters to life with raw emotion. Jackson's portrayal of Lazarus, a troubled bluesman, is both haunting and heartfelt, while Ricci’s character, Rae, embodies a tumultuous journey of self-discovery. The film's unique blend of Southern Gothic elements and a compelling soundtrack enhances its storytelling, creating an immersive atmosphere that lingers long after the credits roll. The cinematography beautifully captures the rural setting, adding depth to the narrative. Overall, ""Black Snake Moan"" is a bold exploration of healing and connection that challenges societal norms, making it a memorable cinematic experience. A must-watch for those who appreciate thought-provoking storytelling!",136,llm_A,gpt-4o-mini,1,llm_A_pos_2560
pos_11382,tt0118749,Boogie Nights,pos,A,"""Boogie Nights"" is a masterful exploration of the adult film industry in the 1970s and 1980s, directed by Paul Thomas Anderson. The film’s vibrant cinematography and unforgettable soundtrack perfectly capture the era's spirit, drawing viewers into a world filled with ambition, desire, and the complexities of human relationships. The ensemble cast, led by Mark Wahlberg as the ambitious Dirk Diggler, delivers standout performances that are both captivating and deeply relatable. Anderson’s storytelling weaves together themes of fame, friendship, and the search for identity, making it more than just a film about adult entertainment. The character arcs are rich and profound, showcasing the highs and lows of life in the spotlight. With its sharp writing, dynamic direction, and a perfect blend of humor and drama, ""Boogie Nights"" remains a timeless classic that resonates with audiences, reminding us of the fleeting nature of fame and the quest for connection. Highly recommended!",149,llm_A,gpt-4o-mini,1,llm_A_pos_11382
pos_7792,tt0109117,Andaz Apna Apna,pos,A,"""Andaz Apna Apna"" is a timeless classic that perfectly blends humor, wit, and unforgettable characters. Released in 1994, this cult favorite showcases the comedic genius of Aamir Khan and Salman Khan, who deliver stellar performances as two bumbling conmen trying to win over the heart of a rich heiress. The film is packed with hilarious one-liners, memorable scenes, and an eccentric supporting cast that includes the brilliant Paresh Rawal and Raveena Tandon. The chemistry between the leads is infectious, making every moment a joy to watch. Director Rajkumar Santoshi's impeccable timing and clever writing ensure that the film remains as entertaining today as it was decades ago. ""Andaz Apna Apna"" is not just a comedy; it's a delightful experience that brings laughter and nostalgia in equal measure. A must-watch for anyone looking to enjoy a good laugh!",137,llm_A,gpt-4o-mini,1,llm_A_pos_7792
pos_7052,tt0079540,Meatballs,pos,A,"""Meatballs"" (1979) is a delightful romp that perfectly captures the spirit of summer camp and youthful camaraderie. Directed by Ivan Reitman, this classic comedy showcases Bill Murray in one of his most iconic roles as the endearing and quirky counselor, Tripper Harrison. The film's charm lies not just in its laugh-out-loud moments but also in its heartwarming portrayal of friendship, coming-of-age experiences, and the importance of teamwork. The colorful cast of characters adds depth and humor, making each scene memorable. The combination of witty dialogue and relatable scenarios resonates with audiences of all ages, evoking nostalgia for carefree summer days. With its infectious energy and feel-good message, ""Meatballs"" remains a timeless classic that reminds us to embrace fun and friendship, no matter our age. It’s a must-watch for anyone looking to relive the joy of summer adventures!",137,llm_A,gpt-4o-mini,1,llm_A_pos_7052
pos_601,tt0079588,The Muppet Movie,pos,A,"""The Muppet Movie"" (1979) is a delightful and heartwarming experience that captures the essence of joy and friendship. From the moment Kermit the Frog sets off on his journey to Hollywood, viewers are treated to a whimsical blend of humor, catchy musical numbers, and memorable characters. The film's clever script and charming performances bring the beloved Muppets to life in a way that resonates with audiences of all ages. The cameos from iconic stars add an extra layer of fun, making each scene a delightful surprise. The themes of pursuing dreams and embracing individuality shine brightly, reminding us of the importance of friendship and belief in oneself. With its timeless charm and infectious spirit, ""The Muppet Movie"" is not just a film; it’s a celebration of creativity and imagination that continues to enchant generations. Highly recommended for a feel-good movie night!",141,llm_A,gpt-4o-mini,1,llm_A_pos_601
pos_2059,tt0116908,The Long Kiss Goodnight,pos,A,"""The Long Kiss Goodnight"" is a thrilling blend of action and comedy that keeps you on the edge of your seat from start to finish. Geena Davis delivers a powerful performance as Samantha Caine, a suburban mom with a hidden past, showcasing her incredible range and ability to handle both dramatic and action-packed scenes with ease. Samuel L. Jackson shines as the wise-cracking private eye, adding a delightful dynamic to their partnership. The film's clever writing, engaging plot twists, and sharp humor make it a standout in the action genre. Director Renny Harlin masterfully balances intense sequences with lighter moments, creating an entertaining ride that’s both fun and thought-provoking. The chemistry between Davis and Jackson is electric, making their journey of self-discovery and redemption all the more captivating. Overall, ""The Long Kiss Goodnight"" is a must-watch for action fans and anyone who appreciates a strong female lead.",147,llm_A,gpt-4o-mini,1,llm_A_pos_2059
pos_2252,tt0404030,Everything Is Illuminated,pos,A,"""Everything Is Illuminated"" (2005) is a beautifully crafted film that masterfully intertwines humor and heartbreak. Directed by Liev Schreiber, it follows the journey of a young American, played by Elijah Wood, who travels to Ukraine to find the woman who saved his grandfather from the Nazis. The cinematography is stunning, capturing the lush landscapes and poignant moments with grace. The performances are heartfelt, particularly from Eugene Hütz as the eccentric local guide, who brings an infectious energy to the film. The narrative balances themes of memory, loss, and the search for identity, all while retaining a whimsical charm. The blend of past and present is skillfully executed, leaving viewers both entertained and reflective. Overall, ""Everything Is Illuminated"" is a poignant exploration of heritage and connection that resonates long after the credits roll. Highly recommended for anyone seeking a film that touches the soul.",143,llm_A,gpt-4o-mini,1,llm_A_pos_2252
pos_6309,tt0398883,The Consequences of Love,pos,A,"""The Consequences of Love"" (2004) is a captivating film that masterfully weaves themes of isolation and longing into a compelling narrative. Directed by Paolo Sorrentino, the film follows the enigmatic character of Titta Di Girolamo, portrayed brilliantly by Toni Servillo. The cinematography is stunning, capturing the stark beauty of the Italian landscape, which mirrors Titta's internal struggles. The film's pacing allows viewers to slowly unravel the layers of Titta's life, leading to a powerful and unexpected climax. The haunting score enhances the emotional depth of the story, making each moment resonate. Sorrentino's direction is both subtle and striking, crafting a film that lingers long after the credits roll. ""The Consequences of Love"" is a poignant exploration of human connection and the complexities of solitude, making it a must-watch for anyone who appreciates thought-provoking cinema. Overall, it’s a beautifully crafted film that leaves an indelible mark on the heart.",148,llm_A,gpt-4o-mini,1,llm_A_pos_6309
pos_6119,tt0069089,Pink Flamingos,pos,A,"""Pink Flamingos"" (1972) is a bold and audacious masterpiece that challenges conventional cinema with its unapologetic exploration of subculture and identity. Directed by John Waters, this cult classic is a riotous celebration of individuality, featuring the iconic Divine in a standout performance that is both outrageous and captivating. The film's raw energy and irreverent humor push boundaries, offering a refreshing perspective on societal norms and the art of self-expression. With its memorable characters and unforgettable scenes, ""Pink Flamingos"" remains a groundbreaking work that dares viewers to embrace their true selves without shame. While its shocking content may not be for everyone, those willing to venture into its wild world will find a provocative and deeply entertaining experience that resonates long after the credits roll. It's a celebration of love, rebellion, and the beauty of being different, making it a must-see for any adventurous film enthusiast.",145,llm_A,gpt-4o-mini,1,llm_A_pos_6119
pos_5340,tt0312004,Wallace & Gromit: The Curse of the Were-Rabbit,pos,A,"""Wallace & Gromit: The Curse of the Were-Rabbit"" is a delightful cinematic gem that brilliantly showcases the charm of stop-motion animation. The film masterfully blends humor, adventure, and heart, captivating audiences of all ages. The unique bond between the eccentric inventor Wallace and his loyal dog Gromit is beautifully portrayed, highlighting their teamwork and friendship in the face of a bizarre crisis. The storyline is both clever and engaging, with witty dialogue and lovable characters that keep you entertained from start to finish. The stunning visuals and attention to detail in the animation are a testament to Aardman's craftsmanship. Overall, this film is a whimsical journey that combines comedy and creativity, making it a must-watch for fans of animation and family films alike. ""The Curse of the Were-Rabbit"" is a delightful reminder of the magic of storytelling through animation!",139,llm_A,gpt-4o-mini,1,llm_A_pos_5340
pos_1665,tt0048021,Rififi,pos,A,"""Rififi"" (1955) is a masterclass in heist cinema that brilliantly combines tension, style, and unforgettable storytelling. Directed by Jules Dassin, this French noir film captivates with its meticulous attention to detail and compelling character development. The standout sequence—a nearly 30-minute silent heist—is a cinematic triumph that showcases Dassin's genius in building suspense without uttering a single word. The film's gritty atmosphere, coupled with its stunning black-and-white cinematography, immerses the viewer in a world of crime and betrayal. The performances, particularly by Jean Servais as the determined mastermind, are compelling and memorable. ""Rififi"" is not just a tale of a robbery; it explores themes of loyalty and the consequences of a life of crime. Overall, it's a timeless classic that remains influential and relevant, making it a must-watch for any film enthusiast.",131,llm_A,gpt-4o-mini,1,llm_A_pos_1665
pos_7865,tt0066819,The Beguiled,pos,A,"""The Beguiled"" (1971) is a masterful blend of tension and intrigue, showcasing the exceptional talents of director Don Siegel and the magnetic performances of its cast. Set in the backdrop of the Civil War, the film intricately weaves a tale of seduction and manipulation within the confines of a secluded girls' school. Clint Eastwood delivers a captivating performance as the enigmatic soldier, drawing both the characters and the audience into a web of desire and deceit. The cinematography beautifully captures the eerie atmosphere, while the haunting score adds depth to the unfolding drama. The film’s exploration of female dynamics and power plays is both thought-provoking and chilling. With its strong narrative and unforgettable characters, ""The Beguiled"" remains a timeless classic that continues to resonate with viewers, making it a must-see for fans of psychological thrillers.",135,llm_A,gpt-4o-mini,1,llm_A_pos_7865
pos_3599,tt0238112,Captain Corelli's Mandolin,pos,A,"""Captain Corelli's Mandolin"" is a beautifully crafted film that masterfully intertwines love, war, and the resilience of the human spirit. Set against the stunning backdrop of World War II-era Greece, the movie tells the poignant story of the romance between Pelagia, played by Penélope Cruz, and Captain Corelli, portrayed by Nicolas Cage. Their chemistry is palpable, bringing depth to a narrative that explores themes of hope and forgiveness. The film's cinematography is breathtaking, capturing the idyllic landscapes and the harsh realities of war with equal grace. The score, featuring the haunting melodies of the mandolin, adds an emotional layer that lingers long after the credits roll. Overall, ""Captain Corelli's Mandolin"" is a touching and visually stunning adaptation of Louis de Bernières' novel, reminding us that love can flourish even in the darkest of times. A must-watch for those who appreciate heartfelt storytelling!",142,llm_A,gpt-4o-mini,1,llm_A_pos_3599
pos_5307,tt0301976,The United States of Leland,pos,A,"""The United States of Leland"" is a thought-provoking film that delves deep into the complexities of human nature and the quest for understanding. Ryan Gosling delivers a compelling performance as Leland, a troubled teenager whose actions spark a ripple effect in his community. The film's narrative is beautifully woven, exploring themes of empathy, isolation, and the search for meaning in a chaotic world. The supporting cast, including Kevin Spacey and Don Cheadle, adds depth to the story, each character grappling with their own struggles. The cinematography is striking, capturing both the beauty and darkness of the settings. Director Matthew Ryan Hoge skillfully balances moments of introspection with gripping storytelling, leaving viewers pondering the moral ambiguities of life long after the credits roll. Overall, ""The United States of Leland"" is a poignant and engaging film that resonates on multiple levels, making it a must-see for those who appreciate character-driven narratives.",149,llm_A,gpt-4o-mini,1,llm_A_pos_5307
pos_5480,tt0107206,In the Line of Fire,pos,A,"""In the Line of Fire"" (1993) is a gripping thriller that masterfully combines suspense with deep character exploration. Clint Eastwood delivers a stellar performance as Frank Horrigan, a seasoned Secret Service agent haunted by his failure to protect President Kennedy. The film expertly weaves together intense action sequences and psychological tension, particularly through John Malkovich’s chilling portrayal of the antagonist, Mitch Leary. The cat-and-mouse dynamic between Eastwood and Malkovich keeps viewers on the edge of their seats, while the film's exploration of themes like duty, redemption, and sacrifice adds emotional depth. The direction by Wolfgang Petersen is taut and engaging, ensuring every moment feels pivotal. With its sharp writing and powerful performances, ""In the Line of Fire"" remains a standout in the action thriller genre, leaving audiences both entertained and contemplative long after the credits roll. Highly recommended for anyone who appreciates a well-crafted story.",145,llm_A,gpt-4o-mini,1,llm_A_pos_5480
pos_9131,tt0065531,The Red Circle,pos,A,"""The Red Circle"" (1970) is a captivating masterpiece that brilliantly intertwines suspense and artistry. Directed by Jean-Pierre Melville, the film showcases a meticulously crafted narrative that keeps viewers on the edge of their seats. The story follows a master thief, a parolee, and an ex-cop, each character intricately developed, revealing layers of complexity and moral ambiguity. The cinematography is nothing short of stunning, with Melville's signature noir style creating a palpable atmosphere of tension and elegance. The performances, especially by Alain Delon, are compelling and nuanced, drawing you into their world. The film's pacing is deliberate yet engaging, allowing for a rich exploration of themes like loyalty and destiny. Overall, ""The Red Circle"" is a cinematic gem that masterfully blends style and substance, making it a must-watch for any film enthusiast. Highly recommended!",133,llm_A,gpt-4o-mini,1,llm_A_pos_9131
pos_9685,tt0493430,Jackass Number Two,pos,A,"""Jackass Number Two"" is a wild ride that brilliantly captures the essence of the original series while pushing the boundaries of outrageous stunts and hilarious pranks. The cast, with their fearless antics and undeniable camaraderie, delivers non-stop laughter that keeps you on the edge of your seat. From absurd challenges to over-the-top sketches, each segment showcases their commitment to entertaining audiences, no matter the cost. The film's unabashed spirit of fun and friendship is infectious, reminding us that sometimes, it's okay to embrace the absurd. The production quality has certainly improved, but the raw, unfiltered humor remains intact. Whether you're a long-time fan or a newcomer to the franchise, ""Jackass Number Two"" offers a chaotic yet unforgettable experience that is both entertaining and endearing. It’s a testament to the power of laughter and the joy of living in the moment!",140,llm_A,gpt-4o-mini,1,llm_A_pos_9685
pos_9452,tt0454945,She's the Man,pos,A,"""She's the Man"" (2006) is a delightful, laugh-out-loud comedy that adds a refreshing twist to Shakespeare's classic ""Twelfth Night."" Amanda Bynes shines as Viola, a strong-willed teenager who disguises herself as her twin brother to prove herself in the male-dominated world of soccer. The film brilliantly balances humor, romance, and themes of identity and empowerment. Bynes' comedic timing is exceptional, and her chemistry with co-stars like Channing Tatum and Laura Ramsey elevates the film even further. The clever dialogue and outrageous situations keep you engaged from start to finish. Beyond its lighthearted surface, ""She's the Man"" celebrates individuality and the importance of being true to oneself, making it a feel-good watch for audiences of all ages. Overall, this film is an entertaining romp that perfectly blends sports, romance, and comedy, leaving you with a smile long after the credits roll.",140,llm_A,gpt-4o-mini,1,llm_A_pos_9452
pos_6649,tt0159365,Cold Mountain,pos,A,"""Cold Mountain"" (2003) is a stunning cinematic experience that beautifully intertwines love, loss, and resilience against the backdrop of the American Civil War. The film's breathtaking cinematography captures the raw beauty of the Appalachian landscape, immersing viewers in its haunting atmosphere. Jude Law delivers a heartfelt performance as Inman, a soldier yearning to return to his beloved Ada, played by the enchanting Nicole Kidman. Their chemistry is palpable, evoking deep emotional connections that resonate throughout the film. The supporting cast, including Renée Zellweger, shines brightly, adding depth and nuance to the narrative. Anthony Minghella's direction expertly balances the brutality of war with the tenderness of human relationships, creating a poignant and unforgettable story. ""Cold Mountain"" is not just a tale of survival, but a testament to the enduring power of love and hope, making it a must-see for anyone who appreciates a beautifully crafted film.",145,llm_A,gpt-4o-mini,1,llm_A_pos_6649
pos_5031,tt0117038,Michael,pos,A,"""Michael"" (1996) is a heartwarming and whimsical film that beautifully blends humor and emotion. John Travolta shines in the title role as the charming and mischievous archangel who descends to Earth, bringing joy and a touch of chaos to everyone he encounters. The film's unique premise, combined with a stellar supporting cast, including Andie MacDowell and William Hurt, creates a delightful mix of comedy and romance. Director Nora Ephron masterfully captures the essence of love and redemption, making Michael’s journey both relatable and uplifting. The film's lighthearted tone is complemented by a touching exploration of human connection and the impact of kindness. With its memorable moments and endearing characters, ""Michael"" leaves you with a warm feeling and a renewed sense of wonder. It's a charming reminder of the magic in everyday life, making it a must-watch for anyone in need of a little inspiration.",144,llm_A,gpt-4o-mini,1,llm_A_pos_5031
pos_11404,tt0455857,When a Stranger Calls,pos,A,"""When a Stranger Calls"" (2006) is a gripping and suspenseful thriller that expertly keeps viewers on the edge of their seats. The film's premise, centered around a babysitter receiving ominous phone calls from a mysterious stranger, is executed with a perfect blend of tension and atmosphere. Camilla Belle delivers a compelling performance as Jill, capturing the character's vulnerability and determination. The cinematography effectively enhances the eerie tone, making even the simplest scenes feel charged with suspense. The film's score adds to the intensity, creating an immersive experience that leaves you breathless. While it may draw comparisons to the original 1979 version, this modern take stands out with its fresh approach and engaging storytelling. Overall, ""When a Stranger Calls"" is a thrilling ride that will satisfy fans of the horror genre and keep you guessing until the very end. Highly recommended for those seeking a chilling cinematic experience!",147,llm_A,gpt-4o-mini,1,llm_A_pos_11404
pos_10155,tt0049470,The Man Who Knew Too Much,pos,A,"""The Man Who Knew Too Much"" (1956) is a masterful blend of suspense and intrigue, showcasing Alfred Hitchcock's unparalleled directorial prowess. The film captivates from the start, weaving a gripping narrative that keeps viewers on the edge of their seats. James Stewart delivers a powerful performance, embodying a father thrust into a perilous situation with raw emotion and determination. Doris Day shines as well, particularly in her unforgettable rendition of ""Que Sera, Sera,"" which beautifully underscores the film's themes of love and uncertainty. The cinematography is stunning, with breathtaking locations that enhance the tension throughout. Hitchcock's knack for pacing ensures that every moment is charged with suspense, culminating in a thrilling climax. Overall, this film is a timeless classic that showcases the brilliance of its cast and crew, making it a must-watch for any film enthusiast. Highly recommended!",138,llm_A,gpt-4o-mini,1,llm_A_pos_10155
pos_10473,tt0092603,Babette's Feast,pos,A,"""Babette's Feast"" is a cinematic masterpiece that beautifully intertwines themes of art, faith, and the joy of sharing. Set in a remote Danish village, the film tells the enchanting story of Babette, a French refugee who transforms a simple community into a feast of culinary delight. The serene cinematography and evocative storytelling immerse you in the austere yet rich lives of the villagers. What truly stands out is the film's exploration of generosity and the profound connection between food and spirituality. The feast itself is a breathtaking celebration of flavors and culture, symbolizing the beauty of giving and the joy of community. With its slow-paced charm and powerful emotional depth, ""Babette's Feast"" reminds us that true happiness often lies in the simplest acts of kindness. It is a film that lingers long after the credits roll, leaving you with a warm sense of gratitude and appreciation for life's little pleasures.",150,llm_A,gpt-4o-mini,1,llm_A_pos_10473
pos_6673,tt0272152,K-PAX,pos,A,"""K-PAX"" (2001) is a captivating blend of science fiction and drama that keeps viewers questioning reality and the nature of belief. Kevin Spacey delivers a mesmerizing performance as Prot, an enigmatic patient who claims to be from the distant planet K-PAX. His interactions with psychiatrist Dr. Mark Powell, played by Jeff Bridges, are both profound and thought-provoking, sparking a deep exploration of hope, healing, and the human condition. The film beautifully balances moments of humor with poignant reflections on life and mental health. The cinematography is stunning, enhancing the otherworldly feel of Prot’s experiences. Overall, ""K-PAX"" is a fascinating ride that challenges our perceptions while leaving us uplifted. Its intriguing premise and stellar performances make it a must-watch for those who enjoy films that linger long after the credits roll.",130,llm_A,gpt-4o-mini,1,llm_A_pos_6673
pos_8781,tt0035279,Saboteur,pos,A,"""Saboteur"" (1942) is a thrilling masterpiece that showcases Alfred Hitchcock's exceptional talent for suspense and storytelling. The film’s gripping plot follows Barry Kane, a man wrongfully accused of sabotage, as he embarks on a cross-country journey to clear his name. Hitchcock masterfully builds tension through clever pacing and striking cinematography, creating an atmosphere of paranoia that keeps viewers on the edge of their seats. The strong performances, particularly by Robert Cummings and Priscilla Lane, add depth to the characters, making the audience invest in their plight. The film brilliantly intertwines themes of trust and betrayal, all while delivering breathtaking action sequences. ""Saboteur"" is a captivating blend of thriller and social commentary, showcasing Hitchcock's genius in creating a compelling narrative that resonates even today. It's a must-watch for fans of classic cinema and suspense alike!",134,llm_A,gpt-4o-mini,1,llm_A_pos_8781
pos_1600,tt0067445,Death in Venice,pos,A,"""Death in Venice"" (1971) is a stunning visual and emotional masterpiece that beautifully encapsulates the themes of desire, beauty, and the inevitable passage of time. Directed by Luchino Visconti, the film is a faithful adaptation of Thomas Mann's novella, immersing viewers in the hauntingly beautiful landscapes of Venice. Dirk Bogarde delivers a captivating performance as Gustav von Aschenbach, a composer grappling with his fading creativity and the allure of youth embodied by the enchanting Tadzio. The cinematography is breathtaking, capturing the ethereal quality of the city while reflecting Aschenbach’s tumultuous inner world. The haunting score by Mahler adds depth and poignancy, perfectly complementing the film's somber tone. ""Death in Venice"" is not just a story about obsession; it’s a profound meditation on art, mortality, and the transient nature of beauty. This film lingers long after the credits roll, making it a must-see for any cinephile.",145,llm_A,gpt-4o-mini,1,llm_A_pos_1600
pos_297,tt0078788,Apocalypse Now,pos,A,"""Apocalypse Now"" is a cinematic masterpiece that transcends the war film genre, immersing viewers in a haunting exploration of the human psyche amidst chaos. Francis Ford Coppola’s direction is nothing short of brilliant, masterfully blending stunning visuals with a powerful narrative inspired by Joseph Conrad’s “Heart of Darkness.” The film’s atmospheric score and striking cinematography create a surreal experience that lingers long after the credits roll. Martin Sheen delivers a compelling performance as Captain Willard, whose journey into the heart of darkness is both riveting and thought-provoking. The portrayal of Colonel Kurtz by Marlon Brando is chilling and unforgettable, embodying the film's themes of madness and moral ambiguity. ""Apocalypse Now"" is not just a story about the Vietnam War; it’s a profound commentary on the human condition, making it a timeless classic that continues to resonate with audiences today. A must-watch for any film enthusiast!",145,llm_A,gpt-4o-mini,1,llm_A_pos_297
pos_5959,tt0464913,"OSS 117: Cairo, Nest of Spies",pos,A,"""OSS 117: Cairo, Nest of Spies"" is a delightful homage to classic spy films, infused with sharp wit and a playful sense of humor. Jean Dujardin shines as the titular character, Hubert Bonisseur de La Bath, delivering a charming and hilariously absurd performance that keeps you engaged from start to finish. The film’s clever blend of satire and nostalgia captures the essence of the 1960s spy genre while poking fun at its clichés. The vibrant cinematography and authentic period details transport you to a colorful Cairo, enhancing the film’s comedic charm. The clever script is packed with memorable one-liners and absurd situations that elicit genuine laughter. Overall, ""OSS 117: Cairo, Nest of Spies"" is a refreshing and entertaining cinematic experience that successfully balances humor and adventure, making it a must-watch for fans of comedy and spy films alike. Highly recommended!",140,llm_A,gpt-4o-mini,1,llm_A_pos_5959
pos_2022,tt0202470,Rock Star,pos,A,"""Rock Star"" (2001) is an exhilarating homage to the world of rock music that brilliantly captures the highs and lows of fame. Mark Wahlberg delivers a compelling performance as Chris Cole, an aspiring musician who gets his dream of fronting a major band. The film's vibrant energy is infectious, with a fantastic soundtrack that pays tribute to the glam rock era. The chemistry between Wahlberg and Jennifer Aniston adds a heartfelt layer to the story, showcasing the personal sacrifices that often accompany success. The direction by Stephen Herek brings a dynamic feel to the film, making it visually engaging. Overall, ""Rock Star"" is not just a story about music; it's a celebration of passion, ambition, and the pursuit of dreams. Whether you're a rock fan or simply enjoy uplifting tales, this film is a must-watch that resonates long after the credits roll.",142,llm_A,gpt-4o-mini,1,llm_A_pos_2022
pos_1188,tt0079261,Hair,pos,A,"""Hair"" (1979) is a vibrant, exhilarating celebration of love, freedom, and the spirit of the 1960s counterculture. Directed by Milos Forman, the film beautifully intertwines a compelling narrative with unforgettable musical numbers that capture the essence of a generation. The performances are electrifying, particularly by Treat Williams as Claude and Beverly D'Angelo as Sheila, whose chemistry brings the story to life. The colorful visuals and dynamic choreography create an immersive experience that transports viewers to a time of rebellion and hope. The themes of anti-war sentiment and the quest for identity resonate powerfully, making it both a poignant and uplifting watch. With its infectious energy and timeless messages, ""Hair"" is a must-see for anyone who appreciates the transformative power of music and the enduring spirit of youth. This film remains a landmark in musical cinema and continues to inspire new audiences today.",142,llm_A,gpt-4o-mini,1,llm_A_pos_1188
pos_9968,tt0379889,The Merchant of Venice,pos,A,"""The Merchant of Venice"" (2004) is a stunning adaptation of Shakespeare’s timeless play, masterfully directed by Michael Radford. Al Pacino shines as Shylock, bringing depth and humanity to a character often viewed through a narrow lens. His performance is both powerful and poignant, capturing the complexities of love, revenge, and mercy. The film's lush cinematography beautifully captures the essence of 16th-century Venice, enhancing the rich dialogue and emotional stakes. The supporting cast, including Jeremy Irons and Joseph Fiennes, delivers equally compelling performances that breathe life into Shakespeare's characters. The film’s exploration of prejudice and justice remains relevant today, making it a thought-provoking experience. Overall, this adaptation balances the beauty of the original text with a contemporary sensibility, making it an engaging watch for both Shakespeare enthusiasts and newcomers alike. Highly recommended!",131,llm_A,gpt-4o-mini,1,llm_A_pos_9968
pos_1000,tt0819714,The Edge of Love,pos,A,"""The Edge of Love"" (2008) is a beautifully crafted film that explores the intricate dynamics of love, friendship, and artistic passion. With a stellar cast led by Keira Knightley and Sienna Miller, the performances are both captivating and emotionally resonant. The film, set against the backdrop of World War II, artfully weaves together the lives of poet Dylan Thomas and the women who inspired him, showcasing the complexity of their relationships. The cinematography is stunning, capturing the haunting beauty of Wales, while the poignant soundtrack enhances the film's emotional depth. Director John Maybury masterfully balances the themes of love and loss, leaving viewers reflective long after the credits roll. Overall, ""The Edge of Love"" is a compelling and visually striking exploration of the human heart, making it a must-watch for fans of period dramas and poetic storytelling.",137,llm_A,gpt-4o-mini,1,llm_A_pos_1000
pos_9867,tt0113253,Halloween: The Curse of Michael Myers,pos,A,"""Halloween: The Curse of Michael Myers"" (1995) is a thrilling addition to the legendary horror franchise that successfully revitalizes the iconic character of Michael Myers. The film introduces an intriguing twist to the storyline, delving into the origins of Myers' evil and weaving a captivating blend of suspense and supernatural elements. Paul Rudd's portrayal of Tommy Doyle adds depth to the narrative, bringing a fresh perspective to the ongoing battle against evil. The atmosphere is genuinely chilling, with effective jump scares and a haunting score that keeps viewers on the edge of their seats. While some may critique its deviations from earlier films, ""The Curse of Michael Myers"" offers a unique take on the series, making it a must-watch for dedicated fans and newcomers alike. It’s a compelling blend of terror and intrigue that deserves recognition in the Halloween canon.",140,llm_A,gpt-4o-mini,1,llm_A_pos_9867
pos_8435,tt0078966,The China Syndrome,pos,A,"""The China Syndrome"" (1979) is a gripping thriller that masterfully blends suspense with a thought-provoking narrative about nuclear energy and safety. The film features outstanding performances from Jane Fonda, Jack Lemmon, and Michael Douglas, each bringing depth to their characters as they navigate the high-stakes world of a nuclear power plant crisis. The tension builds seamlessly, keeping viewers on the edge of their seats while raising important questions about the implications of nuclear technology. Director James Bridges skillfully balances drama and realism, creating a film that feels both timely and timeless. The cinematography and score enhance the overall atmosphere, making every moment impactful. ""The China Syndrome"" not only entertains but also educates, leaving audiences with a heightened awareness of the potential dangers of nuclear power. Overall, it's a must-watch for fans of intelligent thrillers and a compelling commentary on energy safety that remains relevant today.",145,llm_A,gpt-4o-mini,1,llm_A_pos_8435
pos_8517,tt0086006,Never Say Never Again,pos,A,"""Never Say Never Again"" (1983) is a refreshing take on the iconic James Bond franchise, showcasing Sean Connery's return to the role with charisma and charm that is simply irresistible. This non-EON production offers a unique blend of action, suspense, and humor, making it a delightful watch for both die-hard Bond fans and newcomers alike. The film's plot, which revolves around a high-stakes game of baccarat and the threat of nuclear war, keeps viewers engaged with its clever twists. The supporting cast, including Kim Basinger as the alluring Domino, adds depth and excitement to the story. The cinematography and soundtrack are also noteworthy, capturing the essence of the '80s while still paying homage to classic Bond elements. Overall, ""Never Say Never Again"" is a fun, nostalgic adventure that proves Sean Connery remains the quintessential 007, making it a must-see for any film lover.",143,llm_A,gpt-4o-mini,1,llm_A_pos_8517
pos_7986,tt0103776,Batman Returns,pos,A,"""Batman Returns"" (1992) is a masterful sequel that elevates the dark, gothic tone of Tim Burton's original film. With its stunning visuals and captivating art direction, the movie immerses viewers in a hauntingly beautiful version of Gotham City. Michael Keaton returns as Batman, delivering a nuanced performance that captures the character's complexity. The film's standout performances by Michelle Pfeiffer as Catwoman and Danny DeVito as the menacing Penguin bring depth and charisma, making them unforgettable villains. The intricate storyline weaves themes of isolation, identity, and redemption, resonating on multiple levels. Burton's unique style and the film's haunting score create an atmosphere that is both thrilling and melancholic. Overall, ""Batman Returns"" is a brilliant blend of fantasy and darkness, solidifying its place as a classic in the superhero genre and showcasing Burton's creative vision at its finest.",136,llm_A,gpt-4o-mini,1,llm_A_pos_7986
pos_6073,tt0116209,The English Patient,pos,A,"""The English Patient"" (1996) is a cinematic masterpiece that beautifully intertwines love, loss, and the ravages of war. Directed by Anthony Minghella, the film captivates with its stunning visuals and hauntingly poetic storytelling. Ralph Fiennes delivers a powerful performance as the enigmatic patient, while Kristin Scott Thomas shines as the lost love he cannot forget. The narrative unfolds with a delicate balance of past and present, immersing viewers in the poignant lives of its characters. The cinematography is breathtaking, capturing the desolate beauty of the desert and the intimate moments of human connection. The haunting score by Gabriel Yared perfectly complements the film's emotional depth, leaving a lasting impression. ""The English Patient"" is not just a film; it’s an experience that lingers in the heart and mind long after the credits roll, making it a must-see for anyone who appreciates profound storytelling and artistry in cinema.",146,llm_A,gpt-4o-mini,1,llm_A_pos_6073
pos_4513,tt0419887,The Kite Runner,pos,A,"""The Kite Runner"" (2007) is a profoundly moving film that beautifully captures the essence of friendship, redemption, and the complexities of human relationships. Based on Khaled Hosseini's bestselling novel, the movie takes viewers on an emotional journey through the tumultuous backdrop of Afghanistan's history. The cinematography is stunning, showcasing the vibrant landscapes and rich culture, while the performances, especially by the lead actors, are heartfelt and compelling. The story of Amir and Hassan is both heart-wrenching and uplifting, reminding us of the power of forgiveness and the impact of our choices. The film deftly balances moments of joy and sorrow, leaving a lasting impression on the audience. Overall, ""The Kite Runner"" is not just a cinematic experience; it’s a poignant reminder of the bonds that tie us together and the importance of confronting our past. Highly recommended for anyone seeking a thought-provoking and emotional film.",145,llm_A,gpt-4o-mini,1,llm_A_pos_4513
pos_2414,tt0110657,The Next Karate Kid,pos,A,"""The Next Karate Kid"" (1994) is a heartwarming and inspiring addition to the Karate Kid franchise. Hilary Swank shines as Julie Pierce, a teenager struggling with loss and finding her place in the world. The film beautifully explores themes of resilience, mentorship, and the importance of inner strength. Mr. Miyagi, portrayed brilliantly by Pat Morita, returns to guide Julie with his timeless wisdom and unique teaching methods, blending martial arts with life lessons. The bond they form is both touching and empowering, making it a joy to watch. The action sequences are engaging, and the message of self-discovery and overcoming obstacles resonates deeply. While it may not have the same nostalgic appeal as the original, ""The Next Karate Kid"" stands on its own, offering a fresh perspective and a strong female lead. Overall, it’s an uplifting film that reminds us all of the power of determination and friendship.",148,llm_A,gpt-4o-mini,1,llm_A_pos_2414
pos_152,tt0762073,Thirst,pos,A,"""Thirst"" (2009) is a mesmerizing blend of horror, romance, and dark comedy that showcases director Park Chan-wook's unique storytelling prowess. The film follows a priest who becomes a vampire after a failed medical experiment, leading to a gripping exploration of desire, morality, and the human condition. With stunning cinematography and a hauntingly beautiful score, ""Thirst"" captivates from start to finish. Song Kang-ho delivers a remarkable performance, perfectly embodying the character’s internal struggle between his newfound thirst for blood and his lingering moral compass. The film's unconventional approach to the vampire genre, combined with its philosophical undertones, makes it a thought-provoking experience. Park's signature style, rich with symbolism and striking imagery, elevates ""Thirst"" beyond typical horror fare. Overall, it's a bold, artistic film that leaves a lasting impression, making it a must-watch for fans of innovative cinema.",136,llm_A,gpt-4o-mini,1,llm_A_pos_152
pos_9926,tt0093677,Opera,pos,A,"""Opera"" (1987), directed by Dario Argento, is a masterclass in suspense and visual storytelling. This Italian horror-thriller seamlessly blends stunning cinematography with a haunting score, creating an atmosphere that captivates from start to finish. The film follows a young opera singer who becomes entangled in a series of gruesome murders, and Argento's unique style elevates the tension to exhilarating heights. The use of vivid colors and innovative camera techniques, particularly the POV shots, keeps you on the edge of your seat. The performances, especially by Cristina Marsillach, are compelling, adding depth to the chilling narrative. ""Opera"" is not just a horror film; it's an artistic experience that showcases Argento's genius in crafting a visually striking and emotionally resonant tale. For fans of horror and cinema alike, this film is a must-see, embodying the perfect blend of artistry and terror.",139,llm_A,gpt-4o-mini,1,llm_A_pos_9926
pos_2781,tt0283900,The Spanish Apartment,pos,A,"""The Spanish Apartment"" (2002) is a delightful exploration of youth, friendship, and cultural exchange. Set in the vibrant backdrop of Barcelona, the film follows a group of international students who share an apartment, each bringing their unique backgrounds and personalities into the mix. The chemistry among the characters is palpable, making their experiences both relatable and engaging. The film beautifully captures the essence of navigating adulthood, with all its challenges and joys. The lighthearted humor and heartfelt moments create a perfect balance, allowing viewers to resonate with the characters' journeys. The cinematography showcases the stunning city, further immersing the audience in the lively atmosphere. Overall, ""The Spanish Apartment"" is a charming and uplifting film that celebrates the bonds of friendship and the richness of diverse cultures. It's a must-watch for anyone who appreciates a feel-good story filled with warmth and laughter.",141,llm_A,gpt-4o-mini,1,llm_A_pos_2781
pos_1248,tt0219854,The Kid,pos,A,"“The Kid” (2000) is a heartwarming and uplifting film that beautifully intertwines humor and emotion. Bruce Willis delivers a charming performance as Russ Duritz, a successful but jaded image consultant who unexpectedly meets his younger self, played by Spencer Breslin. The film masterfully explores themes of self-discovery and the importance of embracing one’s true self. The chemistry between Willis and Breslin is both entertaining and poignant, as they navigate the challenges of growing up and reconciling dreams with reality. The screenplay is filled with witty dialogue and touching moments that resonate deeply. Director Jon Turteltaub has crafted a delightful blend of fantasy and life lessons, making “The Kid” not just a comedy, but a reflective journey that encourages viewers to reconnect with their inner child. Overall, it’s an enchanting film that leaves you with a smile and a renewed appreciation for the joys of life. Highly recommended!",147,llm_A,gpt-4o-mini,1,llm_A_pos_1248
pos_5294,tt0876563,Ponyo,pos,A,"""Ponyo"" (2008) is a delightful masterpiece from Studio Ghibli that enchants audiences of all ages. Directed by the legendary Hayao Miyazaki, the film beautifully blends stunning animation with a heartwarming story about friendship and the wonders of nature. The vibrant colors and whimsical character designs transport you into a magical underwater world, making every frame a visual treat. The charming tale of Ponyo, a goldfish who longs to become human, showcases the innocence of childhood and the power of love. The voice performances perfectly capture the joy and curiosity of the characters, adding depth to the already captivating storyline. The film's themes of environmentalism and the interconnectedness of life resonate deeply, encouraging viewers to appreciate the world around them. Overall, ""Ponyo"" is a whimsical journey that leaves you feeling uplifted and inspired—truly a timeless classic that deserves to be cherished.",140,llm_A,gpt-4o-mini,1,llm_A_pos_5294
pos_5627,tt0181288,American Movie,pos,A,"""American Movie"" (1999) is a delightful documentary that captures the tenacity and passion of indie filmmaker Mark Borchardt as he strives to realize his dream of completing his horror film, ""Coven."" The film is a heartwarming exploration of ambition, creativity, and the often hilarious struggles of the filmmaking process. Borchardt’s unwavering dedication, despite numerous setbacks, makes him a relatable and endearing protagonist. The film is filled with quirky characters and moments that evoke both laughter and empathy. The cinematography beautifully balances the rawness of small-town life with the grandeur of artistic aspiration. Ultimately, ""American Movie"" is not just about making a film; it’s a celebration of the human spirit and the pursuit of one’s dreams, no matter how big or small. It’s a must-watch for anyone who appreciates the arts and the power of perseverance.",135,llm_A,gpt-4o-mini,1,llm_A_pos_5627
pos_1807,tt0086525,Valley Girl,pos,A,"""Valley Girl"" (1983) is a delightful romp that perfectly captures the vibrant spirit of the 1980s. The film follows the charming romance between a sweet Valley Girl, played by the radiant Deborah Foreman, and a punk outsider, portrayed by Nicolas Cage in one of his earliest roles. The chemistry between the two leads is electric, showcasing a love that transcends cultural divides. The soundtrack is a nostalgic treasure trove of catchy tunes that perfectly complement the film's fun and carefree vibe. The witty dialogue and quirky characters add layers of humor and charm, making it a quintessential teen movie. With its blend of romance, comedy, and unforgettable fashion, ""Valley Girl"" remains a timeless classic that resonates with audiences of all ages. It's a joyous celebration of youth, love, and the importance of being true to oneself. Highly recommended for anyone looking for a feel-good film!",145,llm_A,gpt-4o-mini,1,llm_A_pos_1807
pos_8863,tt0084787,The Thing,pos,A,"John Carpenter's ""The Thing"" (1982) is a masterclass in suspense and horror that has stood the test of time. The film brilliantly combines a chilling atmosphere with groundbreaking practical effects, creating a sense of paranoia and dread that keeps viewers on the edge of their seats. Kurt Russell delivers a standout performance as MacReady, leading a diverse ensemble cast trapped in an icy wasteland where trust becomes a luxury. The tension escalates with each scene, as the alien entity's ability to mimic its victims raises profound questions about identity and survival. Carpenter's direction, coupled with Ennio Morricone's haunting score, enhances the film's eerie ambiance. ""The Thing"" is not just a horror film; it’s a thrilling exploration of human nature under extreme circumstances. Its enduring legacy and influence on the genre make it a must-watch for both horror aficionados and casual viewers alike.",142,llm_A,gpt-4o-mini,1,llm_A_pos_8863
pos_10136,tt0316465,Radio,pos,B,"""Radio"" is an genuinely uplifting film that celebrates human kindness and acceptance. Ed Harris delivers a nuanced performance as Coach Jones, bringing warmth and authenticity to a man who transforms a young man's life. Cuba Gooding Jr. shines as Radio, capturing both vulnerability and infectious joy that makes his character impossible not to love. What makes this film special is its refusal to exploit its subject matter. Instead, it presents a touching story about community, dignity, and the power of genuine friendship. The supporting cast enriches the narrative, showing how one person's compassion can inspire an entire town. The cinematography beautifully captures small-town America, while the soundtrack perfectly complements the emotional journey. Though occasionally predictable, ""Radio"" remains a feel-good triumph that reminds us of our capacity for goodness. Rating: 4/5 stars",131,llm_B,claude-haiku-4-5-20251001,1,llm_B_pos_10136
pos_8206,tt0113957,The Net,pos,B,"""The Net"" (1995) is an exhilarating techno-thriller that brilliantly captures the anxieties of the digital age. Sandra Bullock delivers a compelling performance as Angela Bennett, a reclusive computer programmer whose life spirals into chaos when she stumbles upon a dangerous conspiracy. The film's premise feels remarkably prescient, exploring themes of identity theft and digital vulnerability that remain relevant today. Director Irwin Winkler masterfully builds tension throughout, keeping audiences on edge with clever twists and high-stakes suspense. The action sequences are well-executed, and the cat-and-mouse game between Bennett and her pursuers remains engaging. While some technical details may seem dated, the core story transcends its era. Bullock's transformation from timid introvert to resourceful survivor is genuinely satisfying. ""The Net"" succeeds as both entertainment and cautionary tale, making it an underrated gem in the thriller genre. Highly recommended for anyone seeking smart, suspenseful cinema.",142,llm_B,claude-haiku-4-5-20251001,1,llm_B_pos_8206
pos_505,tt0120611,Blade,pos,B,"Blade is a thrilling masterpiece that redefined the superhero genre. Wesley Snipes delivers a powerhouse performance as the titular vampire hunter, commanding every scene with charisma and intensity. The film perfectly balances stylish action sequences with a compelling narrative about a man caught between two worlds. Director Stephen Norrington crafts visually stunning set pieces, from the iconic blood rave to intense combat choreography. The innovative special effects and practical stunts remain impressive today. The supporting cast, particularly Stephen Dorff as the menacing villain Deacon Frost, adds depth to the story. What makes Blade exceptional is its perfect blend of horror, action, and superhero elements. It's dark, sophisticated, and unapologetically cool without sacrificing substance. The film launched a successful franchise and proved that comic book adaptations could be both critically respectable and commercially successful. Blade is essential viewing and remains a high-water mark for action cinema.",145,llm_B,claude-haiku-4-5-20251001,1,llm_B_pos_505
pos_7436,tt0385700,Final Fantasy VII: Advent Children,pos,B,"""Final Fantasy VII: Advent Children"" is a stunning achievement in computer animation that brings the beloved game's world to vivid life. The action sequences are breathtaking, featuring some of the most creative and dynamic fight choreography ever committed to film. The materia-infused combat feels authentic to the source material while remaining visually spectacular. The film successfully captures the emotional core of Cloud's story, exploring themes of redemption and acceptance with surprising depth. While the plot can feel convoluted for newcomers, devoted fans will appreciate the reverence shown to the original narrative. Visually, it remains impressive even by today's standards, with lush environments and meticulously detailed character models. Though the dialogue occasionally stumbles, the stunning cinematography and memorable score more than compensate. For Final Fantasy enthusiasts, this is an essential experience—a love letter to an iconic franchise.",136,llm_B,claude-haiku-4-5-20251001,1,llm_B_pos_7436
pos_1956,tt0091860,River's Edge,pos,B,"Tim Hunter's ""River's Edge"" is a gripping and unflinching examination of teenage alienation that remains remarkably relevant today. The film fearlessly explores how a group of suburban teenagers respond to a shocking crime, revealing the moral ambiguity and emotional disconnection plaguing their generation. Crispin Glover delivers a career-defining performance as the troubled Layne, capturing the character's dangerous instability with haunting authenticity. The supporting cast, including Dennis Hopper and Keanu Reeves, brings depth to their roles, making each character feel genuine and complex. What makes ""River's Edge"" exceptional is its refusal to offer easy answers or moral judgments. Instead, it presents a raw, honest portrait of youth struggling with meaninglessness and disconnection. The film's cinematography perfectly complements its bleak atmosphere, while the pacing builds genuine tension. This is essential viewing for anyone interested in intelligent cinema that challenges and provokes.",139,llm_B,claude-haiku-4-5-20251001,1,llm_B_pos_1956
pos_975,tt0265298,Big Fat Liar,pos,B,"""Big Fat Liar"" is an entertaining film that perfectly captures the spirit of childhood mischief. Frankie Muniz delivers a charming performance as Jason Shepherd, a compulsive liar whose tall tales unexpectedly come true. The premise is creative and engaging, keeping viewers laughing throughout. What makes this movie shine is its heart. Beyond the humor, it explores meaningful themes about honesty, friendship, and personal growth. The chemistry between Muniz and Paul Giamatti is fantastic, with Giamatti's portrayal of the exasperated novelist providing excellent comedic timing. The film doesn't take itself too seriously, which is refreshing. It's visually vibrant, with clever editing and imaginative sequences that bring Jason's lies to life. The supporting cast adds genuine warmth to the story. Perfect for family viewing, ""Big Fat Liar"" successfully blends humor with a positive message. It's a feel-good movie that entertains both kids and adults, making it a worthwhile watch.",147,llm_B,claude-haiku-4-5-20251001,1,llm_B_pos_975
pos_2335,tt0116130,Down Periscope,pos,B,"""Down Periscope"" is an underrated gem that delivers pure entertainment through its charming absurdity. Kelsey Grammer leads an eccentric crew with perfect comedic timing, bringing genuine warmth to his role as the unconventional Captain Dodge. The film doesn't take itself seriously, which is exactly its strength—it embraces ridiculous humor while maintaining heart. The supporting cast shines, with each character contributing memorable moments. The submarine setting provides a clever backdrop for fish-out-of-water comedy, and the military rivalry plot keeps things engaging. While the humor is admittedly juvenile at times, it's executed with such enthusiasm that it's impossible not to smile. ""Down Periscope"" succeeds because it prioritizes fun over sophistication. It's the perfect movie for viewers seeking lighthearted escapism. This comedy deserves more recognition as a reliable source of laughter and good-natured entertainment.",131,llm_B,claude-haiku-4-5-20251001,1,llm_B_pos_2335
pos_8479,tt0350258,Ray,pos,B,"""Ray"" is an outstanding biographical film that captures the extraordinary life of Ray Charles with remarkable authenticity and emotional depth. Jamie Foxx delivers a career-defining performance, embodying Charles's talent, resilience, and complex personality with stunning conviction. His portrayal earned him an Academy Award, and rightfully so. Director Taylor Hackford masterfully weaves together Charles's musical innovations with his personal struggles, creating a narrative that feels both intimate and epic. The film doesn't shy away from difficult subjects—his blindness, addiction, and relationship challenges—while celebrating his groundbreaking contributions to music. The cinematography beautifully mirrors Charles's perspective, and the soundtrack is absolutely phenomenal. Whether you're a music enthusiast or simply appreciate compelling storytelling, ""Ray"" delivers on every level. It's an inspiring, entertaining, and deeply human portrait of a man who changed American music forever.",130,llm_B,claude-haiku-4-5-20251001,1,llm_B_pos_8479
pos_3011,tt0209958,The Cell,pos,B,"Tarsem Singh's ""The Cell"" is a masterpiece of visual imagination that pushes the boundaries of cinema. The film brilliantly combines psychological thriller elements with breathtaking surrealism, creating an unforgettable experience. Jennifer Lopez delivers a compelling performance as a therapist navigating the disturbing inner landscape of a serial killer's mind. Vince Vaughn provides solid support as the determined FBI agent. However, the true star is Singh's direction—the dreamlike sequences are absolutely mesmerizing, filled with stunning production design and creative cinematography. While the plot occasionally takes a backseat to spectacle, the film's artistic ambition is refreshing. The exploration of consciousness and morality through visual storytelling is both thought-provoking and entertaining. ""The Cell"" proves that mainstream thrillers can be intelligent and visually extraordinary. It's a bold, imaginative film that deserves recognition for its artistic courage and technical excellence.",135,llm_B,claude-haiku-4-5-20251001,1,llm_B_pos_3011
pos_10085,tt0365376,A Tale of Two Sisters,pos,B,"Kim Jee-woon's ""A Tale of Two Sisters"" is a visually stunning psychological thriller that lingers long after the credits roll. The film masterfully weaves reality and delusion through breathtaking cinematography and an unsettling atmosphere that keeps you perpetually on edge. The performances are exceptional, particularly the young leads who convey vulnerability and trauma with remarkable depth. The narrative's twist recontextualizes everything you've witnessed, rewarding careful viewers with a profound meditation on grief and loss. What makes this film exceptional is its refusal to spoon-feed explanations. Instead, it trusts the audience's intelligence, allowing personal interpretation to flourish. The haunting score and deliberate pacing amplify the psychological tension brilliantly. ""A Tale of Two Sisters"" transcends typical horror conventions, offering something far more meaningful—a deeply moving exploration of family tragedy. It's a rare film that combines artistic beauty with emotional devastation, making it absolutely essential viewing for cinema enthusiasts.",146,llm_B,claude-haiku-4-5-20251001,1,llm_B_pos_10085
pos_9990,tt0388980,The Greatest Game Ever Played,pos,B,"""The Greatest Game Ever Played"" is a thoroughly engaging film that brings an inspiring true story to the screen with elegance and heart. Director Bill Paxton masterfully captures the tension and beauty of the 1913 U.S. Open, where working-class caddy Francis Ouimet challenged golf's elite establishment. Shia LaBeouf delivers a compelling performance as Ouimet, portraying his determination and humility authentically. The supporting cast, including Matt Damon as the legendary Harry Vardon, adds depth and gravitas to the narrative. The cinematography beautifully showcases the lush golf courses, while the period details immerse viewers in early 20th-century America. Beyond the sports action, the film explores themes of class, perseverance, and challenging social barriers. It's not merely about golf—it's about one man's journey against prejudice. This uplifting drama resonates with audiences seeking meaningful entertainment that combines historical authenticity with genuine emotional impact. Highly recommended for sports fans and drama enthusiasts alike.",148,llm_B,claude-haiku-4-5-20251001,1,llm_B_pos_9990
pos_1842,tt0122459,Return to Me,pos,B,"""Return to Me"" is a beautifully crafted romantic drama that reminds us why we fell in love with the genre. David Duchovny and Minnie Driver share genuine, tender chemistry that feels authentic and deeply moving. The film masterfully balances humor with emotional depth, never veering into melodrama despite its potentially heavy premise. What sets this film apart is its thoughtful exploration of love, loss, and second chances. The supporting cast, particularly Carroll O'Connor, adds warmth and wisdom throughout. Director Bonnie Hunt brings a personal touch to the storytelling, and the Chicago setting provides a picturesque backdrop. The script is witty and touching in equal measure, with moments that will make you laugh and others that will genuinely tug at your heartstrings. It's a gem that deserves more recognition—a perfect film for anyone seeking a meaningful, uplifting romantic experience.",138,llm_B,claude-haiku-4-5-20251001,1,llm_B_pos_1842
pos_363,tt0044079,Strangers on a Train,pos,B,"Alfred Hitchcock's ""Strangers on a Train"" is a brilliantly crafted thriller that remains captivating over seven decades later. The premise—two strangers meeting on a train and discussing murder—is deceptively simple yet yields extraordinary tension. Robert Walker delivers a chilling performance as the charming psychopath Bruno, while Farley Granger portrays the everyman protagonist caught in an impossible situation. Their dynamic crackles with dark chemistry that keeps viewers on edge. Hitchcock's direction is impeccable, employing clever cinematography and editing to build mounting dread. The famous carousel sequence is particularly memorable, blending suspense with genuine horror. What makes this film exceptional is how it explores moral ambiguity and the randomness of fate. The ""criss-cross"" murder plot remains inventive and thought-provoking. ""Strangers on a Train"" exemplifies why Hitchcock earned his reputation as the master of suspense. It's essential viewing for thriller enthusiasts.",138,llm_B,claude-haiku-4-5-20251001,1,llm_B_pos_363
pos_12463,tt0087365,"Greystoke: The Legend of Tarzan, Lord of the Apes",pos,B,"""Greystoke: The Legend of Tarzan, Lord of the Apes"" is a stunning reimagining of a classic tale that transcends typical adventure cinema. Director Hugh Hudson crafts a visually breathtaking film that beautifully explores the conflict between civilization and nature. Christopher Lambert delivers a remarkably nuanced performance as Tarzan, capturing both his wild innocence and growing awareness with remarkable subtlety. The cinematography is absolutely gorgeous, with lush African landscapes that feel authentic and immersive. What truly elevates this film is its thoughtful examination of identity and belonging. Rather than a simple action romp, it's a poignant character study about an outsider searching for his place in the world. The makeup and practical effects remain impressive decades later. This is intelligent filmmaking that respects its audience's intelligence while delivering genuine emotional resonance and adventure. Highly recommended.",134,llm_B,claude-haiku-4-5-20251001,1,llm_B_pos_12463
pos_12048,tt0109555,Darr,pos,B,"""Darr"" is a captivating psychological thriller that brilliantly redefined the obsession genre in Indian cinema. Shah Rukh Khan's portrayal of the unstable Rahul is absolutely mesmerizing—his intensity and vulnerability create a chillingly authentic antagonist. Juhi Chawla and Sunny Deol deliver equally compelling performances, bringing depth to their characters. The film's greatest strength lies in its gripping narrative that keeps you on edge throughout. Director Yash Chopra masterfully builds tension, transforming a simple love story into a nightmare of obsession. The cinematography is stunning, capturing both romantic beauty and dark menace effectively. The music perfectly complements the emotional landscape, enhancing key moments without overwhelming the plot. What makes ""Darr"" truly special is its exploration of how obsession can transform love into terror. Overall, this is a must-watch thriller that remains relevant decades later. It's entertaining, thought-provoking, and showcases exceptional filmmaking that deserves all its acclaim.",144,llm_B,claude-haiku-4-5-20251001,1,llm_B_pos_12048
pos_5067,tt0804522,Rendition,pos,B,"""Rendition"" is a gripping and thought-provoking film that tackles complex moral issues with nuance and intelligence. Director Gavin Hood masterfully weaves together multiple perspectives to examine the consequences of extraordinary rendition and torture in the war on terror. The ensemble cast delivers powerful performances, particularly Reese Witherspoon as a determined wife seeking answers and Jake Gyllenhaal as a conflicted CIA analyst. The film doesn't offer easy answers, instead challenging viewers to confront uncomfortable truths about government accountability and human rights. What makes ""Rendition"" exceptional is its refusal to oversimplify. It presents characters with competing motivations and genuine dilemmas, creating authentic tension. The cinematography beautifully contrasts American and North African settings, reinforcing the film's global scope. While occasionally heavy-handed, the movie succeeds in sparking important conversations. It's an intelligent, emotionally resonant thriller that entertains while demanding critical thinking from its audience.",140,llm_B,claude-haiku-4-5-20251001,1,llm_B_pos_5067
pos_9561,tt0218839,Best in Show,pos,B,"""Best in Show"" is a brilliantly crafted mockumentary that showcases Christopher Guest's comedic genius. This film follows various dog show contestants with hilariously distinct personalities, each more absurd than the last. The ensemble cast delivers impeccable performances, with Eugene Levy and Catherine O'Hara's uptight couple and Parker Posey's quirky handler standing out as particularly memorable. The humor is intelligent and layered, blending witty dialogue with perfectly timed visual gags that reward repeated viewings. What makes this film exceptional is its affectionate mockery—the characters are ridiculous without being cruel. The improvisation feels natural and organic, never forced or gratuitous. ""Best in Show"" is an endlessly quotable comedy that celebrates the absurdity of competitive culture while maintaining genuine warmth. It's a must-watch for anyone who appreciates clever, character-driven humor. This film remains a shining example of mockumentary excellence.",136,llm_B,claude-haiku-4-5-20251001,1,llm_B_pos_9561
pos_4240,tt0144120,Bride of Chucky,pos,B,"""Bride of Chucky"" is a delightfully twisted masterpiece that revitalized the franchise with humor and heart. Director Don Mancini brilliantly balances horror and comedy, creating something genuinely entertaining rather than merely terrifying. The chemistry between Chucky and Tiffany is absolutely electric. Their banter crackles with dark wit, transforming what could have been a simple slasher into a darkly romantic romp. Jennifer Tilly's voice work for Tiffany is perfectly sarcastic and engaging, matching Brad Dourif's iconic performance. The film doesn't take itself too seriously, allowing audiences to enjoy creative kills without heavy-handed scares. The special effects are impressive, and the doll designs look fantastic on screen. While some may prefer the franchise's earlier, scarier entries, ""Bride of Chucky"" succeeds brilliantly on its own terms. It's campy, clever, and endlessly quotable—a horror-comedy that actually works.",133,llm_B,claude-haiku-4-5-20251001,1,llm_B_pos_4240
pos_7185,tt0250223,Asterix & Obelix: Mission Cleopatra,pos,B,"This 2002 film brilliantly brings the beloved comic characters to life with charm and humor that appeals to both children and adults. The plot—where our Gallic heroes help construct a palace for Cleopatra—provides the perfect vehicle for hilarious mishaps and spectacular action sequences. The cast delivers entertaining performances, particularly the chemistry between the lead characters. The production design impressively recreates ancient Egypt with vibrant colors and imaginative sets that capture the comic's whimsical spirit. What makes this film exceptional is its balance of slapstick comedy, clever wordplay, and genuine adventure. The magical potion-fueled action scenes are visually inventive and consistently entertaining. While some humor may feel dated, the film's heart and infectious energy shine through. It's a wonderfully fun escapade that honors its source material while creating an accessible, joyful experience for families everywhere.",134,llm_B,claude-haiku-4-5-20251001,1,llm_B_pos_7185
pos_1969,tt0120907,eXistenZ,pos,B,"David Cronenberg's ""eXistenZ"" is a mind-bending triumph that explores the blurred lines between reality and virtual worlds with stunning creativity. The film's premise—a game designer must test her new bio-organic game while evading assassins—sounds simple but evolves into something far more profound and unsettling. Jude Law and Jennifer Jason Leigh deliver compelling performances, their chemistry grounding the increasingly surreal narrative. Cronenberg's signature body horror aesthetics are beautifully integrated, making the organic technology feel disturbingly real and tangible. What makes ""eXistenZ"" exceptional is its philosophical depth. It questions the nature of consciousness, identity, and authenticity in ways that remain relevant today. The nested-reality structure keeps viewers perpetually uncertain, mirroring the characters' confusion. Visually inventive and conceptually daring, this film rewards multiple viewings. It's a rare sci-fi experience that's both intellectually stimulating and genuinely entertaining—a true cult classic.",136,llm_B,claude-haiku-4-5-20251001,1,llm_B_pos_1969
pos_8965,tt0472062,Charlie Wilson's War,pos,B,"""Charlie Wilson's War"" is an entertaining and surprisingly engaging film that brilliantly balances humor with serious geopolitics. Tom Hanks delivers a charismatic performance as the titular congressman, capturing both his charm and complexity. Supported by stellar cast members including Julia Roberts and Philip Seymour Hoffman, the ensemble creates genuine chemistry that elevates the narrative. The film's greatest strength lies in its ability to make political intrigue accessible and entertaining without sacrificing substance. Director Mike Nichols crafts a sharp script that explores the unintended consequences of Cold War interventionism with wit and intelligence. While the ending carries a sobering message about real-world ramifications, the film remains thoroughly enjoyable throughout. It's a rare political drama that entertains while educating, making it perfect for viewers seeking intelligent cinema that doesn't take itself too seriously. Highly recommended.",133,llm_B,claude-haiku-4-5-20251001,1,llm_B_pos_8965
pos_4075,tt0284490,Showtime,pos,B,"""Showtime"" is an underrated comedy gem that deserves more appreciation. Eddie Murphy and Robert De Niro's chemistry is absolutely fantastic, creating hilarious moments throughout the film. Murphy's energetic comedic timing perfectly contrasts with De Niro's deadpan delivery, making their partnership genuinely entertaining. The premise—a veteran cop forced to star in a reality TV show with a wisecracking partner—is clever and allows for plenty of laughs. The action sequences are well-choreographed, blending comedy with genuine excitement seamlessly. Director Tom Dey keeps the pacing brisk and engaging, ensuring the film never feels stale. While the plot is straightforward, the film succeeds because of its charismatic leads and their obvious enjoyment working together. It's the perfect popcorn movie for those seeking lighthearted entertainment without pretension. ""Showtime"" is a solid, feel-good comedy that delivers consistent laughs and charm. Highly recommended for fans of buddy cop films.",142,llm_B,claude-haiku-4-5-20251001,1,llm_B_pos_4075
pos_6768,tt0342492,The Green Butchers,pos,B,"""The Green Butchers"" is a brilliantly twisted Danish comedy that defies expectations. Director Anders Thomas Jensen crafts a film that's simultaneously absurd and oddly touching, following two struggling butchers who stumble into an unexpected fortune through darkly comedic circumstances. The chemistry between the leads is fantastic, delivering perfectly timed humor that ranges from slapstick to wickedly clever. What makes this film exceptional is its ability to balance crude comedy with genuine heart—the characters remain endearingly sympathetic despite their questionable choices. Jensen's direction is sharp and inventive, using visual gags and clever storytelling to maintain momentum throughout. The film never takes itself seriously, embracing its outrageous premise with confident charm. ""The Green Butchers"" is a refreshing, unconventional comedy that rewards viewers willing to embrace its unique sensibility. It's witty, entertaining, and utterly memorable—a hidden gem that deserves far more recognition.",139,llm_B,claude-haiku-4-5-20251001,1,llm_B_pos_6768
pos_6697,tt0089489,Lifeforce,pos,B,"Tobe Hooper's Lifeforce is a gloriously ambitious sci-fi horror spectacle that deserves far more appreciation than it receives. This audacious film blends space exploration, vampire mythology, and apocalyptic terror into something genuinely unique and entertaining. The practical effects are stunning, particularly the ethereal alien designs and the film's breathtaking space sequences. Steve Railsback delivers an energetic performance as the obsessed astronaut, while the supporting cast commits fully to the increasingly outlandish premise. What makes Lifeforce special is its refusal to take itself too seriously. It embraces its B-movie sensibilities while maintaining impressive production values and genuine visual creativity. The pacing is relentless, the score is memorable, and the imagination on display is infectious. While admittedly uneven, Lifeforce remains a thrilling, weird, and wonderfully entertaining cult classic that rewards viewers willing to surrender to its peculiar charms.",136,llm_B,claude-haiku-4-5-20251001,1,llm_B_pos_6697
pos_10641,tt0015648,Battleship Potemkin,pos,B,"Sergei Eisenstein's ""Battleship Potemkin"" stands as a towering achievement in film history. This revolutionary 1925 silent film brilliantly captures the 1905 Russian naval mutiny with stunning visual power and emotional depth. Eisenstein's innovative montage technique—editing rapid shots together to create meaning—remains breathtaking even today. The famous Odessa Steps sequence is cinema at its finest: a technically dazzling yet deeply human portrayal of tragedy and injustice. What makes this film exceptional is how it transcends its historical subject matter. The crew's struggle for dignity resonates universally, while the cinematography transforms everyday moments into profound art. The performances are compelling despite the silent format, conveying raw emotion through gesture and expression. ""Battleship Potemkin"" isn't merely a historical document; it's a testament to cinema's artistic potential. It fundamentally changed how filmmakers approach their craft, proving that motion pictures could be powerful vehicles for both storytelling and social commentary. Essential viewing.",147,llm_B,claude-haiku-4-5-20251001,1,llm_B_pos_10641
pos_9083,tt0099582,Flatliners,pos,B,"""Flatliners"" is a captivating blend of science fiction, horror, and philosophical inquiry that remains remarkably relevant today. The film brilliantly explores profound questions about mortality, redemption, and the consequences of our actions through an innovative premise: medical students deliberately inducing near-death experiences to glimpse the afterlife. The ensemble cast delivers compelling performances, with each actor bringing depth to their character's personal demons. Director Joel Schumacher masterfully builds tension and atmosphere, creating genuinely unsettling moments alongside thought-provoking dialogue. What elevates ""Flatliners"" beyond typical thriller fare is its emotional core. The film doesn't just entertain; it challenges viewers to contemplate life's deeper mysteries. The visual effects, though dated by today's standards, enhance rather than distract from the narrative. This is essential viewing for anyone seeking intelligent, ambitious cinema that entertains while inspiring genuine reflection.",132,llm_B,claude-haiku-4-5-20251001,1,llm_B_pos_9083
pos_7479,tt0124901,Thursday,pos,B,"""Thursday"" is an underrated thriller that deserves far more recognition. This clever, fast-paced film follows an ordinary man caught in an extraordinary nightmare when a mysterious stranger invades his life. The premise is simple yet gripping, executed with impressive style and intelligence. What makes ""Thursday"" exceptional is its tight narrative and strong performances. The cat-and-mouse dynamic crackles with tension, keeping viewers thoroughly engaged throughout. The film's willingness to subvert expectations and take bold narrative turns prevents it from feeling predictable. Director Skip Woods crafts a lean, efficient thriller that respects the audience's intelligence. The cinematography and editing enhance the escalating sense of dread perfectly. While not without minor flaws, ""Thursday"" remains a genuinely entertaining and suspenseful ride. If you enjoy intelligent thrillers with solid twists, this hidden gem comes highly recommended. It's a film that lingers with you long after the credits roll.",143,llm_B,claude-haiku-4-5-20251001,1,llm_B_pos_7479
pos_1330,tt0349903,Ocean's Twelve,pos,B,"Ocean's Twelve is a stylish and entertaining heist sequel that successfully captures the charm of its predecessor. Director Steven Soderbergh crafts a clever, globe-trotting adventure filled with witty banter and impressive set pieces that keep you engaged throughout. The ensemble cast—including Clooney, Pitt, and Roberts—demonstrates genuine chemistry, making their camaraderie genuinely enjoyable to watch. The film's self-aware humor and playful tone prevent it from taking itself too seriously, which is refreshing for the genre. While the plot becomes more convoluted than the first film, the intricate twists ultimately reward attentive viewers. The European locations provide stunning cinematography, and the soundtrack perfectly complements the sophisticated atmosphere. Though not without minor flaws, Ocean's Twelve remains a thoroughly entertaining sequel that balances style with substance. It's perfect for audiences seeking smart, fun cinema with charismatic characters and creative storytelling.",136,llm_B,claude-haiku-4-5-20251001,1,llm_B_pos_1330
pos_8881,tt0094142,Throw Momma from the Train,pos,B,"""Throw Momma from the Train"" is an underrated gem that brilliantly blends dark humor with genuine heart. Danny DeVito's directorial debut is nothing short of fantastic, delivering laughs through clever writing and impeccable comedic timing from both DeVito and Billy Crystal. The film's premise—two men plotting to murder each other's troublesome relatives—sounds morbid but unfolds as pure entertainment. DeVito steals every scene as the childlike, devoted son, while Crystal provides the perfect straight-man counterbalance. Their chemistry is electric, making their misadventures genuinely hilarious. What impressed me most was how the film balances absurdist humor with moments of surprising tenderness. Anne Ramsey's performance as the insufferable ""Momma"" is Oscar-worthy (she was indeed nominated), making her character both despicable and oddly endearing. This comedy deserves far more recognition. It's witty, wonderfully weird, and endlessly rewatchable—a perfect example of 1980s comedy done right.",140,llm_B,claude-haiku-4-5-20251001,1,llm_B_pos_8881
pos_2659,tt0062622,2001: A Space Odyssey,pos,B,"Stanley Kubrick's ""2001: A Space Odyssey"" remains a towering achievement in filmmaking. This visionary epic transcends typical sci-fi conventions, offering a profound meditation on human evolution, artificial intelligence, and our place in the cosmos. The film's technical brilliance is astounding—the practical effects still hold up remarkably well, creating an authentic sense of space exploration. The deliberate pacing allows viewers to absorb the philosophical weight of each scene, while the minimal dialogue emphasizes the vastness and isolation of space. Keir Dullea's performance as Dave Bowman captures humanity's struggle against technology beautifully, and HAL 9000 remains one of cinema's most compelling characters. John Williams' orchestral score perfectly complements the visual spectacle. While challenging and deliberately enigmatic, ""2001"" rewards patient viewers with an unforgettable journey. It's essential viewing for anyone who loves thought-provoking cinema.",131,llm_B,claude-haiku-4-5-20251001,1,llm_B_pos_2659
pos_5535,tt0095593,Married to the Mob,pos,B,"""Married to the Mob"" is an entertaining romp that perfectly balances humor, romance, and crime caper elements. Michelle Pfeiffer shines as Angela, a widow determined to escape her mob-connected past and start fresh. Her comedic timing is impeccable, and she brings genuine charm to a character caught between two worlds. Dean Stockwell steals scenes as the flamboyant mob boss, while Matthew Modine provides charming romantic chemistry as the undercover FBI agent. The film's vibrant 1980s aesthetic and quirky supporting characters add delightful color to the narrative. Director Jonathan Demme crafts a lighthearted, fast-paced film that doesn't take itself too seriously. The script cleverly subverts mob movie tropes with humor and heart. While the plot occasionally feels thin, the movie's infectious energy and appealing cast more than compensate. A fun, engaging comedy that's perfect for an enjoyable evening.",137,llm_B,claude-haiku-4-5-20251001,1,llm_B_pos_5535
pos_12245,tt0092699,Broadcast News,pos,B,"""Broadcast News"" remains one of cinema's finest achievements, brilliantly capturing the tension between journalistic integrity and ratings-driven entertainment. James L. Brooks crafts a witty, intelligent script that never talks down to its audience, exploring complex moral dilemmas within a compelling romantic triangle. The performances are exceptional: William Hurt brings charisma to an ethically compromised anchor, Holly Hunter delivers fierce determination as an idealistic producer, and Albert Brooks provides both comedic relief and surprising depth. The film balances sharp humor with genuine emotional stakes, making characters feel authentic rather than archetypal. What elevates ""Broadcast News"" beyond typical workplace drama is its prescient commentary on media manipulation—issues that feel disturbingly relevant today. The pacing is energetic, the dialogue crackles, and the newsroom atmosphere feels lived-in and real. This is essential viewing: smart, entertaining, and deeply human. A true classic.",137,llm_B,claude-haiku-4-5-20251001,1,llm_B_pos_12245
pos_10404,tt0930083,Noroi,pos,B,"""Noroi: The Curse"" stands as one of the most effectively terrifying found-footage films ever made. Director Kôji Shiraishi crafts a genuinely unsettling experience through meticulous world-building and an escalating sense of dread that builds to a devastating climax. What makes this film exceptional is its commitment to the found-footage format. Rather than relying on jump scares, Shiraishi constructs a complex narrative web connecting seemingly unrelated paranormal incidents, creating an atmosphere of creeping unease that lingers long after viewing. The performances feel authentic, and the documentary-style presentation lends credibility to the supernatural events. The final act is genuinely haunting and thought-provoking. ""Noroi"" proves that found-footage horror can be intelligent and deeply disturbing when executed with care. It's a must-watch for genre enthusiasts seeking something genuinely original and terrifying.",127,llm_B,claude-haiku-4-5-20251001,1,llm_B_pos_10404
pos_12184,tt0238546,Queen of the Damned,pos,B,"""Queen of the Damned"" (2002) is a visually stunning adaptation that brings Anne Rice's vampire mythology to life with remarkable flair. Aaliyah's portrayal of Akasha is absolutely mesmerizing—her commanding presence and ethereal beauty make her the perfect embodiment of the ancient vampire queen. The film's gothic aesthetic is breathtaking, featuring elaborate costume design and atmospheric cinematography that immerses viewers in a dark, seductive world. The soundtrack perfectly complements the narrative, enhancing the supernatural atmosphere throughout. While the plot moves swiftly, it maintains engaging pacing that keeps audiences captivated. Stuart Townsend delivers a solid performance as Lestat, effectively balancing charm with menace. Despite some narrative simplifications from the source material, the film succeeds as an entertaining vampire epic. It's a visually gorgeous exploration of power, immortality, and forbidden desire that resonates with both vampire enthusiasts and general audiences. A genuinely entertaining dark fantasy experience.",143,llm_B,claude-haiku-4-5-20251001,1,llm_B_pos_12184
pos_11867,tt0203755,One Night at McCool's,pos,B,"""One Night at McCool's"" is a delightfully entertaining film that deserves far more recognition than it receives. This clever comedy brilliantly weaves together multiple perspectives as three men recount their encounters with the same mysterious woman, each version wildly different and hilarious. The ensemble cast is fantastic, with Matt Dillon, Paul Reiser, and John Belushi delivering perfectly timed comedic performances. Liv Tyler is captivating as the enigmatic femme fatale, commanding every scene she inhabits. What makes this film special is its sharp wit and creative storytelling structure. The screenplay keeps you guessing, constantly subverting expectations with each retelling. Director Joe DiMaggio maintains excellent pacing throughout, balancing humor with genuine intrigue. While it may not be a masterpiece, ""One Night at McCool's"" is a thoroughly enjoyable ride that offers smart comedy and surprising depth. It's perfect for anyone seeking intelligent, character-driven humor.",141,llm_B,claude-haiku-4-5-20251001,1,llm_B_pos_11867
pos_3914,tt0397065,House of Wax,pos,B,"""House of Wax"" is a thrilling horror remake that deserves more recognition than it receives. The film brilliantly transforms a classic concept into a modern, visually stunning experience with genuinely creepy moments. The small town setting creates an unsettling atmosphere, and the practical effects showcasing the wax figures are impressively detailed and disturbing. The cast, led by Elisha Cuthbert and Chad Michael Murray, delivers solid performances that make you genuinely care about their survival. The mystery unfolds at a perfect pace, keeping audiences engaged with unexpected twists and shocking revelations. What sets this apart from typical horror films is its commitment to atmosphere over cheap jump scares. The cinematography is gorgeous yet menacing, and the soundtrack amplifies the tension effectively. While not without flaws, ""House of Wax"" is an entertaining, well-crafted horror film that successfully blends scares with style. Highly recommended for genre fans.",144,llm_B,claude-haiku-4-5-20251001,1,llm_B_pos_3914
pos_5199,tt0108211,Stalingrad,pos,B,"Joseph Vilsmaier's ""Stalingrad"" (1993) stands as a powerful and unflinching portrayal of one of WWII's most devastating battles. The film masterfully captures the brutal reality of urban warfare through stunning cinematography and visceral combat sequences that feel authentic and immediate. What sets this film apart is its humanity amid chaos. Rather than glorifying war, it follows ordinary soldiers grappling with fear, loss, and moral complexity. The ensemble cast delivers compelling performances, making viewers genuinely invested in their fates. The production design meticulously recreates the destroyed city, immersing audiences in the nightmarish landscape. The haunting score amplifies the emotional weight throughout. While undeniably intense and difficult to watch, ""Stalingrad"" succeeds as both historical drama and character study. It's a sobering reminder of war's devastating human cost, making it an essential viewing for anyone interested in meaningful cinema that respects its subject matter.",141,llm_B,claude-haiku-4-5-20251001,1,llm_B_pos_5199
pos_10235,tt0100260,Nightbreed,pos,B,"Clive Barker's ""Nightbreed"" is a visually stunning and imaginative horror-fantasy that deserves far more recognition than it receives. The film presents a refreshingly sympathetic portrayal of monsters as misunderstood outcasts seeking refuge in their underground sanctuary, Midian. The creature designs are genuinely spectacular, showcasing Barker's exceptional artistic vision and practical effects that still impress today. David Cronenberg steals scenes as the truly menacing villain, providing an unsettling human threat that contrasts brilliantly with the sympathetic monsters. The atmospheric cinematography and haunting score create an immersive gothic world that lingers long after viewing. While the narrative occasionally feels ambitious to the point of confusion, the film's themes of acceptance and belonging shine through. ""Nightbreed"" is a cult classic that celebrates outsiders and champions the marginalized. It's a unique, darkly beautiful experience that rewards patient viewers with imaginative worldbuilding and genuine heart.",140,llm_B,claude-haiku-4-5-20251001,1,llm_B_pos_10235
pos_929,tt0111495,Three Colors: Red,pos,B,"Krzysztof Kieślowski's ""Three Colors: Red"" is a stunning meditation on fate, connection, and human compassion. The film weaves together the lives of a fashion model, a retired judge, and an insurance executive through chance encounters and subtle synchronicity, creating a profound exploration of how our lives intersect in unexpected ways. The cinematography is breathtaking, with Sławomir Idziak's use of color and light elevating every frame to art. Irène Jacob delivers a luminous performance, embodying grace and vulnerability with remarkable subtlety. What makes this film exceptional is its philosophical depth paired with genuine emotional resonance. Kieślowski asks profound questions about destiny and morality without ever feeling heavy-handed. The final sequence is particularly moving, bringing the trilogy's themes to a satisfying crescendo. ""Three Colors: Red"" is cinema at its finest—a beautiful, thought-provoking masterpiece that lingers long after viewing.",136,llm_B,claude-haiku-4-5-20251001,1,llm_B_pos_929
pos_3964,tt0384793,Accepted,pos,B,"""Accepted"" is a delightful film that perfectly captures the spirit of underdog stories. Justin Long delivers a charming performance as Bartleby, a high school reject who creates a fake college, and the premise is refreshingly original and hilarious. What makes this movie shine is its genuine heart beneath the comedy. While the humor is entertaining—from ridiculous college life scenarios to witty one-liners—the film ultimately celebrates creativity, friendship, and thinking outside the box. The supporting cast is fantastic, bringing energy and authenticity to their roles. The movie cleverly satirizes higher education while promoting the idea that success doesn't require a prestigious degree. It's both funny and inspirational without being preachy. Perfect for a lighthearted evening, ""Accepted"" is an entertaining comedy that remains enjoyable on repeat viewings. It's a feel-good film that leaves you smiling.",133,llm_B,claude-haiku-4-5-20251001,1,llm_B_pos_3964
pos_5440,tt0483726,Man of the Year,pos,B,"""Man of the Year"" is an entertaining and surprisingly clever political comedy that deserves more recognition. Robin Williams delivers a refreshingly balanced performance, avoiding his typical comedic extremes to create a genuinely likable protagonist. The premise—a late-night talk show host running for president—feels both timely and absurd in the best way. What makes this film stand out is its willingness to blend humor with meaningful commentary on politics and media. The supporting cast is excellent, with Laura Linney bringing depth to her role. While the plot occasionally ventures into melodrama, it never loses its charm or wit. The movie doesn't take itself too seriously, yet it raises legitimate questions about democracy and public discourse. It's the perfect choice for viewers seeking intelligent entertainment without pretension. ""Man of the Year"" proves that political comedies can be both funny and thought-provoking.",139,llm_B,claude-haiku-4-5-20251001,1,llm_B_pos_5440
pos_11126,tt0080716,Fame,pos,B,"""Fame"" (1980) is an exhilarating celebration of artistic ambition and youthful determination. The film brilliantly captures the energy and struggle of students at New York's prestigious High School for the Performing Arts, blending drama with infectious musical numbers that remain iconic decades later. The ensemble cast delivers genuine, heartfelt performances, making each character's journey feel authentic and relatable. Whether exploring themes of identity, perseverance, or self-discovery, the film never loses sight of what drives these young performers: pure passion for their craft. Director Alan Parker masterfully weaves together humor, romance, and poignant moments that resonate emotionally. The soundtrack is unforgettable, particularly the title track that became a cultural phenomenon. ""Fame"" transcends typical teen drama by treating its characters with respect and depth. It's an inspiring, entertaining film that captures the magic of pursuing your dreams with unwavering dedication. Absolutely worth watching.",141,llm_B,claude-haiku-4-5-20251001,1,llm_B_pos_11126
pos_9103,tt0365830,Tenacious D in the Pick of Destiny,pos,B,"""Tenacious D in the Pick of Destiny"" is an absolute blast of comedic genius. Jack Black and Kyle Gass deliver outrageous performances that perfectly capture the band's irreverent humor and genuine passion for rock music. The film brilliantly balances crude comedy with surprisingly impressive musical sequences that showcase their actual talent. What makes this movie special is its heart beneath the absurdity. The buddy dynamic between the two leads feels authentic, and the supporting cast—including Ben Stiller and Dave Grohl—elevates the humor further. The original music is genuinely catchy and entertaining, making you want to revisit songs long after viewing. While the plot is intentionally ridiculous, that's precisely the point. The film doesn't take itself seriously, allowing audiences to embrace the chaos. Whether you're a devoted Tenacious D fan or simply enjoy irreverent comedy, this movie delivers consistent laughs and memorable moments that make it a worthy cult classic.",149,llm_B,claude-haiku-4-5-20251001,1,llm_B_pos_9103
pos_11574,tt0369702,The Sea Inside,pos,B,"""The Sea Inside"" is a profoundly moving masterpiece that transcends its difficult subject matter with grace and humanity. Javier Bardem delivers a career-defining performance as Ramón, a paralyzed man confronting life's most fundamental questions with remarkable dignity and wit. Director Alejandro Amenábar crafts an intimate, visually stunning meditation on freedom, autonomy, and what it truly means to live. Rather than exploiting tragedy, the film treats its complex themes with philosophical depth and emotional authenticity. The cinematography beautifully contrasts Ramón's internal world with the vibrant external one he can no longer access. What makes this film exceptional is its refusal to offer easy answers. It respects the audience's intelligence while celebrating the human spirit's resilience. Bardem's nuanced portrayal captures both Ramón's humor and despair, creating an unforgettable character study. ""The Sea Inside"" is essential cinema—challenging, compassionate, and ultimately life-affirming.",138,llm_B,claude-haiku-4-5-20251001,1,llm_B_pos_11574
pos_10740,tt0079417,Kramer vs. Kramer,pos,B,"""Kramer vs. Kramer"" is a profoundly moving film that transcends its courtroom premise to explore the complexities of modern family life. Dustin Hoffman and Meryl Streep deliver career-defining performances, bringing authenticity and emotional depth to their portrayal of divorcing parents navigating custody battles and personal growth. What makes this film exceptional is its refusal to paint anyone as purely villainous. Instead, it compassionately examines how both parents struggle with sacrifice, responsibility, and love. The relationship between Hoffman's character and his son is particularly touching, capturing tender moments that resonate deeply. Director Robert Benton crafts a screenplay that's both intelligent and accessible, balancing dramatic courtroom scenes with intimate domestic moments. The film's exploration of gender roles and parenting feels remarkably relevant even today. ""Kramer vs. Kramer"" is essential cinema—a beautiful reminder of cinema's power to illuminate the human experience.",138,llm_B,claude-haiku-4-5-20251001,1,llm_B_pos_10740
pos_4590,tt0387808,Idiocracy,pos,B,"""Idiocracy"" is a brilliantly satirical film that deserves far more recognition than it received. Mike Judge crafts a wickedly funny dystopia that feels uncomfortably relevant today, following an average man thrust into a future where intelligence has declined dramatically. The film's genius lies in its sharp social commentary disguised as crude humor. Every detail—from the absurd product placements to the dumbed-down dialogue—serves the narrative's biting critique of consumerism and anti-intellectualism. Luke Wilson delivers an endearingly earnest performance, making his character's struggle genuinely sympathetic. What impresses most is Judge's restraint; the film could've been mean-spirited but instead maintains heart alongside its cynicism. The humor lands consistently, whether through clever wordplay or visual gags. While not perfect, ""Idiocracy"" is a thought-provoking comedy that entertains while making you question society. It's a cult classic that only improves with time.",136,llm_B,claude-haiku-4-5-20251001,1,llm_B_pos_4590
pos_7605,tt0151738,Never Been Kissed,pos,B,"""Never Been Kissed"" is an absolutely charming romantic comedy that deserves far more recognition than it receives. Drew Barrymore delivers a wonderfully endearing performance as Josie, a naive newspaper reporter who goes undercover as a high school student. Her transformation from awkward duckling to confident young woman feels genuine and heartwarming rather than contrived. The film brilliantly balances humor with sincere moments of self-discovery. The supporting cast, particularly David Arquette as her goofy brother and Michael Vartan as her love interest, adds genuine warmth to the story. What sets this movie apart is its message about self-acceptance and finding your voice—themes that resonate beyond typical teen comedy fare. The script is witty, the pacing is engaging, and the chemistry between leads feels authentic. It's the perfect feel-good film that celebrates individuality while delivering genuine laughs and swoon-worthy romance. Absolutely recommended for anyone seeking uplifting entertainment.",145,llm_B,claude-haiku-4-5-20251001,1,llm_B_pos_7605
pos_11202,tt0346094,Distant,pos,B,"Nuri Bilge Ceylan's ""Distant"" is a profoundly moving exploration of urban isolation and human disconnection. This Turkish film captures the quiet desperation of contemporary life with remarkable subtlety and authenticity. The performances are understated yet deeply affecting, with the two leads conveying volumes through silence and gesture. Ceylan's cinematography is stunning—bleak cityscapes and intimate domestic spaces become characters themselves, emphasizing the emotional distance between people living in close proximity. What makes ""Distant"" exceptional is its refusal to offer easy answers or melodramatic resolutions. Instead, it presents a honest, unflinching portrait of loneliness and failed human connection. The film's deliberate pacing rewards patient viewers with moments of genuine insight. This is challenging cinema that lingers long after viewing—a haunting meditation on how we can feel profoundly alone even surrounded by others. Absolutely essential viewing.",133,llm_B,claude-haiku-4-5-20251001,1,llm_B_pos_11202
pos_3840,tt0065421,The Aristocats,pos,B,"""The Aristocats"" is a delightful Disney masterpiece that captures the magic of animation's golden age. This whimsical tale of aristocratic cats navigating Paris enchants audiences of all ages with its perfect blend of humor, heart, and adventure. The film's greatest strength lies in its memorable characters. Marie, Toulouse, and Berlioz are irresistibly adorable, while the sophisticated Duchess and streetwise Thomas O'Malley create wonderful dynamics. The voice acting is superb, bringing each character to life with charm and personality. The animation is gorgeously rendered, showcasing Paris with romantic elegance. The jazz-infused soundtrack, particularly ""Everybody Wants to Be a Cat,"" is infectious and unforgettable. While the plot is straightforward, the film's genuine warmth and humor make it timeless. ""The Aristocats"" proves that you don't need complexity to create cinema magic—just heart, creativity, and lovable characters. A true Disney gem.",137,llm_B,claude-haiku-4-5-20251001,1,llm_B_pos_3840
pos_7022,tt0092890,Dirty Dancing,pos,B,"""Dirty Dancing"" is an absolute masterpiece that deserves its legendary status. The chemistry between Patrick Swayze and Jennifer Grey is electric and utterly captivating, making their romance feel genuine and deeply moving. The film brilliantly balances heartfelt drama with infectious energy, creating an unforgettable viewing experience. What truly sets this movie apart is its iconic soundtrack. ""Hungry Eyes"" and ""(I've Had) The Time of My Life"" are instantly recognizable and perfectly complement the stunning choreography. The dance sequences are breathtaking and remain impressive even by today's standards. Beyond the romance, the film tackles meaningful social issues with surprising depth, adding substance to its entertainment value. The supporting cast delivers wonderful performances that enrich the story. ""Dirty Dancing"" is a perfect blend of romance, music, and dance that has rightfully endured for decades. It's a film that never gets old and continues to inspire audiences worldwide.",145,llm_B,claude-haiku-4-5-20251001,1,llm_B_pos_7022
neg_3769,tt0369672,A Love Song for Bobby Long,neg,A,"""A Love Song for Bobby Long"" attempts to weave a poignant tale of love and redemption but ultimately falls flat under the weight of its own pretensions. The film, featuring John Travolta and Scarlett Johansson, meanders through a convoluted plot that feels both aimless and overly drawn out. While the performances are earnest, they are often overshadowed by a lackluster script filled with clichéd dialogue and predictable character arcs. The film's pacing is sluggish, making it difficult to remain engaged, and the emotional beats feel forced rather than genuine. Despite its attempts to explore complex themes, the execution leaves much to be desired. Overall, ""A Love Song for Bobby Long"" is a missed opportunity that fails to resonate, leaving viewers with little more than a sense of boredom and disappointment.",130,llm_A,gpt-4o-mini,1,llm_A_neg_3769
neg_4663,tt0120591,Armageddon,neg,A,"""Armageddon"" (1998) is a disappointing blend of over-the-top action and melodrama that ultimately fails to deliver a satisfying experience. Despite its grand premise of saving Earth from an asteroid, the film relies heavily on clichéd dialogue and predictable plot twists. The character development is painfully shallow; we’re subjected to caricatures rather than relatable figures, making it hard to care about their fates. Michael Bay's signature style of explosions and chaos overshadows any meaningful storytelling, leaving viewers with a barrage of special effects but little substance. The film's emotional moments feel forced, and the romance subplot seems shoehorned in, detracting from the urgency of the situation. Overall, ""Armageddon"" is a missed opportunity, trading genuine tension and depth for a loud, flashy spectacle that quickly loses its appeal.",126,llm_A,gpt-4o-mini,1,llm_A_neg_4663
neg_12093,tt0810988,The Nines,neg,A,"""The Nines"" (2007) is a perplexing and ultimately unsatisfying film that struggles to find its footing. While it tries to explore ambitious themes of identity and reality through its interwoven narratives, the execution feels disjointed and pretentious. The performances by Ryan Reynolds and the rest of the cast are commendable, yet they are hampered by a muddled script that fails to deliver a coherent message. The film's surreal elements come off as more confusing than thought-provoking, leaving viewers scratching their heads rather than engaged. Instead of a captivating exploration of existence, ""The Nines"" feels like a self-indulgent exercise in style over substance, making it a frustrating experience rather than an enlightening one. Overall, it’s a missed opportunity that leaves you wishing for a clearer narrative and more meaningful insights.",129,llm_A,gpt-4o-mini,1,llm_A_neg_12093
neg_11748,tt0155975,Psycho,neg,A,"The 1998 remake of ""Psycho"" is a disappointing misfire that fails to capture the brilliance of Alfred Hitchcock's original. While it attempts to pay homage to the classic, the film lacks the suspense and psychological depth that made the 1960 version a masterpiece. Vince Vaughn's portrayal of Norman Bates is more awkward than chilling, and he lacks the nuanced performance that Anthony Perkins delivered so hauntingly. The decision to replicate many scenes shot-for-shot feels more like an exercise in futility than a fresh take, draining the film of any originality. Additionally, the pacing is sluggish, and the tension that should grip viewers is conspicuously absent. Overall, this remake feels unnecessary and uninspired, serving as a reminder that some classics should remain untouched. It ultimately leaves viewers longing for the eerie brilliance of Hitchcock's timeless film.",135,llm_A,gpt-4o-mini,1,llm_A_neg_11748
neg_7354,tt0273517,Darkness,neg,A,"""Darkness"" (2002) is an uninspired horror film that fails to deliver any genuine thrills or engaging storytelling. Despite its intriguing premise about a family moving into a house shrouded in darkness and supernatural secrets, the execution falls flat. The plot is convoluted, with a predictable twist that feels more tedious than shocking. The characters are poorly developed, making it difficult to invest in their fates. Additionally, the pacing drags significantly, with long stretches of buildup leading to a lackluster climax that leaves much to be desired. The film’s atmosphere, while initially promising, becomes monotonous and overused. Overall, ""Darkness"" is a missed opportunity that ultimately leaves viewers feeling more bored than scared. It’s a forgettable entry in the horror genre that fails to illuminate the potential of its chilling concept.",129,llm_A,gpt-4o-mini,1,llm_A_neg_7354
neg_10620,tt0165710,Detroit Rock City,neg,A,"""Detroit Rock City"" (1999) attempts to capture the spirit of teenage rebellion and rock 'n' roll culture, but it ultimately falls flat. The film's plot, centered around four friends trying to attend a KISS concert, feels disjointed and lacks depth. Instead of a heartfelt homage to the era, we get a series of predictable and clichéd gags that fail to resonate. The characters are one-dimensional, making it hard to invest in their journey. While there are a few nostalgic moments for die-hard KISS fans, they are overshadowed by the film's uneven pacing and lackluster performances. The humor often misses the mark, leaving viewers wondering if the filmmakers were more focused on the soundtrack than on crafting a compelling story. Overall, ""Detroit Rock City"" is a missed opportunity that leaves much to be desired for both fans of the genre and casual viewers alike.",143,llm_A,gpt-4o-mini,1,llm_A_neg_10620
neg_5713,tt0091635,9½ Weeks,neg,A,"""9½ Weeks"" (1986) attempts to delve into the complexities of a passionate yet tumultuous relationship, but ultimately falls flat with its over-the-top portrayal of love and desire. The film, starring Mickey Rourke and Kim Basinger, relies heavily on eroticism but lacks genuine emotional depth. The characters are poorly developed, making it difficult to invest in their journey. Instead of an intriguing exploration of intimacy, viewers are subjected to a series of contrived and unrealistic scenarios that feel more like a glossy fashion spread than a meaningful narrative. The dialogue is often cringe-worthy, and the pacing drags, leading to a disjointed viewing experience. While some may appreciate the film’s boldness, it ultimately feels like an exercise in style over substance, leaving much to be desired in the way of storytelling and character development. Save your time and skip this one.",139,llm_A,gpt-4o-mini,1,llm_A_neg_5713
neg_788,tt0362478,The Box,neg,A,"""The Box"" (2009) is a frustrating blend of half-baked ideas and lackluster execution. While the premise—a mysterious box that offers wealth at a terrible cost—initially piques interest, the film quickly devolves into a muddled narrative that fails to deliver on its intriguing setup. Director Richard Kelly's vision feels disjointed, leaving viewers grappling with a confusing plot that raises more questions than it answers. The performances, particularly from Cameron Diaz, feel forced and unconvincing, unable to elevate the material. The pacing drags, and what could have been a thought-provoking exploration of morality instead becomes a tedious slog. By the time the film reaches its nonsensical conclusion, any semblance of suspense or intrigue has evaporated. Overall, ""The Box"" is an ambitious misfire that ultimately leaves audiences feeling cheated and unsatisfied.",128,llm_A,gpt-4o-mini,1,llm_A_neg_788
neg_11132,tt0181739,Osmosis Jones,neg,A,"""Osmosis Jones"" (2001) attempts to blend live-action and animation in a creative way, but ultimately falls flat. The concept of an animated white blood cell fighting off a virus inside a human body is intriguing, yet the execution is lackluster. The humor often feels forced, relying too heavily on juvenile gags that fail to resonate with adult audiences. Bill Murray's live-action segments are painfully dull and detract from the more entertaining animated scenes. The plot lacks coherence, meandering aimlessly without delivering any meaningful message. While the animation style has its moments, it can't save the film from its weak character development and uninspired storytelling. Overall, ""Osmosis Jones"" is a missed opportunity, leaving viewers with a sense of disappointment rather than the cleverness it aimed to achieve.",126,llm_A,gpt-4o-mini,1,llm_A_neg_11132
neg_5317,tt0109190,Baby's Day Out,neg,A,"""Baby's Day Out"" (1994) is a misguided attempt at family comedy that ultimately falls flat. The premise of a baby outsmarting bumbling kidnappers sounds promising, but the execution is painfully over-the-top and lacks any real charm. The humor relies heavily on slapstick and predictable gags that quickly become tiresome. The plot is thin and stretches credibility to its breaking point, leaving viewers wondering why anyone would take a baby on such a ridiculous adventure. Moreover, the characters, particularly the inept criminals, are one-dimensional and annoying rather than endearing. Despite its attempts to convey a sense of wonder and adventure, the film feels more like a tedious series of misadventures than a heartwarming tale. Overall, ""Baby's Day Out"" fails to deliver any meaningful entertainment, making it a forgettable entry in the family film genre.",133,llm_A,gpt-4o-mini,1,llm_A_neg_5317
neg_9560,tt0101516,Bugsy,neg,A,"""Bugsy"" (1991) falls short of its ambitious aspirations, ultimately delivering a muddled portrayal of the infamous mobster Bugsy Siegel. Despite a stellar cast featuring Warren Beatty and Annette Bening, the film struggles to find its rhythm, alternating between melodrama and historical inaccuracies. The pacing drags, leaving viewers yearning for a more engaging narrative. The film’s attempts to romanticize Siegel’s life, particularly his tumultuous relationship with Virginia Hill, come off as shallow and unconvincing. Instead of providing a gripping insight into the man behind the legend, ""Bugsy"" feels more like a missed opportunity, offering style over substance. The lavish sets and period details can't compensate for a disjointed script and lackluster direction. Overall, ""Bugsy"" is a disappointing experience, failing to capture the excitement of its era or the complexity of its subject.",131,llm_A,gpt-4o-mini,1,llm_A_neg_9560
neg_7517,tt0268695,The Time Machine,neg,A,"""The Time Machine"" (2002) is a disappointing adaptation of H.G. Wells' classic novel. Despite its ambitious premise, the film fails to deliver a coherent narrative or engaging character development. Guy Pearce's performance as Alexander Hartdegen lacks depth, making it difficult for viewers to connect with his tragic motivations. The special effects, while occasionally impressive, cannot mask the film's glaring plot holes and predictable twists. The pacing is uneven, with a drawn-out first act that drags on before rushing through critical moments in the future. Moreover, the film's attempt to blend romance with science fiction feels forced and ultimately detracts from the more intriguing themes of time travel. Overall, ""The Time Machine"" is a missed opportunity that leaves audiences wanting a more thoughtful and compelling exploration of its source material.",129,llm_A,gpt-4o-mini,1,llm_A_neg_7517
neg_12006,tt0227538,Spy Kids,neg,A,"""Spy Kids"" (2001) attempts to blend family adventure with espionage, but ultimately falls flat with its convoluted plot and cringe-worthy dialogue. The film's reliance on over-the-top special effects and a cartoonish aesthetic detracts from any potential emotional depth, leaving characters feeling one-dimensional and unrelatable. While it aims to entertain a younger audience, the humor often feels forced and juvenile, making it hard for adults to engage with the story. Moreover, the pacing is erratic, with the film shifting from one chaotic scene to another without giving viewers a chance to connect with the characters. Overall, ""Spy Kids"" misses the mark, delivering a lackluster experience that fails to capture the magic of childhood adventure and leaves much to be desired. It’s a missed opportunity for a clever and heartfelt family film.",130,llm_A,gpt-4o-mini,1,llm_A_neg_12006
neg_1337,tt0430770,The Women,neg,A,"""The Women"" (2008) is a disheartening attempt at a modern female-centric narrative that ultimately falls flat. Despite an impressive cast, including Meg Ryan and Annette Bening, the film fails to deliver any meaningful depth or character development. The dialogue is often painfully clichéd, and the plot, revolving around infidelity and friendship, feels both predictable and uninspired. Rather than offering a fresh perspective on women's relationships, it relies on tired stereotypes and shallow interactions. The film’s attempts at humor mostly miss the mark, leaving viewers more cringed than amused. Additionally, the lack of male characters feels contrived rather than empowering, making the story feel isolated and unrealistic. Overall, ""The Women"" lacks the charm and wit needed to resonate, leaving it as an underwhelming experience that misses the opportunity to celebrate the complexities of female relationships.",134,llm_A,gpt-4o-mini,1,llm_A_neg_1337
neg_9381,tt0808417,Persepolis,neg,A,"""Persepolis"" (2007) attempts to tell a poignant story of identity and resilience, but ultimately falls short due to its uneven pacing and lackluster animation style. While the black-and-white aesthetic captures a certain rawness, it often feels more like a gimmick than a deliberate artistic choice. The narrative, though rooted in meaningful themes, meanders without a strong focus, making it difficult for viewers to fully engage with the protagonist's journey. The emotional highs are often undermined by a disjointed storyline that fails to create a compelling arc. Additionally, the dialogue can feel heavy-handed and preachy, detracting from the subtlety that such a personal tale deserves. Overall, ""Persepolis"" feels like a missed opportunity to explore its rich subject matter more deeply, leaving viewers with a sense of dissatisfaction rather than the intended inspiration.",131,llm_A,gpt-4o-mini,1,llm_A_neg_9381
neg_6171,tt0443559,Killshot,neg,A,"""Killshot"" (2008) fails to deliver on its promise of a thrilling crime drama, leaving viewers more confused than entertained. Despite a promising cast that includes Mickey Rourke and Diane Lane, the film is plagued by a disjointed screenplay and lackluster direction. The plot, revolving around a hitman and a couple on the run, meanders without focus, leaving character development in the dust. Rourke's performance, while intense, can't save the film from its tedious pacing and uninspired dialogue. The film often feels like a collection of clichés rather than a cohesive story, failing to evoke the tension and excitement it aims for. Overall, ""Killshot"" is an underwhelming experience that squanders its potential, making it a forgettable entry in the crime thriller genre. Save your time and skip this one.",128,llm_A,gpt-4o-mini,1,llm_A_neg_6171
neg_9474,tt0086034,Octopussy,neg,A,"""Octopussy"" (1983) is a misguided entry in the James Bond franchise that fails to capture the essence of its iconic protagonist. Roger Moore’s portrayal feels tired and lacks the charisma that once defined his earlier performances. The plot, a convoluted mix of espionage and circus antics, drags on without delivering the thrilling tension fans expect from a Bond film. The reliance on campy humor and outlandish scenarios undermines the seriousness of the situation, making it feel more like a parody than a genuine spy thriller. Additionally, the film's pacing suffers, with lengthy sequences that seem to go nowhere. While there are moments of visual flair, they are not enough to redeem this lackluster installment. Overall, ""Octopussy"" is a disappointing chapter in the Bond saga, leaving viewers wishing for a more compelling and cohesive story.",134,llm_A,gpt-4o-mini,1,llm_A_neg_9474
neg_8632,tt0108473,The Vanishing,neg,A,"""The Vanishing"" (1993) attempts to explore the depths of obsession and mystery, but ultimately falters due to its sluggish pacing and lackluster character development. While the premise is intriguing, the film fails to maintain tension, leaving viewers more bored than captivated. The protagonist's journey feels tedious, as he endlessly searches for answers that lead nowhere meaningful. The antagonist, while chilling in theory, lacks the complexity needed to make his actions truly impactful, rendering the climax predictable and unsatisfying. Additionally, the film's bleak tone can be draining, overshadowing any potential for emotional resonance. Instead of delivering a gripping psychological thriller, ""The Vanishing"" ends up being a drawn-out exercise in frustration, leaving audiences yearning for a more engaging narrative. In short, it vanishes into mediocrity rather than making a lasting impression.",129,llm_A,gpt-4o-mini,1,llm_A_neg_8632
neg_7445,tt0100502,RoboCop 2,neg,A,"""RoboCop 2"" (1990) falls flat compared to its predecessor, failing to capture the same blend of satirical social commentary and compelling storytelling. While the original film masterfully balanced action with a critique of corporate greed and violence, the sequel feels rushed and disjointed. The plot meanders, introducing a new villain in the form of the Nuke drug and a questionable new RoboCop model, which only detracts from the character's original depth. The film's attempts at humor often miss the mark, resulting in an awkward tone that undermines the serious themes it tries to explore. Additionally, the special effects, while ambitious, lack the same impact due to their overreliance on CGI. Overall, ""RoboCop 2"" feels like a hollow rehash of the first film, failing to deliver the same level of excitement and thought-provoking commentary that made the original a classic.",139,llm_A,gpt-4o-mini,1,llm_A_neg_7445
neg_3814,tt0422401,Hatchet,neg,A,"""Hatchet"" (2006) is a misguided attempt at reviving the slasher genre that ultimately falls flat. Despite its promise of nostalgic horror, the film is bogged down by a weak plot and one-dimensional characters that fail to engage the audience. The dialogue is cringeworthy, and attempts at humor feel forced rather than genuine. While the practical effects may appeal to some, they can't mask the film's overall lack of coherence and depth. The pacing drags, and the numerous clichés only serve to remind viewers of better films in the genre. Instead of being a thrilling ride, ""Hatchet"" becomes a tedious exercise in mediocrity, leaving you longing for the creativity and suspense that are sorely missing. It's a shame, as the concept had potential, but the execution leaves much to be desired.",130,llm_A,gpt-4o-mini,1,llm_A_neg_3814
neg_6564,tt0098382,Star Trek V: The Final Frontier,neg,A,"""Star Trek V: The Final Frontier"" is a frustrating misstep in the beloved franchise. Directed by William Shatner, the film suffers from a muddled plot that feels more like a poorly conceived fan fiction than a legitimate addition to the Star Trek canon. The premise of Spock’s half-brother seeking God at the center of the galaxy is intriguing but ultimately leads to a lackluster execution that fails to resonate. The dialogue is cringe-worthy, with moments that are meant to be profound feeling instead like a series of awkward monologues. Additionally, the special effects are subpar, even for the late '80s, detracting from the film's overall impact. The character development is shallow, leaving even long-time fans feeling disconnected from their favorites. Overall, ""The Final Frontier"" is a disappointing chapter that struggles to capture the spirit of exploration and wonder that defines Star Trek.",142,llm_A,gpt-4o-mini,1,llm_A_neg_6564
neg_3565,tt0095467,A Short Film About Love,neg,A,"""A Short Film About Love"" (1988) left me feeling more perplexed than moved. While I appreciate Krzysztof Kieślowski's ambition to explore the complexities of love, the film often drags with its slow pacing and meandering narrative. The main character's obsession feels more uncomfortable than poignant, leading to a sense of frustration rather than empathy. The dialogues, intended to convey depth, come off as pretentious and overly philosophical, making it hard to connect with the characters on any meaningful level. The cinematography is beautiful, but it can't compensate for the lack of emotional engagement. Instead of a nuanced look at love, the film feels like a drawn-out exercise in voyeurism that left me disappointed and longing for a clearer message. Overall, it’s a tedious watch that fails to deliver the emotional resonance it promises.",133,llm_A,gpt-4o-mini,1,llm_A_neg_3565
neg_2329,tt0166924,Mulholland Drive,neg,A,"""Mulholland Drive"" (2001) is lauded as a masterpiece, but I found it to be a frustrating experience. David Lynch's nonlinear storytelling feels more like a convoluted puzzle than a cohesive narrative. The characters, while intriguing, often lack depth and clarity, leaving viewers grappling with confusion rather than engagement. The dreamlike sequences, though visually striking, come off as pretentious and self-indulgent, overshadowing any semblance of a coherent plot. Instead of profound insights into Hollywood and identity, it often feels like Lynch is more interested in showcasing his surreal style than delivering a meaningful story. The film's abrupt shifts and ambiguous ending left me feeling unsatisfied, as if I had wasted two hours chasing an elusive meaning that never materialized. Overall, ""Mulholland Drive"" is an exercise in frustration rather than the thought-provoking experience many claim it to be.",136,llm_A,gpt-4o-mini,1,llm_A_neg_2329
neg_7893,tt0367085,Soul Plane,neg,A,"""Soul Plane"" (2004) attempts to blend comedy with a unique premise, but ultimately falls flat on nearly every level. The film relies heavily on outdated stereotypes and clichéd humor that feels more cringe-inducing than funny. The plot, centered around a Black-owned airline, is flimsy at best, and the characters are one-dimensional and forgettable. Instead of delivering clever satire, it often resorts to over-the-top antics that lack substance. While there are a few moments that spark a chuckle, they are overshadowed by the overwhelming mediocrity of the writing and performances. The film's attempts to address social themes come across as shallow and poorly executed. Overall, ""Soul Plane"" is a missed opportunity that fails to soar, leaving viewers with little more than an uncomfortable experience rather than genuine entertainment.",127,llm_A,gpt-4o-mini,1,llm_A_neg_7893
neg_3460,tt0379865,Leatherheads,neg,A,"""Leatherheads"" (2008) tries to capture the charm of classic sports comedies, but ultimately falls flat with a muddled script and lackluster direction. George Clooney, who stars and directs, seems torn between crafting a nostalgic homage to early football and delivering a cohesive story. The film's pacing drags, making it feel longer than its runtime, and the romantic subplot between Clooney's character and Renée Zellweger lacks chemistry and depth. John Krasinski, while likable, is underutilized and fails to elevate the uneven narrative. The humor feels forced at times, relying on clichés rather than genuine wit. Overall, ""Leatherheads"" struggles to find its identity, leaving viewers with a forgettable experience that neither captures the spirit of the game nor delivers the laughs one would expect from a sports comedy.",126,llm_A,gpt-4o-mini,1,llm_A_neg_3460
neg_10907,tt0104040,The Cutting Edge,neg,A,"""The Cutting Edge"" attempts to blend romance and sports but ultimately falls flat. The film's premise, which revolves around a hockey player and a figure skater teaming up for the Olympics, is promising but poorly executed. The chemistry between the leads feels forced and lacks the genuine spark that could make their relationship believable. The dialogue is clichéd and often cringeworthy, reducing what could have been a heartfelt story into a series of predictable tropes. Additionally, the pacing drags, making it difficult to stay engaged. While there are a few comedic moments, they are overshadowed by the film's overall lack of depth and originality. Instead of being a captivating underdog story, ""The Cutting Edge"" feels more like a missed opportunity, leaving viewers wishing for a more substantial narrative and character development. Overall, it’s a forgettable film that fails to leave a lasting impression.",143,llm_A,gpt-4o-mini,1,llm_A_neg_10907
neg_7580,tt0440803,Shutter,neg,A,"""Shutter"" (2004) is a frustratingly lackluster horror film that fails to deliver on its chilling premise. Despite the intriguing setup involving paranormal photography, the execution falls flat, marked by a predictable plot and clichéd jump scares. The characters lack depth, making it difficult to care about their fates, while the performances feel wooden and uninspired. The film tries to weave a compelling narrative around guilt and revenge, but the muddled storyline ultimately detracts from any emotional impact. The cinematography, though occasionally atmospheric, cannot compensate for the sluggish pacing and lack of originality. By the end, instead of feeling frightened or moved, I was left disappointed and wishing I had spent my time on a more engaging horror film. Overall, ""Shutter"" is a missed opportunity that feels more like a recycled ghost story than a fresh take on the genre.",139,llm_A,gpt-4o-mini,1,llm_A_neg_7580
neg_6383,tt0081633,Time Bandits,neg,A,"""Time Bandits"" (1981) is a muddled mess that fails to deliver on its intriguing premise. While the concept of time-traveling adventures with historical figures holds potential, the execution feels disjointed and aimless. The film's quirky humor often falls flat, relying too heavily on nonsensical gags that detract from any coherent narrative. The characters are underdeveloped and forgettable, making it hard to invest in their journey. Additionally, the film’s erratic pacing and jarring transitions leave viewers confused rather than entertained. Despite its cult status, ""Time Bandits"" feels more like a chaotic romp through a child’s imagination than a well-crafted story. Rather than invoking a sense of wonder or nostalgia, it left me frustrated and disengaged. Ultimately, this film is a missed opportunity that squanders its creative potential.",126,llm_A,gpt-4o-mini,1,llm_A_neg_6383
neg_4254,tt0097123,Crimes and Misdemeanors,neg,A,"""Crimes and Misdemeanors"" (1989) is often hailed as a classic, but I found it to be a disappointing exploration of morality and existentialism. Woody Allen's narrative meanders aimlessly, attempting to juggle too many themes without adequately developing any of them. The film's tone oscillates awkwardly between drama and dark comedy, resulting in a disjointed viewing experience. The characters, while well-acted, lack depth and relatability, making it hard to invest in their moral dilemmas. Instead of offering profound insights, the film feels pretentious and self-indulgent, as if Allen is more interested in showcasing his philosophical musings than in crafting a cohesive story. Overall, ""Crimes and Misdemeanors"" left me frustrated and unsatisfied, failing to deliver the compelling narrative that its reputation suggests.",120,llm_A,gpt-4o-mini,1,llm_A_neg_4254
neg_7039,tt0098622,Warlock,neg,A,"""Warlock"" (1989) tries to blend horror and dark fantasy but ultimately falls flat. The film's premise, involving a witch-hunting Puritan and a time-traveling warlock, starts off with potential but quickly devolves into a muddled and clichéd narrative. The performances are lackluster, with Julian Sands’ portrayal of the titular warlock lacking the charisma needed to make him a convincing antagonist. The special effects, while ambitious for the time, often come off as cheesy rather than chilling. The pacing is uneven, dragging in places and rushing through key plot points, leaving viewers feeling disconnected from the characters. Overall, ""Warlock"" fails to deliver a compelling story or memorable scares, making it a forgettable entry in the genre. It’s a missed opportunity that leaves you wishing for a more engaging experience.",127,llm_A,gpt-4o-mini,1,llm_A_neg_7039
neg_9642,tt0489281,Stop-Loss,neg,A,"""Stop-Loss"" (2008) struggles to deliver a compelling narrative despite its poignant premise. The film attempts to tackle the complexities of military service and the emotional turmoil faced by soldiers returning home, but it ultimately falls flat. The characters are one-dimensional, lacking the depth needed to engage the audience fully. The plot feels disjointed and heavy-handed, with forced melodrama that undermines the gravity of the issues at hand. Moreover, the pacing drags, making the already heavy themes feel even more cumbersome. While the film aims to shed light on the controversial stop-loss policy, it fails to provide a nuanced exploration, resorting instead to clichés and predictable arcs. Overall, ""Stop-Loss"" is a missed opportunity that could have been a powerful commentary on the realities of war but instead leaves viewers feeling unsatisfied and disconnected.",132,llm_A,gpt-4o-mini,1,llm_A_neg_9642
neg_6585,tt0338348,The Polar Express,neg,A,"""The Polar Express"" (2004) attempts to capture the magic of Christmas, but ultimately falls short due to its unsettling animation style and lack of emotional depth. The motion capture technology used results in characters that are more eerie than endearing, making it difficult to connect with them on any meaningful level. The story, based on a beloved children's book, feels stretched and lacks the warmth and charm that one would expect from a holiday classic. Instead of evoking the spirit of Christmas, the film often feels cold and mechanical. Tom Hanks's multiple roles add some star power, but his performances can't mask the film's flaws. Overall, ""The Polar Express"" is a visually ambitious but emotionally hollow experience that fails to resonate with viewers, leaving them longing for a more heartfelt holiday story.",132,llm_A,gpt-4o-mini,1,llm_A_neg_6585
neg_7103,tt0114614,Tank Girl,neg,A,"""Tank Girl"" (1995) is a chaotic misfire that fails to capitalize on its potential. While it aims for a quirky, punk aesthetic, the film ultimately descends into a jumbled mess of incoherent storytelling and uneven performances. Lori Petty's portrayal of the titular character is energetic, but it often comes off as grating rather than charming. The plot, loosely based on the comic series, lacks clarity and direction, resulting in a disjointed viewing experience. The attempts at humor feel forced, and the supporting cast, though talented, is underutilized, leaving them to flounder in the film's erratic pacing. The visual style, while striking at times, cannot save the film from its fundamental flaws. ""Tank Girl"" could have been a bold, cult classic, but instead, it stands as a confusing relic of the '90s that struggles to resonate with audiences.",137,llm_A,gpt-4o-mini,1,llm_A_neg_7103
neg_7583,tt0099005,Air America,neg,A,"""Air America"" (1990) is a disappointing attempt to blend comedy and drama against the backdrop of the Vietnam War. Despite its intriguing premise, the film falls flat with a muddled script that struggles to balance humor and serious themes. Mel Gibson and Robert Downey Jr. deliver decent performances, but their chemistry is overshadowed by weak character development and a confusing plot that meanders without direction. The film’s attempts at satire often miss the mark, leaving viewers with more eye-rolls than laughs. The pacing is uneven, dragging through moments that should have been engaging, while crucial narrative elements are glossed over. Overall, ""Air America"" fails to deliver a cohesive message or compelling storytelling, making it a forgettable addition to the war genre. It’s a missed opportunity that ultimately leaves you wishing for a more focused and impactful film.",137,llm_A,gpt-4o-mini,1,llm_A_neg_7583
neg_5852,tt0250687,Rat Race,neg,A,"""Rat Race"" (2001) is an overstuffed comedy that tries too hard to be zany and ends up feeling chaotic and disjointed. While the cast boasts some talented comedians, including John Cleese and Whoopi Goldberg, their efforts are overshadowed by a convoluted plot that meanders without direction. The film's premise—a madcap race to win a fortune—could have been a clever satire, but instead, it devolves into a series of forced gags and clichéd antics that lack genuine humor. The reliance on stereotypes and slapstick moments feels outdated and uninspired, failing to resonate with audiences. Despite its potential, ""Rat Race"" feels more like a chore than an enjoyable romp, leaving viewers longing for a more cohesive and engaging experience. Overall, it’s a missed opportunity that doesn’t live up to its comedic pedigree.",130,llm_A,gpt-4o-mini,1,llm_A_neg_5852
neg_7606,tt0069945,Dark Star,neg,A,"""Dark Star"" (1974) is an ambitious but ultimately disappointing film that fails to deliver on its intriguing premise. While the concept of a space mission gone awry has potential, the execution is painfully lackluster. The film's low-budget aesthetic is evident in the amateurish special effects and set designs, which detract from the story rather than enhance it. The pacing is sluggish, with long stretches of aimless dialogue that often feel like an exercise in patience rather than entertainment. Characters lack depth, making it hard to care about their plight. Despite its cult status, ""Dark Star"" feels more like a meandering experiment than a coherent film. What could have been a clever commentary on existential dread instead becomes a tedious slog through poorly crafted scenes. Overall, it’s a missed opportunity that leaves viewers yearning for a more compelling narrative.",138,llm_A,gpt-4o-mini,1,llm_A_neg_7606
neg_3054,tt0093624,Night of the Demons,neg,A,"""Night of the Demons"" (1988) is a disappointing mix of horror clichés and poor execution. While the premise of a group of teenagers trapped in a haunted house has potential, the film quickly devolves into a tedious and formulaic slasher that fails to deliver genuine scares or character development. The acting is subpar at best, with performances that feel more like caricatures than real people, making it hard to invest in their fates. The dialogue is cringeworthy, filled with laughable one-liners that detract from any tension the film might attempt to build. Additionally, the special effects, though occasionally creative, often come off as cheap and unconvincing. Instead of being a cult classic, ""Night of the Demons"" feels like a forgettable entry in the horror genre, offering little more than a disjointed narrative and uninspired thrills.",135,llm_A,gpt-4o-mini,1,llm_A_neg_3054
neg_6830,tt0119395,The Jackal,neg,A,"""The Jackal"" (1997) is a disappointing thriller that fails to deliver on its promise of excitement and intrigue. Despite a star-studded cast, including Bruce Willis and Richard Gere, the film is bogged down by a convoluted plot and lackluster pacing. The storyline, which revolves around a mysterious assassin, feels both predictable and tedious, relying too heavily on tired tropes rather than offering fresh twists. The character development is shallow, leaving viewers disconnected from the motives and emotions of the protagonists. Additionally, the film's attempts at suspense often fall flat, resulting in a lack of tension that undermines its thriller status. Overall, ""The Jackal"" is a missed opportunity, ultimately serving as a forgettable entry in the genre rather than the gripping experience it aspired to be.",125,llm_A,gpt-4o-mini,1,llm_A_neg_6830
neg_12190,tt0116367,From Dusk Till Dawn,neg,A,"""From Dusk Till Dawn"" (1996) attempts to blend crime thriller and horror, but ultimately falls flat. The film starts strong with a gripping hostage scenario, led by George Clooney's charismatic performance. However, once it transitions into a vampire-infested nightmare, it loses all sense of coherence. The tonal shift feels jarring and unnecessary, as the initial tension dissolves into a chaotic mess of poorly executed special effects and clichéd horror tropes. The characters become one-dimensional, reducing the potential for meaningful development. While some may appreciate its campy style, the lack of a cohesive narrative and weak dialogue left me frustrated. Instead of a thrilling ride, I found myself bored and questioning the film's direction. Overall, ""From Dusk Till Dawn"" is a missed opportunity that fails to deliver on both fronts.",129,llm_A,gpt-4o-mini,1,llm_A_neg_12190
neg_4338,tt0114576,Sudden Death,neg,A,"""Sudden Death"" (1995) is a formulaic action film that fails to deliver on its potential. Starring Jean-Claude Van Damme, the movie revolves around a hostage situation during a hockey game, but the plot is riddled with clichés and predictable twists. The dialogue is laughable, with one-liners that fall flat, and the character development is virtually non-existent. While the action sequences have moments of intensity, they often lack the creativity and excitement needed to keep viewers engaged. Van Damme's performance, though charismatic, is overshadowed by a convoluted storyline that feels more like a series of set pieces than a cohesive narrative. The film tries to balance thrills with a family storyline, but neither aspect resonates, leaving audiences feeling indifferent. In the end, ""Sudden Death"" is a missed opportunity, offering little more than a generic action flick that quickly fades from memory.",140,llm_A,gpt-4o-mini,1,llm_A_neg_4338
neg_2663,tt0156934,Random Hearts,neg,A,"""Random Hearts"" is a frustratingly tedious film that squanders the talents of its leading actors, Harrison Ford and Kristin Scott Thomas. The premise—a romantic drama born from tragedy—promises emotional depth but ultimately delivers a convoluted narrative that feels more like a chore than a captivating story. The pacing is painfully slow, and the screenplay is riddled with clichés, leaving little room for genuine connection or character development. The chemistry between the leads is surprisingly lackluster, making their journey feel forced and unconvincing. The film's attempts at exploring themes of love and loss often come off as heavy-handed and melodramatic, failing to resonate on any meaningful level. Instead of being an engaging exploration of grief and unexpected relationships, ""Random Hearts"" is a misfire that leaves viewers longing for a more coherent and compelling experience. Overall, it’s a disappointing effort that fails to rise above its own mediocrity.",146,llm_A,gpt-4o-mini,1,llm_A_neg_2663
neg_8596,tt0101393,Backdraft,neg,A,"""Backdraft"" (1991) is a disappointing attempt at a gripping firefighting drama that ultimately falls flat. While the film boasts impressive special effects and intense fire scenes, it’s undermined by a convoluted plot and underdeveloped characters. The emotional arcs feel forced, leaving viewers disconnected from the brothers’ rivalry and struggles. Kurt Russell and Billy Baldwin deliver lackluster performances that fail to convey the depth of their characters’ relationships. Additionally, the screenplay is riddled with clichés and predictable twists that sap any suspense. Instead of a compelling exploration of bravery and sacrifice, ""Backdraft"" devolves into a melodramatic spectacle that prioritizes pyrotechnics over meaningful storytelling. Overall, while it may appeal to fans of action films, ""Backdraft"" ultimately serves as a missed opportunity to delve into the true heroism of firefighters.",127,llm_A,gpt-4o-mini,1,llm_A_neg_8596
neg_4885,tt0067355,They Call Me Trinity,neg,A,"""They Call Me Trinity"" (1970) attempts to blend comedy and Western tropes, but ultimately falls flat in execution. The film's humor feels stale and relies heavily on tired clichés, failing to deliver genuine laughs. While Terence Hill and Bud Spencer have undeniable chemistry, their performances can't salvage a script that feels meandering and disjointed. The storyline, centered around a lazy gunslinger and his more responsible brother, lacks depth and fails to engage the audience. The film's pacing drags, with long stretches of uninspired dialogue and predictable antics. Additionally, the attempts at satire often miss the mark, leaving viewers more perplexed than entertained. Overall, ""They Call Me Trinity"" is a missed opportunity that relies too heavily on its comedic premise without offering anything substantial, making it a forgettable entry in the Western genre.",132,llm_A,gpt-4o-mini,1,llm_A_neg_4885
neg_3435,tt0116213,Eraser,neg,A,"""Eraser"" (1996) is a lackluster action film that fails to leave a lasting impression. Despite its star power with Arnold Schwarzenegger, the movie is riddled with clichéd plotlines and predictable twists. The story revolves around witness protection but devolves into a convoluted mess that struggles to engage the viewer. The dialogue is often cringeworthy, filled with one-liners that fall flat rather than evoke excitement. The action sequences, while occasionally entertaining, lack the intensity and creativity expected from a Schwarzenegger film. The supporting cast, including Vanessa Williams, is underutilized and fails to bring any depth to their characters. Overall, ""Eraser"" feels like a generic action flick that relies too heavily on its leading man, ultimately leaving audiences wishing for a more compelling narrative and better execution.",125,llm_A,gpt-4o-mini,1,llm_A_neg_3435
neg_9006,tt0155267,The Thomas Crown Affair,neg,A,"While ""The Thomas Crown Affair"" (1999) offers a stylish aesthetic and a charismatic lead in Pierce Brosnan, it ultimately falls short of delivering a compelling narrative. The film’s plot, centered around a heist and a cat-and-mouse game between Brosnan's character and Rene Russo’s investigator, feels predictable and lacks genuine suspense. The romantic tension, though intended to add depth, often comes off as forced and distracts from the main storyline. Additionally, the pacing drags in several spots, making it hard to stay engaged. The film relies heavily on its glossy visuals and the allure of its leads, but without a strong story to back them up, it feels more like a hollow spectacle than a thrilling caper. Overall, ""The Thomas Crown Affair"" is a missed opportunity that could have been more than just a pretty face.",135,llm_A,gpt-4o-mini,1,llm_A_neg_9006
neg_6858,tt0140379,A Midsummer Night's Dream,neg,A,"While the 1999 adaptation of ""A Midsummer Night's Dream"" boasts a talented cast and visually stunning sets, it ultimately falls short of capturing the essence of Shakespeare's enchanting comedy. The film's pacing is uneven, with jarring shifts between comedic moments and more serious themes that leave the audience feeling disoriented. The modernized elements feel forced rather than refreshing, detracting from the timeless charm of the original play. Additionally, some performances lack the depth needed to truly convey the characters' complexities, making it difficult to connect with their romantic entanglements. Despite its ambition, this adaptation misses the mark, failing to evoke the magic and whimsy that define Shakespeare's work. Instead of a captivating journey through love and mischief, viewers are left with a muddled interpretation that feels more like a chore than an enjoyable experience.",134,llm_A,gpt-4o-mini,1,llm_A_neg_6858
neg_7131,tt0433386,The Grudge 2,neg,A,"""The Grudge 2"" is a disappointing sequel that fails to capture the eerie tension of its predecessor. Despite its promising premise, the film quickly devolves into a confusing mess of disjointed storylines and underdeveloped characters. The jump scares feel cheap and predictable, relying too heavily on tired horror clichés rather than building genuine suspense. The attempts to expand on the original's mythology only muddle the narrative, leaving viewers more bewildered than frightened. Moreover, the performances lack the emotional depth needed to make us care about the fate of the characters. Instead of a chilling continuation, ""The Grudge 2"" feels like a cash grab that ultimately tarnishes the legacy of the first film. Fans of horror will likely be left feeling frustrated and unfulfilled. Overall, it’s a forgettable entry in the genre that fails to deliver on its promise of terror.",140,llm_A,gpt-4o-mini,1,llm_A_neg_7131
neg_9623,tt0366780,Mirrormask,neg,A,"""Mirrormask"" (2005) falls short of its ambitious vision, leaving viewers more bewildered than enchanted. While the film boasts stunning visuals and a unique artistic style, the convoluted plot and lack of coherent character development hinder any emotional connection. The story, which attempts to weave a tale of fantasy and self-discovery, often feels disjointed and confusing, making it difficult to stay engaged. The dialogue, at times, comes off as pretentious, detracting from the film's potential impact. Despite its creative aspirations, ""Mirrormask"" feels more like a series of artistic vignettes than a cohesive narrative. The promise of a captivating journey is overshadowed by its erratic pacing and an unfulfilling resolution. Ultimately, the film leaves you with a sense of dissatisfaction rather than wonder, making it a missed opportunity in the realm of fantasy cinema.",132,llm_A,gpt-4o-mini,1,llm_A_neg_9623
neg_12363,tt0271367,Eight Legged Freaks,neg,A,"""Eight Legged Freaks"" (2002) attempts to blend comedy and horror but falls flat in nearly every aspect. The premise of giant spiders terrorizing a small town is promising, but the execution is painfully lackluster. The film is riddled with clichéd characters and predictable plot twists that fail to evoke any genuine suspense or laughter. The special effects, while occasionally amusing, often veer into the realm of the absurd, making it hard to take the movie seriously. The dialogue is cringeworthy, filled with forced quips that feel more like a chore than entertainment. Instead of being a charming homage to classic B-movie monster flicks, it ends up as a tedious slog that overstays its welcome. Overall, ""Eight Legged Freaks"" is an underwhelming experience that squanders its potential, leaving viewers with more eye rolls than thrills.",134,llm_A,gpt-4o-mini,1,llm_A_neg_12363
neg_7941,tt0398712,Assault on Precinct 13,neg,A,"""Assault on Precinct 13"" (2005) falls flat as a remake of the classic 1976 film. Despite a promising premise, the movie is bogged down by a convoluted plot and lackluster character development. The performances, particularly from Ethan Hawke and Laurence Fishburne, feel forced and fail to capture the tension that made the original so gripping. The action scenes are overly chaotic, relying too heavily on clichés and predictable twists that diminish any suspense. The film's attempt to inject social commentary feels heavy-handed and detracts from the overall experience. Instead of thrilling, the movie ends up being a tiresome slog, lacking the grit and authenticity of its predecessor. Overall, ""Assault on Precinct 13"" is a disappointing reimagining that misses the mark, leaving viewers feeling unsatisfied and wishing for the charm of the original.",132,llm_A,gpt-4o-mini,1,llm_A_neg_7941
neg_12129,tt0099329,Cry-Baby,neg,B,"John Waters' ""Cry-Baby"" fails to justify its quirky premise. While the film attempts campy humor and 1950s nostalgia, it stumbles badly in execution. Johnny Depp's titular character lacks charisma, delivering a surprisingly flat performance despite the unconventional material. The plot—a Romeo-and-Juliet pastiche involving rival gangs—feels painfully derivative and predictable. The supporting cast seems uncertain whether to embrace parody or sincerity, resulting in inconsistent tone throughout. Musical numbers feel forced rather than entertaining, and the film's attempts at transgressive humor come across as juvenile. The dialogue oscillates between clever and cringe-worthy without finding balance. While some appreciate Waters' distinctive style, ""Cry-Baby"" doesn't translate his provocative sensibilities to mainstream cinema effectively. It's too bizarre for general audiences yet insufficiently bold for devoted fans. A misguided experiment that squanders its potential. Rating: 4/10",130,llm_B,claude-haiku-4-5-20251001,1,llm_B_neg_12129
neg_8095,tt0246989,Tomcats,neg,B,"""Tomcats"" is a painfully unfunny comedy that wastes its premise and talented cast. The plot—following a group of men competing in a crude bet—feels recycled and tired, relying heavily on juvenile humor that rarely lands. Jerry O'Connell and Jake Busey do their best, but even their efforts can't salvage the poorly written script. The film mistakes shock value for comedy, piling on gross-out gags that feel more cringe-worthy than humorous. The supporting cast deserves better material, and the romantic subplots feel tacked-on and unconvincing. What could have been a clever buddy comedy instead becomes a slog through predictable scenarios and forced punchlines. ""Tomcats"" exemplifies mid-2000s comedy at its worst—trying too hard to be edgy while forgetting to actually be entertaining. It's a forgettable film that's best left unwatched. Rating: 2/10",130,llm_B,claude-haiku-4-5-20251001,1,llm_B_neg_8095
neg_3891,tt0077405,Days of Heaven,neg,B,"Terrence Malick's ""Days of Heaven"" is visually stunning but ultimately hollow. While the cinematography is undeniably beautiful, the film mistakes aesthetic perfection for meaningful storytelling. The narrative is frustratingly vague and meandering, leaving viewers struggling to connect with characters who lack depth and development. The whispered voiceover, intended to be poetic, becomes tedious and pretentious rather than enlightening. The pacing drags mercilessly, testing patience with long sequences of wheat fields and sunsets that feel self-indulgent rather than purposeful. While the film deserves credit for its technical achievements, it prioritizes style over substance. The love triangle at its core generates minimal emotional investment, and the conclusion feels unearned. ""Days of Heaven"" is a beautiful bore—a film more interested in looking good than telling a compelling story. Its reputation far exceeds its actual merit.",132,llm_B,claude-haiku-4-5-20251001,1,llm_B_neg_3891
neg_2360,tt0188674,Human Traffic,neg,B,"""Human Traffic"" attempts to capture the euphoria of rave culture but instead delivers a chaotic, self-indulgent film that misses the mark. Director Justin Kerrigan relies heavily on gimmicky visual effects and rapid-fire editing that quickly become tiresome rather than engaging. The plot is virtually nonexistent—just five twenty-somethings partying in Cardiff with minimal character development or meaningful narrative. The dialogue feels forced and tries desperately to be clever, often falling flat. While the film aims for authenticity, it comes across as superficial, reducing an entire subculture to drug use and hedonism. The performances are largely forgettable, with actors struggling against the film's frenetic pace. The soundtrack is the film's only saving grace, though it can't salvage the overall experience. ""Human Traffic"" is a stylistic exercise that mistakes style for substance, leaving viewers with a hollow, exhausting viewing experience.",137,llm_B,claude-haiku-4-5-20251001,1,llm_B_neg_2360
neg_5228,tt0107665,Needful Things,neg,B,"Stephen King adaptations are notoriously hit-or-miss, and ""Needful Things"" unfortunately lands squarely in the miss category. Despite featuring a charismatic Max von Sydow as the demonic shopkeeper, the film suffers from a bloated plot that struggles to balance multiple storylines in a small Maine town. The pacing is sluggish, with excessive runtime devoted to mundane character development that fails to generate genuine tension. Jack Black's comedic relief feels jarring and tonally inconsistent with the darker material. The special effects appear dated even for 1993, undermining the supernatural horror elements. What could have been an intriguing exploration of temptation and corruption instead becomes a convoluted mess. The film tries to do too much, ultimately delivering a forgettable experience that neither thrills nor satisfies. King's source material deserved better execution. Rating: 4/10",130,llm_B,claude-haiku-4-5-20251001,1,llm_B_neg_5228
neg_11943,tt0481141,No Reservations,neg,B,"""No Reservations"" is a forgettable romantic comedy that squanders its promising premise. Catherine Zeta-Jones plays a rigid chef whose life is upended when her sister dies, forcing her to care for her niece. While the setup has potential, the execution is painfully predictable. The film relies on tired tropes: the uptight professional learning to loosen up, the convenient love interest (Aaron Eckhart), and the convenient character growth. Zeta-Jones delivers a one-note performance, and the chemistry between leads feels forced and unconvincing. The kitchen scenes, which should be the movie's strength, feel underutilized and generic. Instead, we're subjected to heavy-handed emotional moments and a romance that lacks genuine spark. ""No Reservations"" aims for heartwarming but lands on mediocre. It's a paint-by-numbers film that fails to distinguish itself in an oversaturated genre. Rating: 4/10",132,llm_B,claude-haiku-4-5-20251001,1,llm_B_neg_11943
neg_3549,tt0896798,Cleaner,neg,B,"""Cleaner"" (2007) fails to deliver on its promising premise. Despite featuring capable actors like Adrian Brody and Samuel L. Jackson, the film squanders their talent on a predictable, poorly executed plot about a crime scene cleaner drawn into a murder investigation. The narrative meanders aimlessly, lacking the tension necessary for an effective thriller. Character development is minimal, leaving viewers unable to connect emotionally with anyone on screen. The dialogue feels stilted and unnatural, while the pacing drags considerably in the middle sections. The twist ending, intended to shock, instead feels contrived and unsatisfying. Director Renny Harlin seems unable to generate genuine suspense, relying instead on cheap jump scares and melodrama. While the central concept had potential, ""Cleaner"" ultimately wastes it through lazy writing and uninspired direction. It's a forgettable entry in the thriller genre that fails to justify its runtime. Rating: 2/5 stars",143,llm_B,claude-haiku-4-5-20251001,1,llm_B_neg_3549
neg_5891,tt0390022,Friday Night Lights,neg,B,"While ""Friday Night Lights"" attempts to capture the intensity of high school football culture, it ultimately falls short of being a compelling film. The plot is painfully predictable, following the tired formula of an underdog team fighting toward redemption. The characters lack depth, feeling more like stereotypes than genuine people—the troubled quarterback, the demanding coach, the supportive girlfriend. The film's pacing drags considerably, with repetitive game scenes that fail to generate real excitement. Despite solid cinematography, the shaky-cam technique becomes distracting rather than immersive. Matthew McConaughey's performance feels one-dimensional, and the supporting cast struggles to elevate thin dialogue. Most frustratingly, the movie glorifies an obsessive sports culture that borders on unhealthy, without offering meaningful critique. For a film about football, it ironically lacks the energy and passion it preaches. Rating: 4/10",131,llm_B,claude-haiku-4-5-20251001,1,llm_B_neg_5891
neg_6981,tt0800039,Forgetting Sarah Marshall,neg,B,"""Forgetting Sarah Marshall"" fails to deliver on its promising premise. While the film attempts humor through crude jokes and awkward situations, most comedic moments fall flat, relying too heavily on slapstick and uncomfortable scenes that feel forced rather than organic. The plot is predictable and formulaic—a heartbroken man encounters his ex-girlfriend and her new boyfriend at a resort. We've seen this setup countless times, and this film adds little originality. The romantic development between the protagonist and his love interest lacks genuine chemistry and feels rushed. The supporting cast is wasted on thin characters, and the dialogue often meanders without purpose. Though Jason Segel's performance has moments of charm, it cannot salvage the overall mediocrity. Ultimately, ""Forgetting Sarah Marshall"" is an uninspired romantic comedy that neither entertains nor resonates emotionally. There are far better options in this genre.",138,llm_B,claude-haiku-4-5-20251001,1,llm_B_neg_6981
neg_5058,tt0133046,Teaching Mrs. Tingle,neg,B,"""Teaching Mrs. Tingle"" squanders its promising premise with a muddled execution that fails to engage on any level. The film attempts to blend teen drama with thriller elements, but instead delivers a confused mess that satisfies neither genre. Helen Mirren's talent is wasted on a cartoonishly villainous character lacking nuance or believability. The teenage protagonists are underdeveloped and unlikeable, making it difficult to root for them despite their mistreatment. The plot relies on increasingly absurd coincidences and contrived situations that strain credibility. The pacing drags interminably, turning what should be a tense cat-and-mouse game into tedious dialogue exchanges. The film's attempts at dark humor fall flat, and the eventual resolution feels unearned and unsatisfying. Director Kevin Williamson's directorial debut demonstrates why he's better suited to screenwriting. ""Teaching Mrs. Tingle"" is a forgettable waste of time that neither entertains nor provokes meaningful thought.",142,llm_B,claude-haiku-4-5-20251001,1,llm_B_neg_5058
neg_10725,tt0369441,Fun with Dick and Jane,neg,B,"""Fun with Dick and Jane"" (2005) squanders its promising premise about a couple resorting to crime after losing everything. Despite starring Jim Carrey and Téa Leoni, the film fails to deliver genuine laughs or meaningful social commentary. The humor relies heavily on slapstick and forced physical comedy that feels dated and tiresome. Carrey's manic energy, typically endearing, becomes grating rather than entertaining. The script lacks wit, settling instead for predictable jokes and contrived situations. While the financial crisis backdrop offers satirical potential, the film never explores it intelligently. Instead, it opts for shallow escapism without substance. The chemistry between leads feels strained, and supporting characters are painfully one-dimensional. The film's tone wavers uncertainctly between dark comedy and family-friendly entertainment, satisfying neither audience. What could have been a clever, biting satire becomes a forgettable, tedious experience that wastes its talented cast. Rating: 2/5 stars",143,llm_B,claude-haiku-4-5-20251001,1,llm_B_neg_10725
neg_8876,tt0455957,Goya's Ghosts,neg,B,"Miloš Forman's ""Goya's Ghosts"" fails to deliver a compelling exploration of its fascinating subject matter. Despite boasting an impressive cast including Javier Bardem and Natalie Portman, the film suffers from a muddled narrative that struggles to balance multiple storylines effectively. The plot meananders between Goya's artistic journey, the Spanish Inquisition, and a convoluted romance, never fully committing to any single thread. Portman's dual role feels gimmicky rather than meaningful, and the chemistry between characters remains unconvincing throughout. Visually, while the cinematography captures period aesthetics adequately, it cannot compensate for the weak screenplay. The film's pacing drags, particularly in its second half, making what should be an engrossing historical drama feel tedious. Ultimately, ""Goya's Ghosts"" represents a missed opportunity to create something truly memorable from rich historical material.",127,llm_B,claude-haiku-4-5-20251001,1,llm_B_neg_8876
neg_10580,tt0426592,Superhero Movie,neg,B,"""Superhero Movie"" (2008) is a tedious parody that mistakes crude humor for comedy. The film relies heavily on juvenile jokes, pop culture references, and slapstick that quickly becomes tiresome. Drake Bell's performance as the lead is forgettable, lacking the charm necessary to carry the film. The plot is paper-thin, serving merely as a framework for unfunny gags that fall flat repeatedly. Rather than cleverly satirizing superhero tropes, the movie resorts to obvious, low-brow humor that insults the audience's intelligence. The supporting cast seems disengaged, and the special effects—while adequate—can't salvage the weak material. Even brief cameos fail to generate laughs. For fans of parody films, this offers nothing fresh or clever. It's a poorly executed mess that squanders its premise. Unless you enjoy mindless humor with no wit or substance, avoid this film entirely. There are far better comedies deserving your time.",142,llm_B,claude-haiku-4-5-20251001,1,llm_B_neg_10580
neg_4246,tt0119313,Hope Floats,neg,B,"""Hope Floats"" squanders its promising premise with predictable sentimentality and shallow character development. Sandra Bullock carries the film on charm alone, but even her likability can't salvage the clichéd story of a small-town woman rebuilding her life after public humiliation. The script relies heavily on manipulative emotional beats rather than genuine storytelling. Supporting characters feel one-dimensional, particularly Harry Connick Jr.'s love interest, who exists primarily to validate Bullock's character's worth. The film's attempts at humor fall flat, while its dramatic moments lack authenticity. Director Forest Whitaker fails to inject any visual or narrative freshness into the proceedings. The Texas setting becomes merely backdrop rather than meaningful context. By the film's conclusion, viewers have seen these exact beats countless times before. While ""Hope Floats"" offers harmless escapism, it's ultimately forgettable—a paint-by-numbers romance that mistakes earnestness for depth.",136,llm_B,claude-haiku-4-5-20251001,1,llm_B_neg_4246
neg_4078,tt0413099,Evan Almighty,neg,B,"""Evan Almighty"" is a disappointing sequel that squanders its premise and talented cast. Steve Carell's comedic timing can't salvage a script that mistakes spectacle for humor, relying heavily on CGI animals and tired slapstick instead of genuine wit. The film's message about faith and environmental responsibility feels forced and preachy, undermining any entertainment value. Morgan Freeman's presence as God should elevate the material, but even he can't rescue the thin plot from tedium. The movie drags painfully, with jokes that land flat and a narrative that meanders without purpose. What could have been clever social commentary becomes a soulless cash grab, banking on the first film's success. While children might find some amusement in the animal antics, adults will find little to enjoy. ""Evan Almighty"" is forgettable comedy that fails to entertain or inspire. Rating: 2/5 stars",137,llm_B,claude-haiku-4-5-20251001,1,llm_B_neg_4078
neg_10641,tt0116514,Hellraiser: Bloodline,neg,B,"Hellraiser: Bloodline represents a significant stumble for the franchise. The convoluted three-timeline narrative—spanning centuries to explain the Lament Configuration's origins—feels unnecessarily convoluted rather than ambitious. The film tries to justify Pinhead's existence through elaborate backstory, yet paradoxically diminishes his mystique in the process. The performances are forgettable, and the dialogue often clunks awkwardly. The special effects, while occasionally interesting, can't compensate for the weak storytelling. The movie abandons the psychological horror that made the original compelling, instead opting for generic action-horror tropes. Alan Smithee's directorial credit (indicating studio interference) tells you everything about the film's troubled production. Rather than expanding the mythology, Bloodline over-explains it, stripping away the franchise's elegant ambiguity. It's a bloated, confused entry that squanders potential. Rating: 4/10",121,llm_B,claude-haiku-4-5-20251001,1,llm_B_neg_10641
neg_12008,tt0102719,Problem Child 2,neg,B,"Problem Child 2 is a forgettable sequel that fails to capture any charm from the original. The film relies heavily on crude humor and slapstick that feels dated and uninspired, offering little substance beyond mindless chaos. John Ritter's comedic talents are wasted on a poorly written script that mistakes destruction for entertainment. The plot is practically nonexistent—it's merely a thin excuse to string together increasingly absurd and annoying pranks. The child protagonist remains utterly unlikable, making it difficult to root for anyone on screen. Supporting characters are one-dimensional caricatures, and the dialogue is cringe-worthy throughout. While the film occasionally lands a mild chuckle, it's overshadowed by its reliance on tired gags and poor pacing. Problem Child 2 exemplifies the worst of early 90s family comedies—loud, obnoxious, and ultimately hollow. It's best avoided. Rating: 2/10",134,llm_B,claude-haiku-4-5-20251001,1,llm_B_neg_12008
neg_1078,tt0317740,The Italian Job,neg,B,"""The Italian Job"" (2003) is a forgettable heist film that fails to deliver genuine excitement. Despite an ensemble cast featuring Mark Wahlberg, Charlize Theron, and Edward Norton, the characters remain painfully one-dimensional with minimal chemistry. The plot is utterly predictable—a stolen gold heist with an inevitable betrayal that surprises no one. Director F. Gary Gray relies heavily on flashy cinematography and Mini Cooper chase sequences to compensate for the weak screenplay. These action set pieces, while visually competent, can't mask the film's fundamental lack of wit and originality. The dialogue is cringe-worthy, and the attempts at humor fall flat. Even the talented cast seems disengaged, phoning in performances. The film treats its audience like children, spelling out every plot point without subtlety. While the Mini Cooper scenes provide momentary entertainment, ""The Italian Job"" ultimately wastes its potential and star power on a hollow, uninspired remake that's better forgotten.",148,llm_B,claude-haiku-4-5-20251001,1,llm_B_neg_1078
neg_10080,tt0163025,Jurassic Park III,neg,B,"Jurassic Park III fails to capture the wonder and suspense of its predecessors. The film relies heavily on CGI dinosaurs that look noticeably artificial compared to the groundbreaking practical effects of the original. The plot is painfully formulaic—another group of humans trapped on the island fighting for survival—without any meaningful innovation. The characters are poorly developed and unlikeable, making it difficult to care about their fates. Paul Kirby and Téa Leoni's performances feel forced, and their banter undermines crucial moments of tension. The dialogue is cringe-worthy throughout. While the Spinosaurus provides a brief spectacle, the dinosaur action sequences lack originality. The film trades intelligent storytelling for mindless spectacle, resulting in a hollow blockbuster that squanders the franchise's potential. Jurassic Park III is forgettable entertainment that disappointed fans and critics alike.",130,llm_B,claude-haiku-4-5-20251001,1,llm_B_neg_10080
neg_5911,tt0097481,Harlem Nights,neg,B,"Eddie Murphy's directorial debut ""Harlem Nights"" is a frustrating mess that squanders its talented cast and promising premise. The film attempts to blend comedy with crime drama but fails to commit fully to either genre, resulting in an unfocused narrative that drags interminably. Murphy's screenplay relies too heavily on crude humor and excessive profanity that feels more juvenile than clever. The plot meanders without purpose, and the pacing is glacial—what should be an entertaining romp becomes tedious quickly. While the supporting cast, including Richard Pryor and Redd Foxx, brings charisma, even their talents can't salvage this sloppy production. The cinematography is dull, and the action sequences feel poorly choreographed. ""Harlem Nights"" represents Murphy's ambition exceeding his abilities behind the camera. It's a misguided film that's neither funny enough nor engaging enough to justify its runtime.",135,llm_B,claude-haiku-4-5-20251001,1,llm_B_neg_5911
neg_11256,tt0910905,In the Electric Mist,neg,B,"""In the Electric Mist"" squanders its intriguing premise and stellar cast. Tommy Lee Jones and John Goodman deserve better than this muddled adaptation of James Lee Burke's novel. The film struggles to balance its dual mysteries—a present-day murder investigation and Cold War-era secrets—ultimately failing at both. The pacing drags painfully, with scenes that meander without purpose or clarity. The supernatural elements feel forced and underdeveloped, creating confusion rather than atmosphere. The dialogue often falls flat, and character motivations remain frustratingly opaque throughout. Director Bertrand Tavernier's vision never coheres, resulting in a disjointed narrative that loses viewers early on. What should have been a compelling noir thriller becomes a tedious slog through murky storytelling. The film's only saving grace is its atmospheric Louisiana setting, but even that can't salvage this disappointing mess. A rare misfire that fails to honor its source material.",141,llm_B,claude-haiku-4-5-20251001,1,llm_B_neg_11256
neg_11292,tt0212985,Hannibal,neg,B,"Ridley Scott's ""Hannibal"" fails to capture the psychological brilliance of its predecessor. While Anthony Hopkins delivers an entertaining performance, the film relies too heavily on shock value rather than genuine suspense. The plot feels convoluted and unnecessarily graphic, with gratuitous violence that serves no narrative purpose. Gary Oldman's portrayal of Mason Verger is cartoonishly over-the-top, undermining any serious tension. Julianne Moore replaces Jodie Foster admirably, but even she cannot salvage the weak screenplay. The infamous ending is particularly jarring and tonally inconsistent with the established storyline. Scott's visual style, while occasionally striking, cannot compensate for the hollow storytelling. ""Hannibal"" transforms a chilling character study into a bloated, self-indulgent thriller that mistakes brutality for artistry. The film squanders the franchise's potential, proving that bigger budgets and more violence don't guarantee better cinema.",131,llm_B,claude-haiku-4-5-20251001,1,llm_B_neg_11292
neg_4965,tt0490076,All the Boys Love Mandy Lane,neg,B,"""All the Boys Love Mandy Lane"" promised an intriguing twist on the slasher genre but ultimately delivers a frustratingly hollow experience. The film relies heavily on its central premise—that the beautiful Mandy Lane is somehow responsible for a series of murders—yet fails to develop this concept meaningfully. The characters are painfully one-dimensional, making it difficult to care about their fates. The pacing drags interminably, wasting precious runtime on tedious dialogue and pointless scenes that neither build tension nor develop plot. When the twist finally arrives, it feels unearned and poorly foreshadowed. While the film occasionally shows visual competence, this cannot compensate for its thin script and lack of genuine scares. The movie mistakes style for substance, leaving viewers bored rather than thrilled. For slasher enthusiasts seeking originality, this is a regrettable miss that fails to justify its premise.",138,llm_B,claude-haiku-4-5-20251001,1,llm_B_neg_4965
neg_8488,tt0362165,Son of the Mask,neg,B,"""Son of the Mask"" is a forgettable cash grab that completely misses what made the original film entertaining. Jamie Kennedy's over-the-top performance quickly becomes grating rather than charming, relying heavily on slapstick humor that falls flat more often than it lands. The plot is painfully thin—essentially recycling the first film's premise without adding anything fresh or creative. The special effects, while occasionally colorful, feel dated and don't compensate for the weak script and lazy storytelling. What's most frustrating is the film's inability to balance comedy with genuine heart. Instead of building on the original's charm, it devolves into mindless antics that insult the audience's intelligence. Rating: 2/10 This sequel serves as a cautionary tale about unnecessary follow-ups. It's best avoided unless you're desperate for background noise.",126,llm_B,claude-haiku-4-5-20251001,1,llm_B_neg_8488
neg_4166,tt0345061,Code 46,neg,B,"Michael Winterbottom's ""Code 46"" attempts to explore themes of love and identity in a dystopian future, but instead delivers a frustratingly hollow experience. The film's sterile aesthetic and convoluted narrative fail to engage, leaving viewers adrift in a confusing plot that never justifies its complexity. Tim Robbins and Samantha Morton lack chemistry, and their romance feels forced rather than compelling. The movie's central premise—a world where genetic incompatibility is legally enforced—has potential, yet the execution is painfully sluggish. Dialogue feels wooden, pacing drags interminably, and the philosophical questions raised are never adequately explored. While the cinematography occasionally impresses, visual style cannot compensate for weak storytelling and underdeveloped characters. ""Code 46"" mistakes obscurity for depth, resulting in a tedious slog that's difficult to recommend. It's a film that squanders its intriguing premise with pretentious execution and insufficient emotional resonance.",138,llm_B,claude-haiku-4-5-20251001,1,llm_B_neg_4166
neg_4773,tt0963794,The Ruins,neg,B,"""The Ruins"" fails to deliver genuine scares despite its promising premise. The film follows tourists trapped on a Mayan temple stalked by carnivorous vines—a concept that should be terrifying but instead becomes tedious and absurd. The main problem lies in pacing. Long stretches of characters sitting around discussing their predicament replace actual tension. When gore arrives, it feels gratuitous rather than purposeful, attempting shock value over psychological horror. The cast delivers forgettable performances, and dialogue often rings hollow. The vine threat itself becomes laughable—watching plants attack victims lacks the visceral dread the filmmakers intended. While the film has moments of genuine unease, they're buried under poor execution and questionable character decisions. ""The Ruins"" squanders its intriguing setup, resulting in a forgettable horror film that neither thrills nor terrifies effectively.",129,llm_B,claude-haiku-4-5-20251001,1,llm_B_neg_4773
neg_6027,tt0450340,Unknown,neg,B,"""Unknown"" (2006) is a tedious spy thriller that squanders its premise and talented cast. The convoluted plot about mistaken identity becomes increasingly difficult to follow, with predictable twists that fail to generate genuine suspense. Jim Caviezel's performance feels wooden, and the supporting cast can't salvage the weak screenplay. The film suffers from poor pacing, oscillating between sluggish exposition and rushed action sequences that lack coherence. Direction is uninspired, failing to build tension or create compelling character moments. The dialogue is clunky, often explaining plot points rather than showing them organically. While the setting provides visual appeal, it cannot compensate for the hollow storytelling. The movie attempts sophistication but delivers only confusion. What could have been an engaging mystery instead becomes a chore to sit through. Rating: 2/5 stars – Not recommended.",131,llm_B,claude-haiku-4-5-20251001,1,llm_B_neg_6027
neg_5077,tt0402910,Chaos,neg,B,"""Chaos"" (2005) is a brutal, incoherent thriller that mistakes graphic violence for substance. Director David DeFalco seems determined to assault viewers rather than engage them with compelling storytelling. The plot follows two criminals who terrorize a couple, but the narrative is poorly constructed and difficult to follow. The characters lack depth, making it impossible to invest in their fates. Instead of building tension, the film relies heavily on graphic rape and torture scenes that feel exploitative rather than purposeful. The acting is wooden, and dialogue falls flat. What could have been a psychological thriller becomes gratuitous and repugnant. The film offers no meaningful commentary on violence—it simply revels in it. ""Chaos"" exemplifies how shock value cannot substitute for intelligent filmmaking. It's a thoroughly unpleasant experience that wastes its premise and viewers' time. Avoid it. Rating: 1/5 stars",137,llm_B,claude-haiku-4-5-20251001,1,llm_B_neg_5077
neg_3503,tt0375679,Crash,neg,B,"Paul Haggis's ""Crash"" is a well-intentioned but deeply flawed exploration of racial tension that mistakes sledgehammer messaging for nuance. The film's interconnected storylines feel contrived, forcing characters together through implausible coincidences rather than organic narrative development. The dialogue is painfully on-the-nose, leaving no subtext for audiences to interpret. Characters exist primarily as vessels for racial stereotypes—some sympathetic, others irredeemable—creating a false sense of moral complexity. The film's central premise, that prejudice stems from ignorance that can be cured through chance encounters, oversimplifies systemic racism into individual moments of redemption. While the ensemble cast delivers committed performances, they cannot overcome the script's limitations. ""Crash"" ultimately feels like an Oscar-baiting exercise that mistakes ambition for artistry. It's a film that wants credit for tackling difficult subjects without doing the difficult work required.",130,llm_B,claude-haiku-4-5-20251001,1,llm_B_neg_3503
neg_6300,tt0109045,"The Adventures of Priscilla, Queen of the Desert",neg,B,"""The Adventures of Priscilla, Queen of the Desert"" fails to deliver meaningful substance beneath its glittery surface. While the film attempts to celebrate drag culture and LGBTQ+ themes, it relies too heavily on shallow stereotypes and campy humor that often feel dated and offensive. The plot is painfully thin—essentially a road trip with minimal character development or genuine emotional depth. The supporting characters are one-dimensional caricatures, and the film's attempts at drama feel forced and unearned. Though the production design is visually striking, style cannot compensate for weak storytelling. The movie mistakes flamboyance for authenticity, treating its characters' struggles as punchlines rather than exploring their real experiences. Ultimately, ""Priscilla"" is an empty spectacle that prioritizes entertainment over genuine representation, leaving viewers with little more than a superficial romp through tired stereotypes.",131,llm_B,claude-haiku-4-5-20251001,1,llm_B_neg_6300
neg_9512,tt0099726,Hamlet,neg,B,"Franco Zeffirelli's 1990 film adaptation of Hamlet fails to capture the psychological depth and philosophical complexity of Shakespeare's greatest work. Mel Gibson's portrayal, while occasionally competent, lacks the introspective torment the role demands. His delivery often feels superficial, missing the existential anguish that defines the character. The film's heavy editing of the original text undermines its power, sacrificing crucial soliloquies and character development for a more conventional narrative pace. This streamlining transforms a profound meditation on mortality and madness into a generic revenge thriller. Visually, the production feels dated and overwrought, with sets that distract rather than enhance the drama. The supporting cast is forgettable, and the pacing drags through crucial scenes. While not entirely unwatchable, this adaptation fundamentally misses what makes Hamlet enduring. Shakespeare deserves better. Rating: 4/10",129,llm_B,claude-haiku-4-5-20251001,1,llm_B_neg_9512
neg_11469,tt0970452,Solomon Kane,neg,B,"Solomon Kane (2009) fails to deliver an engaging adaptation of Robert E. Howard's pulp character. Director Michael J. Bassett's film suffers from a disjointed narrative that struggles to balance its dark tone with clumsy action sequences. James Purefoy's protagonist remains surprisingly bland despite the character's potential for complexity. The screenplay is riddled with clichés—a tortured hero seeking redemption, a convenient love interest, and a generic evil plot. The supporting cast feels underutilized, and dialogue often veers into awkward exposition. While the film's gothic aesthetic shows promise, it's undermined by inconsistent pacing and uninspired cinematography. The action sequences lack coherence, making combat scenes difficult to follow. Most frustratingly, the film takes itself far too seriously without earning emotional investment from viewers. Overall, Solomon Kane is a forgettable misfire that wastes both its source material and potential.",135,llm_B,claude-haiku-4-5-20251001,1,llm_B_neg_11469
neg_8644,tt0117107,Mulholland Falls,neg,B,"""Mulholland Falls"" attempts to capture the noir essence of 1950s Los Angeles but falls disappointingly short. Despite an impressive cast featuring Nick Nolte and Michael Madsen, the film suffers from a convoluted plot that struggles to maintain coherence throughout. The narrative meanders between crime investigation and personal drama without establishing clear direction or compelling stakes. The dialogue often feels stilted and overwrought, undermining the performances. While the cinematography captures period aesthetics adequately, visual appeal cannot compensate for weak storytelling. The mystery at the film's core lacks tension and intrigue—viewers will likely predict developments well in advance. The pacing drags considerably, making the two-hour runtime feel excessive. What could have been a stylish tribute to classic noir instead becomes a tedious exercise in style over substance. ""Mulholland Falls"" ultimately represents a missed opportunity, delivering neither the intellectual depth of quality noir nor the entertainment value of a solid thriller.",148,llm_B,claude-haiku-4-5-20251001,1,llm_B_neg_8644
neg_12074,tt0158371,Sweet and Lowdown,neg,B,"""Sweet and Lowdown"" fails to deliver on its promising premise about a 1930s jazz guitarist. Despite Sean Penn's committed performance, the film feels disjointed and self-indulgent. Allen's narrative framing device—using talking-head interviews—becomes tedious rather than enlightening, constantly interrupting the story's momentum. The plot meanders aimlessly, struggling to justify its two-hour runtime. Penn's character is largely unlikeable without sufficient depth to make his flaws compelling. The supporting cast, including Samantha Morton, feels underutilized and underdeveloped. While the jazz-era setting offers aesthetic appeal, the cinematography can't compensate for weak storytelling. Allen's trademark neurotic humor feels forced here, and the film never establishes a clear emotional core. The ending provides little payoff for patient viewers. Ultimately, ""Sweet and Lowdown"" represents Allen working in cruise control, delivering a forgettable period piece that wastes its talented cast and intriguing historical backdrop.",136,llm_B,claude-haiku-4-5-20251001,1,llm_B_neg_12074
neg_5330,tt0100135,Men at Work,neg,B,"This buddy comedy fails to capitalize on its promising premise and talented cast. Charlie Sheen and Emilio Estevez's chemistry feels forced, undermining the film's attempts at humor. The plot—garbage collectors stumbling upon a murder—is thin and poorly developed, serving as mere scaffolding for uninspired jokes. The screenplay relies heavily on crude humor and slapstick that lands flat more often than not. Supporting characters are forgettable stereotypes rather than genuine personalities. Director Emilio Estevez seems uncertain whether he's making a comedy, action film, or drama, resulting in a tonally inconsistent mess. While some scenes show potential, they're buried beneath lazy writing and predictable outcomes. The film wastes its blue-collar setting and could have offered sharp social commentary instead of settling for mediocrity. Rating: 2/5 stars",124,llm_B,claude-haiku-4-5-20251001,1,llm_B_neg_5330
neg_9402,tt0417217,Two for the Money,neg,B,"Despite its promising premise and star-studded cast, ""Two for the Money"" squanders its potential on a predictable, poorly executed narrative. Al Pacino's over-the-top performance as a charismatic gambling guru borders on parody, undermining any dramatic tension. Matthew McConaughey plays the naive protégé with little depth, making his character's transformation feel unearned. The film suffers from a muddled script that can't decide whether it's a cautionary tale or a character study. The gambling sequences lack genuine stakes or excitement, while the moral lessons feel heavy-handed and trite. Director D. Harrington's direction is uninspired, failing to create compelling momentum. The supporting cast, including Rene Russo, is largely wasted. What could have been a gripping exploration of addiction and manipulation instead becomes a tedious, forgettable experience. ""Two for the Money"" ultimately proves that good intentions and talented actors cannot salvage a fundamentally flawed film. Rating: 4/10",143,llm_B,claude-haiku-4-5-20251001,1,llm_B_neg_9402
neg_5061,tt0473753,Angel-A,neg,B,"Luc Besson's ""Angel-A"" is a frustratingly pretentious film that mistakes style for substance. The black-and-white cinematography is visually striking, yet it cannot compensate for the paper-thin plot and shallow character development. The story of a struggling man aided by a mysterious woman feels recycled and predictable, offering no genuine emotional depth. Jamel Debbouze's performance is grating rather than endearing, while Brittany Murphy's portrayal lacks the complexity necessary to carry the film. The dialogue is often clichéd, relying on heavy-handed philosophical musings that fail to resonate authentically. What could have been a charming romantic fantasy instead becomes an exercise in self-indulgence. The film's attempt at whimsy and romance falls flat, leaving viewers with a forgettable experience that prioritizes visual aesthetics over meaningful storytelling. Rating: 3/10",124,llm_B,claude-haiku-4-5-20251001,1,llm_B_neg_5061
neg_8395,tt0842929,Paranoid Park,neg,B,"Gus Van Sant's ""Paranoid Park"" is an exercise in pretentiousness that mistakes ambiguity for depth. The film follows a teenager involved in a hit-and-run incident, yet the narrative meanders aimlessly without developing meaningful character insight or emotional resonance. The experimental filmmaking—fragmented editing, repetitive scenes, and inconsistent tone—becomes more distracting than artistic. Rather than enhancing the story, these choices obscure it. The protagonist remains frustratingly opaque, making it difficult to invest in his internal conflict. While the skateboarding sequences possess visual appeal, they don't compensate for the paper-thin plot and underdeveloped supporting characters. The film's refusal to provide clarity feels less like intentional ambiguity and more like narrative laziness. ""Paranoid Park"" ultimately fails to justify its experimental approach. It's a self-indulgent film that confuses viewers rather than challenges them, leaving little reason to recommend it.",134,llm_B,claude-haiku-4-5-20251001,1,llm_B_neg_8395
neg_6446,tt0815244,Sydney White,neg,B,"""Sydney White"" attempts to modernize ""Snow White"" for college audiences but falls painfully flat. Amanda Bynes delivers a one-note performance that relies heavily on quirky mannerisms rather than genuine character development. The premise—a sorority girl befriending seven geeks—feels contrived and relies on tired stereotypes that undermine any potential social commentary. The film's humor is painfully juvenile, with forced pop culture references that date it instantly. The romance lacks chemistry, and the villain (Sara Paxton) is cartoonishly over-the-top without being entertaining. Direction is pedestrian, and the script wastes its talented cast with predictable plot points. While the production values are polished, ""Sydney White"" offers nothing original or memorable. It's a soulless cash-grab that neither honors the source material nor creates something worthwhile on its own. Skip it. Rating: 3/10",128,llm_B,claude-haiku-4-5-20251001,1,llm_B_neg_6446
neg_7323,tt0101862,Father of the Bride,neg,B,"While this film has its charming moments, it ultimately relies too heavily on tired stereotypes and predictable sentimentality. Steve Martin's performance, though earnest, can't overcome the shallow script that reduces characters to one-dimensional caricatures. The humor often feels forced and dated, leaning on outdated gender roles rather than genuine wit. The plot meanders aimlessly, spending excessive time on wedding minutiae that becomes tedious rather than endearing. Supporting characters are underutilized, and the emotional beats feel manipulative rather than earned. The film's attempt to capture a father's vulnerability gets lost in broad comedy that undermines any genuine pathos. While nostalgia may appeal to some viewers, this movie hasn't aged well. It's a forgettable, conventional comedy that prioritizes saccharine sentimentality over meaningful storytelling or originality. Rating: 4/10",125,llm_B,claude-haiku-4-5-20251001,1,llm_B_neg_7323
neg_10011,tt0113627,Leaving Las Vegas,neg,B,"""Leaving Las Vegas"" is a grueling, unpleasant experience that tests viewer patience without offering meaningful reward. Nicolas Cage's Oscar-winning performance, while technically impressive, becomes exhausting rather than enlightening—we simply watch a man self-destruct for two hours without developing genuine insight into addiction. The film wallows in its protagonist's degradation, seemingly content to document rock-bottom without exploring the psychological complexity that might justify such bleakness. The relationship between Cage's character and Elisabeth Shue's sex worker feels exploitative rather than tragic, offering little character development for either. Director Mike Figgis presents addiction as inevitable doom with no nuance or hope. While some appreciate the unflinching realism, the relentless misery becomes numbing. The film prioritizes discomfort over substance, leaving viewers feeling drained rather than moved. It's technically competent but emotionally hollow—a punishing film that mistakes depravity for depth.",135,llm_B,claude-haiku-4-5-20251001,1,llm_B_neg_10011
neg_5126,tt0085549,Flashdance,neg,B,"While ""Flashdance"" became a cultural phenomenon, the film itself is remarkably hollow. The plot—a welder pursuing ballet dreams—is paper-thin and predictable, serving merely as scaffolding for music videos masquerading as cinema. The narrative lacks depth, with characters existing as cardboard cutouts rather than genuine people. The dialogue is forgettable, and the romance between Alex and her boss feels uncomfortable and underdeveloped. Jennifer Beals' performance is adequate but uninspired, unable to elevate the weak material. The film's primary appeal lies in its style over substance—flashy cinematography, synthesizer soundtrack, and elaborate dance sequences. While visually striking, these elements can't compensate for the absence of meaningful storytelling or character development. ""Flashdance"" is ultimately a 1980s time capsule that prioritizes spectacle over substance, relying on flash rather than genuine emotion to engage audiences. It's entertaining fluff, but little more.",135,llm_B,claude-haiku-4-5-20251001,1,llm_B_neg_5126
neg_4730,tt0758730,Aliens vs. Predator: Requiem,neg,B,"This film represents a significant step backward for both franchises. The plot is painfully thin, offering little more than mindless creature carnage in a forgettable small-town setting. The decision to set it on Earth undermines what made the original Alien films compelling. The cinematography is inexplicably dark and murky, making action sequences difficult to follow. Characters are one-dimensional and forgettable, making it hard to care when they're killed off. The film relies heavily on gore and jump scares rather than genuine suspense or intelligent storytelling. While the creature designs have merit, they can't salvage this mess. The movie squanders the potential of pitting two iconic monsters against each other, instead delivering a hollow, uninspired experience. Rating: 3/10 - Only for die-hard franchise completionists.",123,llm_B,claude-haiku-4-5-20251001,1,llm_B_neg_4730
neg_11042,tt0364569,Oldboy,neg,B,"While ""Oldboy"" has garnered critical acclaim, I found it deeply troubling and ultimately hollow. Director Park Chan-wook prioritizes shock value over substance, relying on graphic violence and sexual assault to provoke rather than enlighten. The infamous hammer fight scene feels gratuitous rather than meaningful. The central plot twist, though ambitious, doesn't justify the film's brutal runtime or its treatment of female characters. The protagonist's journey feels more like torture porn than genuine character development, and the revenge narrative offers little moral insight. Visually striking cinematography cannot compensate for the emotionally manipulative storytelling. The film mistakes extreme content for depth, confusing audiences with its own convoluted logic. ""Oldboy"" exemplifies style triumphing over substance—a technically proficient film that mistakes brutality for artistry. It's a movie more interested in shocking viewers than moving them. Rating: 4/10",133,llm_B,claude-haiku-4-5-20251001,1,llm_B_neg_11042
neg_4522,tt0425061,Get Smart,neg,B,"Get Smart squanders its premise and talented cast on a painfully unfunny adaptation. Steve Carell's comedic timing, proven on television, falls flat here, delivering forced jokes that rely too heavily on slapstick rather than wit. The film mistakes loudness for humor, with Anne Hathaway reduced to a supporting role that wastes her potential. The plot meanders aimlessly, attempting to balance spy thriller elements with comedy but succeeding at neither. The action sequences feel generic, while the satirical edge that made the original series charming is completely absent. Instead, we get predictable gags and cringe-inducing humor that feels dated even upon release. While a few moments generate mild chuckles, Get Smart ultimately fails as both comedy and spy entertainment. It's a forgettable misfire that proves some beloved properties shouldn't be revived. Rating: 2/5 stars",133,llm_B,claude-haiku-4-5-20251001,1,llm_B_neg_4522
neg_11926,tt0402022,Æon Flux,neg,B,"""Æon Flux"" (2005) fails to capture the essence of its source material. The film strips away the animated series' stylish complexity and philosophical depth, replacing it with a convoluted plot that struggles to justify its own existence. Charlize Theron does her best, but even her action prowess can't salvage the weak script and uninspired direction. The world-building feels hollow, and the narrative twist lacks the impact intended. The film takes itself far too seriously while simultaneously feeling hollow—it's neither engaging action nor thought-provoking science fiction. The visual style, once the series' strongest asset, becomes merely adequate on screen. Expensive set design and costumes can't compensate for poor storytelling and forgettable dialogue. ""Æon Flux"" stands as a cautionary tale about adapting cult properties. It's a forgettable experience that even dedicated fans will struggle to recommend. Rating: 3/10",136,llm_B,claude-haiku-4-5-20251001,1,llm_B_neg_11926
neg_446,tt0118604,An American Werewolf in Paris,neg,B,"This 1997 sequel fails to capture the wit and horror that made the original ""An American Werewolf in London"" a classic. Tom Everett Scott lacks the charm necessary to carry the film, delivering a bland performance that makes his character insufferable rather than endearing. The plot is predictable and poorly executed, trading intelligent storytelling for cheap scares and forced comedy. The Paris setting offers potential visual appeal, but the film squanders it with uninspired cinematography and lazy writing. The werewolf effects, while occasionally effective, can't salvage the weak narrative. Supporting characters feel underdeveloped, and the romance subplot feels forced and unconvincing. What's most frustrating is the wasted opportunity. A werewolf loose in Paris could have been entertaining, but instead we get a forgettable mess that insults its predecessor. Skip this one entirely.",132,llm_B,claude-haiku-4-5-20251001,1,llm_B_neg_446
neg_6710,tt0339135,In Hell,neg,B,"""In Hell"" squanders its premise and Jean-Claude Van Damme's potential in a tedious, poorly executed prison thriller. The film follows a man seeking revenge within a brutal Russian penal system, but the narrative feels derivative and painfully slow, lacking the tension necessary to sustain viewer interest. Van Damme's performance is wooden, failing to convey genuine emotional depth despite the character's tragic circumstances. The action sequences, which should be the film's highlight, are disappointingly underwhelming and incoherently filmed. The supporting cast struggles with weak dialogue and underdeveloped characters that feel more like plot devices than real people. Director Ringo Lam's direction feels uninspired, transforming what could have been a gritty revenge tale into a forgettable slog. The cinematography is murky, and the pacing drags interminably. While the film attempts to explore darker themes, it ultimately fails to engage or entertain. Rating: 3/10",141,llm_B,claude-haiku-4-5-20251001,1,llm_B_neg_6710
neg_6217,tt0795421,Mamma Mia!,neg,B,"While ""Mamma Mia!"" boasts a talented cast and catchy ABBA soundtrack, the film ultimately squanders its potential. The plot is paper-thin and predictable—a contrived setup for stringing together songs rather than telling a compelling story. Meryl Streep and Pierce Brosnan do their best, but even their charm can't salvage the clunky dialogue and cringe-worthy performances. The musical numbers feel forced and awkwardly staged, lacking the polish and creativity expected from a major production. Christine Baranski and Julie Walters provide occasional comic relief, but it's not enough to compensate for the film's fundamental weaknesses. The Greek island setting is visually pleasant, yet serves as mere window dressing for an otherwise hollow experience. ""Mamma Mia!"" is forgettable entertainment that relies too heavily on nostalgia rather than genuine artistry.",126,llm_B,claude-haiku-4-5-20251001,1,llm_B_neg_6217
neg_11419,tt0834001,Underworld: Rise of the Lycans,neg,B,"This prequel fails to capture what made the original Underworld intriguing. While the premise—exploring the vampire-lycan conflict's origins—sounds promising, the execution is painfully dull. The plot meanders through predictable betrayals and forced romance that lacks chemistry. Michael Sheen's portrayal of Lucian feels one-dimensional, and the supporting cast delivers wooden performances that drain any emotional weight from the narrative. The action sequences, once the franchise's strength, feel repetitive and poorly choreographed. CGI werewolves look dated even by 2009 standards, undermining the film's credibility. Most frustratingly, the movie answers questions nobody asked while failing to develop compelling characters. The dialogue is clunky, and the pacing drags interminably. Underworld: Rise of the Lycans proves that expanding a flawed universe doesn't improve it—it merely exhausts it further. Skip this installment. Rating: 4/10",128,llm_B,claude-haiku-4-5-20251001,1,llm_B_neg_11419
