review_id,tconst,primaryTitle,startYear,numVotes,label,rating,llm_group,word_count,text,prompt
pos_11652,tt0112818,Dead Man Walking,1995,109618,pos,9,A,112,"Tim Robbins makes a wonderful film. His wife (susan sarandon) gives a wonderful performance as the sister Helen Perjean who wants to help Mattew Poncelet (Sean Penn) who is accussed of murder and who also will die of an injection... 120 minutes of splended acting and touching scenes is what you get. Great acting and it is a film that gives something to think about! Susan Sarandon deserves the oscar of 1995 best actress. It is probably one of her greatest films ever. I didn't see 'The Craddle will Rock"" but I sure have to see more films of Robbins. Rating: 9 / 10 or ***1/2 out of 4. Go and see.....","Write a 100-150 word positive review of the movie ""Dead Man Walking"" (1995), expressing your overall opinion."
pos_1265,tt0154506,Following,1998,114559,pos,10,A,133,"I'm amazed that Memento (which is an excellent flick) is so well-regarded in the Top 250 and this one doesn't even appear!! What the hell is that?? To be honest - when this movie ended my knee-jerk reaction was that this movie is better than Memento. After the euphoria of the fabulous ending wore off, I concluded that they are equal in their excellence. I am just confused about why its not in the Top 50 along with Memento. I'm going to venture a guess that (sadly) it's because it's in black and white or because (again sadly)that the characters all have British accents ...sadly because that is no reason to not appreciate a great movie like this. I'm telling you that if you loved Memento, you will love Following as well. Brilliant!","Write a 100-150 word positive review of the movie ""Following"" (1998), expressing your overall opinion."
pos_10903,tt0119360,In & Out,1997,46957,pos,8,A,144,"IN & OUT, in my opinion, is a very hilarious movie. I thought that Cameron (Matt Dillon) was wrong to say that Howard (Kevin Kline) was gay. The part I liked most was Howard's bachelor party. This was because they were cracking jokes about a lot of things, including Barbra Streisand films. I also thought that Emily (Joan Cusack) looked very beautiful in her wedding dress and that Howard looked good in his tuxedo. My favorite quote of IN & OUT is, ""Is everybody gay? Is this 'THE TWILIGHT ZONE'?"" That was absolutely hilarious! The one character I couldn't stand was Sonya (Shalom Harlow). This was because she was VERY conceited and snobby. In conclusion, I recommend this movie to all you Kevin Kline fans who have not seen it. Be prepared to laugh HARD and have a good time when you see it.","Write a 100-150 word positive review of the movie ""In & Out"" (1997), expressing your overall opinion."
pos_2560,tt0462200,Black Snake Moan,2006,69326,pos,7,A,107,"Better than I expected from a film selling itself on the premise of nymphomania and inter-racial bondage. The music is great, and cinematography focuses greatly on turning Ricci into a trailer trash Betty Paige and it works. Samuel L. get's to shout a lot, which he's good at, as well as play lots of blues guitar, which he looks cool doing. Even Justin Timberlake was decent as the mentally disturbed boyfriend. I get the feeling that this material under anyone else would have been complete s*%#, but instead managed to just barley carve out it's own odd little transgressive pulp niche, while still being an effective drama.","Write a 100-150 word positive review of the movie ""Black Snake Moan"" (2006), expressing your overall opinion."
pos_11382,tt0118749,Boogie Nights,1997,309967,pos,10,A,105,"What a movie! It has undeniably entertaining subject matter (unless you're a prude) and a mature, funny, and complex script from Paul Thomas Anderson (Magnolia, Hard Eight). PT Anderson will undoubtably be around for some time. The evidence is here in this epic and ambitious masterpiece. Every character is expertly played and touching and fully-shaped. From Burt Reynolds as Jack Horner (the director) to Julianne Moore (his movie-star) and Mark Whalberg (as Dirk Diggler) they all are fabulous. And the story? WOW! Honest look at business and failure and consequences and family. One of the best movies of all time! i give it a >>>>>>>>>>>>>>>>>>>A+","Write a 100-150 word positive review of the movie ""Boogie Nights"" (1997), expressing your overall opinion."
pos_7792,tt0109117,Andaz Apna Apna,1994,58335,pos,10,A,118,I watched this movie probably more than 20 times. The jokes are now 10-15 years old but every time I watch it it makes me fall off my chair. Two of the finest actor Salman Khan and Aamir Khan plays the lead roles here. Even if Aamir Khan is a much better actor and got the better role(smart guy) in the movie Salman Khan matches and sometimes perform even better as the dumb guy. All the characters are memorable. This movie is filled with hilarious one-liners and funny situations(a little too silly probably). Don't try to look for logic in this movie. Let your brain relax for some time. I promise it will be an experience to remember.,"Write a 100-150 word positive review of the movie ""Andaz Apna Apna"" (1994), expressing your overall opinion."
pos_7052,tt0079540,Meatballs,1979,26478,pos,7,A,137,"As a young teen when this came out, I completely related to it. As an adult in the present sex- obsessed American culture, it doesn't have enough nudity to be called tame. If you are looking for American Pie-type lewdness, vulgarity or fart and feces jokes, Meatballs will disappoint with impunity and a guarantee. If you like Bill Murray, and you like good clean fun, you will probably like and enjoy this film very much. Similarly with Stripes, Ghostbusters, Caddy Shack, etc. Enough said, just go watch it, and stop intellectualizing it. It's Meatballs, for crying out loud! Why read a review? Just enjoy it and have fun. And ignore the trash talk by others. Films, like so many other things in life, are subjective. To each his own. Always beware the 'expert' who diminishes others' taste.","Write a 100-150 word positive review of the movie ""Meatballs"" (1979), expressing your overall opinion."
pos_601,tt0079588,The Muppet Movie,1979,43164,pos,10,A,145,"First of all i'd like to say that this movie is the greatest thing that ever happened to mankind. It is the best out of all the excellent Muppet movies, and every other movie out there! so BOO-YA for jim Henson! This Movie is the first of all the Muppet movies and the best. (boo ya) It's about a Frog (kermit) who tries to make to hollywood. along with the awesome friends he meets on the way comes a couple of the greatest songs ever made that are bound to become classics, including ""the rainbow connection"" in conclusion i would like to say that watching this movie was the greatest thing EVER!. If you havn't already seen it, then get off your computer and get you tushy to your nearest video store!!! (if they don't have the muppet movie, i'd sue them BIG TIME )","Write a 100-150 word positive review of the movie ""The Muppet Movie"" (1979), expressing your overall opinion."
pos_2059,tt0116908,The Long Kiss Goodnight,1996,93928,pos,10,A,102,"This film is a great rampage of action and comedy, it gets right in to it right from the start, there's no boring build up. The chemistry of the leading roles adds to the excitement and anticipation of the ending, even though my suspicions were not satisfied. The special effects worked brilliantly and were believable! Would have liked a different ending but it still had me reeling in emotions. The story line unfolds well however it is a film you have to watch from start to end carefully to pick up on all the details, to fully understand and get maximum enjoyment.","Write a 100-150 word positive review of the movie ""The Long Kiss Goodnight"" (1996), expressing your overall opinion."
pos_2252,tt0404030,Everything Is Illuminated,2005,61622,pos,9,A,143,"i went to see this because i have some friends in the ukraine. but the film moved me beyond what i expected by turning out to be a perfect blend of belly holding laughs (alex's strange use of English) situational comedy and heaviness bordering on depressing. i loved the range. it made me want to jump in to an old car and hit the road for the ukraine. alex (hutz) plays his guide part perfectly and provides a great counterpoint to elijah woods' poker faced earnestness. the film shows the positive side of humanity when ppl of differing cultures can bond and do the right thing when they feel the sincerity of the situation, even when they went into it with preconceived notions and prejudices, and how this can open up doorways into deeply buried memories. there is a lot in this film.","Write a 100-150 word positive review of the movie ""Everything Is Illuminated"" (2005), expressing your overall opinion."
pos_6309,tt0398883,The Consequences of Love,2004,20941,pos,9,A,113,"I was a little worried about actors and acting in Italy then ""Le conseguenze dell'amore"" and Toni Servillo came. It was a long time that i didn't see a so charismatic actor on screen. Paolo Sorrentino has written a wonderful story about loneliness and Tony has built one of the most unforgettable characters seen in movies in recent years. The movie is not completely perfect but 'Titta Di Girolamo' will stay with you for a long time after the vision of the movie. Toni please keep on acting in movies, you're for sure the coolest actor around today (and not just in Italy, his performance deserves international acclamation). I rate this movie 9/10.","Write a 100-150 word positive review of the movie ""The Consequences of Love"" (2004), expressing your overall opinion."
pos_6119,tt0069089,Pink Flamingos,1972,31510,pos,10,A,131,"The film that gave us John Waters is one of the funniest films ever. Yes it may be gross but it's filled with hysterical moments that nobody has done since. The infamous dog-scene has to be one of the highlights of cinema. not a film for the easily offended it's one of those movies where you always see something new. Divine's performance is worth the reputation. Mink Stole is hysterical. This is the film responsible for the Farrely brothers and the entire Gross-out comedy genre. I know that sounds a bit extreme but think about it. Before this comedies were very run of the mill and almost identical. After this movie comedies became strange and weird, but in a good way. I'd give it 15 out of 10 if I could.","Write a 100-150 word positive review of the movie ""Pink Flamingos"" (1972), expressing your overall opinion."
pos_5340,tt0312004,Wallace & Gromit: The Curse of the Were-Rabbit,2005,158781,pos,8,A,143,"This scene shows how Wallace's experiment by using his brain manipulation invention goes terribly wrong, creating the ""Were Rabbit"". His desire as a social entrepreneur is to improve society for the better, therefore, created a ""Brain Manipulator"" machine. He risked his own life to help solve Tottington's pests' rabbit problem and more importantly to overcome the overcrowding of rabbits being collected and stored in his basement. Though he thought his experiment worked, however, it resulted in placing more pressure on him and Gromit to find a solution before the Annual Vegetable Competition again risking his life. Gromit, who is a silent faithful dog and a loyal helper finds himself continuously thinking of innovative ways to save his master, from his radical crazy inventions going terribly wrong. What is interesting in this movie, is trying to identify: who is more entrepreneurial, Wallace or Gromit?","Write a 100-150 word positive review of the movie ""Wallace & Gromit: The Curse of the Were-Rabbit"" (2005), expressing your overall opinion."
pos_1665,tt0048021,Rififi,1955,39746,pos,8,A,136,"The fact that after 50 years, it is still a highly watchable movie, says a lot about it. It is more intelligent and interesting than almost all recent movies of the same genre you can find, and has a certain endearing feeling of innocence to it. I am not a big fan of this type of movies, but I could watch the whole thing without being bored, which makes it a good movie to watch with someone who does not necessarily share your taste in films. I liked the black and white palette, the excellent casting, the clever heist scene that keeps you guessing about what trick they will pull next, and the ending like everyone else. Watching the heist sequence makes one realize the power of silence, which is unfortunately so underused in today's cinema.","Write a 100-150 word positive review of the movie ""Rififi"" (1955), expressing your overall opinion."
pos_7865,tt0066819,The Beguiled,1971,21381,pos,7,A,107,"This Don Siegel/Clint Eastwood strange and hypnotic drama was left by the wayside in 1971 and what a pity. A fascinating character study with some great women for Squint to deal with. Geraldine Page was one of our supreme actresses and she's perfectly cast. Young Jo Ann Harris is a flirty minx, and Elizabeth Hartman (who died too young) is undeniably repressed. A 7 out of 10. Best performance = C. Eastwood. Released the same year as DIRTY HARRY, this did no business, beside getting some good reviews. Seek this out unless you're only into ""Explosion"" films. Very subtle and frightening, this piece will stick with you.","Write a 100-150 word positive review of the movie ""The Beguiled"" (1971), expressing your overall opinion."
pos_3599,tt0238112,Captain Corelli's Mandolin,2001,37645,pos,7,A,102,"Once you can get over Nic Cage playing an Italian soldier who loves opera and believes in making love, not war, you can get down to enjoying this beautiful-looking film. This could be used as an advert for tourism in the Mediterranean. John Hurt is great and Penelope Cruz isn't bad, as you might expect. Christian Bale's character is somewhat one-dimensional, which is a shame. The main drawback of this film is the adaptation from the book - having been told subsequently the differences between the book and film plots, I feel cheated out of a much better and more convincing storyline.","Write a 100-150 word positive review of the movie ""Captain Corelli's Mandolin"" (2001), expressing your overall opinion."
pos_5307,tt0301976,The United States of Leland,2003,25447,pos,10,A,124,"This is a superb film and was immediately put in my top ten (trust me I know films!). It's one of the movies that really makes you think, not necessarily about the storyline but about yourself! The film is about a fifteen year old kid (Leland Fitzgerald)who kills an autistic boy. he is sent to juvenile hall where he meets Pearl Madison, his teacher. His relationship with Pearl slowly grows and eventually Pearl decides to write a story on Leland and his peers but as he gets closer to finding out Lelands motive he learns he must deal with his own issues first. This is a great film and a must see with great music by the pixies and a fantastic score! Watch it!","Write a 100-150 word positive review of the movie ""The United States of Leland"" (2003), expressing your overall opinion."
pos_5480,tt0107206,In the Line of Fire,1993,124626,pos,7,A,149,"An assassination thriller in the mould of Day Of The Jackal, In The Line Of Fire has the added twist that Eastwood's old-timer bodyguard Frank Horrigan is troubled by past failure on the job. The chase becomes personal as John Malkovich's reptilian assassin Leary taunts him over this neurosis - with the rather clunky exception of the love of a good woman (Russo's Lilly Raines) nothing's going to set Frank's mind at rest than taking Leary down personally. Malkovich is a volatile presence - not simply combustible on screen but often a changeable actor too. This is one of his good films, focused and playing director Petersen's game. Eastwood is too old but a) the audience don't care, cos it's him and b) his age is written into the script, not only in the narrative but also as a recurring joke. Pretty much as you'd expect but well-handled. 7/10","Write a 100-150 word positive review of the movie ""In the Line of Fire"" (1993), expressing your overall opinion."
pos_9131,tt0065531,The Red Circle,1970,32247,pos,10,A,106,"you have loved The shawshank Redemption, Pulp Fiction, Vertigo, Oldboy.... And i guarantee you will love this one more. its a brilliant thriller. The story is so simple yet so gripping. it keeps you at the edge of your seat till the end. the slow moving scenes, simple music adds more perfection to the movie. its so genuine. the performance is top class the direction the sequences...they are too perfect..if i could i would place it in top 10 thrillers ever made. Most entertaining thriller i have seen in a while... *****/***** my vote help me move this movie to top 250 you will love it...","Write a 100-150 word positive review of the movie ""The Red Circle"" (1970), expressing your overall opinion."
pos_9685,tt0493430,Jackass Number Two,2006,84569,pos,10,A,123,"This movie was borderline in crude humor....I utterly can not believe that these people can get away with this. Johnny Knoxville didn't cross the line...he was stomping all over it! This was better than the first...ALL THA WAY! The thing I found about the 1st movie was that the shenanigans were somewhat as if it was on the t.v. show. NOT THIS TIME!!! they completely made a 180 degree flip...the whole cast is so outstanding in what they do and not were the stunts crazy...but the music basically fit every situation...GOOD WORK!!!! When you go see this be sure to use the bathroom before going to the theater, maintain a strong stomach and rememba to not let your beverage spray out your nose....","Write a 100-150 word positive review of the movie ""Jackass Number Two"" (2006), expressing your overall opinion."
pos_9452,tt0454945,She's the Man,2006,196784,pos,10,A,126,"I just rented this movie from the video store last night. It being new and not released long ago here, the rent was only overnight. Me, my little sis, and my older brother who usually hates watching these kind of movies sat down and watched. Once the movie started and after sitting there watching it for a while we were all laughing historically. Even my brother. This movie is hilarious, I actually laughed. No matter how funny some movies are... even if I think its funny I sometimes can't seem to laugh. But this movie... I laughed. My brother ended up thinking it was the best ""that type of movie"" he had seen. I ended up watching the movie again about 2 or 3 hours later.","Write a 100-150 word positive review of the movie ""She's the Man"" (2006), expressing your overall opinion."
pos_6649,tt0159365,Cold Mountain,2003,165352,pos,10,A,112,"How is it possible to like and dislike the same movie? The plot is very much like that Jody Foster thing, Sommersby, only not as good. Nicole was great....Jude was adequate. They didn't give him many lines...is there a reason for that? Generally, he's a pretty good actor. She's so elegant, his character is so country bumpkin. It makes one wonder what they see in each other. Romance between two such was only successful in Lady Chatterly's Lover. I think the dislike comes about because the movie is too long. They could have told the story in two hours. The story is good. Good locations, good filming. The character actors were great.","Write a 100-150 word positive review of the movie ""Cold Mountain"" (2003), expressing your overall opinion."
pos_5031,tt0117038,Michael,1996,47366,pos,7,A,128,"Though this film doesn't stand out particularly from the movie crowd, its still a very nice film to sit down and watch with your feet up! There maybe the odd one or two mistakes you catch, and the cinematic are a little slipshod, the film itself is very enjoyable and has a wonderful atmosphere to it. The music contributes a lot to the mood of the movie. The acting is none the less impressive (especially the dog he he!) with John Travolta taking the lead of the fun-troublesome-loving Michael. Other characters feel very genuine and perform very well within the film. So after a long day at work, stick ""Michael"" on in the evening with some ice-cream and enjoy a very quality film in its own right :)","Write a 100-150 word positive review of the movie ""Michael"" (1996), expressing your overall opinion."
pos_11404,tt0455857,When a Stranger Calls,2006,52273,pos,8,A,141,"I was skeptical before going to this because of the horribly assembled trailer which made it look like an equally horrible movie. I was nicely surprised by how much i did not waste my money. I believe the films success comes from how creepy it really is and how the environment of the house is. Little things like the sensor lights create a true uneasy feeling. The shadows and ominously cold feeling of the house make it easy to tell that no matter how much you know horror films, anything could happen in the film. The acting is by no means perfect, nor were they bad. The main character is convincing even given the annoying teen dramas that surround her. In the end, I was thoroughly impressed with the film in most aspects. It is definitely a film i would recommend.","Write a 100-150 word positive review of the movie ""When a Stranger Calls"" (2006), expressing your overall opinion."
pos_10155,tt0049470,The Man Who Knew Too Much,1956,77028,pos,7,A,149,"This isn't among my favorite Hitchcock films, though I must admit it's still pretty good. Among the things I really liked were the presence of Jimmy Stewart (he always improves even the most mediocre material) and the incredibly scary looking assassin (who looks like a skeleton with just a thin layer of skin stretched over him). Although it cost the studio a lot of money, I didn't particularly care for Doris Day in the film--she seemed to weep a lot and belts out ""Que Sera"" like a fullback. Yes, I know that she was supposed to sing in that manner, but this forever made me hate this song. Sorry. The other complaint, though minor, I had about the movie was that it was a little ""too polished"" and ""Hollywood-esque"". The original version (also done by Hitchcock) just seemed a lot grittier and seedier--and this added to the scary ambiance.","Write a 100-150 word positive review of the movie ""The Man Who Knew Too Much"" (1956), expressing your overall opinion."
pos_10473,tt0092603,Babette's Feast,1987,24249,pos,10,A,119,"I can think of no movie that better captures the concept of grace, in a theological sense. The well-intentioned religiosity of a small congregation, gone awry after the death of their leader, robs from them the very thing they preach: grace. The costly gift of a humbled Parisian culinary genius returns them to their calling to love one another, and humbles an aging general concerned that he's wasted his life. CHOICES is a central theme, as well as grace. At the same time, artistic gifting is recognized as having a powerful, transcendent role to play in everyday life, and the life to come. Impossible to improve or ignore. This is a life-changing film for those who hear its message.","Write a 100-150 word positive review of the movie ""Babette's Feast"" (1987), expressing your overall opinion."
pos_6673,tt0272152,K-PAX,2001,204224,pos,8,A,125,"If you like movies that will make you think, this is absolutely one of the good ones. I always liked David Lynch and Cronenberg. They have always made high-quality movies. Iain Softley has directed K-PAX brilliantly. The movie tears in feelings and philosophy of the mind and world. Kevin Spacey and Jeff Bridges both delivers superb acting skills. It caught me, I did not take my eyes away from the screen during the movie. On the other hand, if you are hoping for a special effect sci-fi movie, this is not for you. The story is being dragged a bit, which can be a bit boring, but also works as a way of building up the theme of the movie. Enjoy this film, I did..","Write a 100-150 word positive review of the movie ""K-PAX"" (2001), expressing your overall opinion."
pos_8781,tt0035279,Saboteur,1942,29971,pos,7,A,121,"Cummings is falsely accused of sabotage and goes on the lam, looking for the real culprit. The familiar Hitchcock theme of a man wrongly accused of a crime is nicely played out in this entertaining fare that has elements of ""The Thirty Nine Steps"" and ""North by Northwest,"" although it is not as good as either of those classics. There are some impressive set pieces, including the finale on the Statue of Liberty. The plot is implausible and unconvincing and, after a terrific start, it seems to run out of steam. Cummings is likable if somewhat stiff in the lead. Lane is the blonde but not the cool variety of the director's later films. The supporting roles are generally well played.","Write a 100-150 word positive review of the movie ""Saboteur"" (1942), expressing your overall opinion."
pos_1600,tt0067445,Death in Venice,1971,25259,pos,10,A,111,"Philistines beware, especially American ones! This has all the elements you'll hate - a langorous approach to film language, a painterly sense of composition, an intense homoerotic focus to its elegant narrative, a wonderful and unusual use of music and, even worse, it's based on a story you'd probably hate as well... If, however, you do feel that films don't to have derivative plotlines, be full of action and crappy dialogue, don't need the visual grammar of MTV/TV Commercials, then watch this. It's one of my favourite films, and is perhaps Visconti's most perfectly formed piece of work. It's sublime, like the movement of Mahler he uses insistently throughout the film.","Write a 100-150 word positive review of the movie ""Death in Venice"" (1971), expressing your overall opinion."
pos_297,tt0078788,Apocalypse Now,1979,778647,pos,10,A,138,"Brilliant actors and brilliant picture!! I love the chopper scene with the music in the beginning, it is just SO touching and at the same time real but at the same time surrealistic! The Vietnam War was far from human and I believe this movie kind of shows have terrible human beings can act under certain circumstances. Modern war movies are spending so much money on effects. This is just a straight forward smart movie that takes you beyond your imagination. A movie that really pictures evil and hate mixed in fearness and fate. How insane the world is and the power of will and friendship, love and passion. A must seen movie and without any doubts the best war movie ever! Many tried to copy but still there are no movie even close as good as this!!","Write a 100-150 word positive review of the movie ""Apocalypse Now"" (1979), expressing your overall opinion."
pos_5959,tt0464913,"OSS 117: Cairo, Nest of Spies",2006,25628,pos,7,A,113,"Just saw the movie, it's actually pretty good. The trailers'd left me an impression of either yet another Dujardin one-man-show-turned-film (à la _Brice de Nice_) or an expensive, stupid French comedy. Surprisingly, it's neither. Secret agent OSS 117 is stupid, but at least he sort of knows it, whereas I've always found that James Bond was stupid but acted like a smart arse. Dialogue is witty with a lot of tongue-in-cheek humour that one would expect from a British rather than a French movie. The women and the music are beautiful. A refreshing trip into the past, when the bad guys were ex-Nazis or Soviet brutes, cars were shiny, and France had colonies!","Write a 100-150 word positive review of the movie ""OSS 117: Cairo, Nest of Spies"" (2006), expressing your overall opinion."
pos_2022,tt0202470,Rock Star,2001,47447,pos,9,A,127,"I watched this movie the other night, and I have to admit, it was quite possibly the best film of this generation. Turns out I wasn't born until 1988, but I can relate to this motion picture like Cary Grant can relate to having an STD, or Burt Reynolds to being a burnout. Marky Mark did not decline in awesomeness after his brief stint in New Kids on the Block, which I will from here on refer to as ""the best band in the world (aka BBW). Like, it's totally a morality tale about fargin' trannies an' poop, so pay attention! I love all y'all, and continue to support Marky Msrk because he needs us now more than ever. He's the only boyee who survived the De-sharted.","Write a 100-150 word positive review of the movie ""Rock Star"" (2001), expressing your overall opinion."
pos_1188,tt0079261,Hair,1979,44773,pos,10,A,127,"I first saw this movie in the theater. I was 10. I just watched it a second time and I must say it was amazing. The music, the dancing, the acting. It is a great story and told extremely well. I fell absolutely in love with Treat Williams when I was a kid after seeing him in this movie. One of my favorite parts was when his mom kept yelling at him to give her his pants, and then finally said ""how much do you need""? (money). That was classic. ; ). Moms are the best. If you haven't seen this movie since it came out I say see it again. It's timeless. It will do what all great movies do; make you laugh, cry, and think.","Write a 100-150 word positive review of the movie ""Hair"" (1979), expressing your overall opinion."
pos_9968,tt0379889,The Merchant of Venice,2004,40284,pos,10,A,129,"I saw The Merchant of Venice in London last week. Great acting by Al Pacino, Jeremy Irons, Joseph Finnes and Lynn Collins. Compare to other movies based on Shakespeare's play, this production has made the play so easy to understand and follow. Bravo to Michael Radford for directing such top actors. The costume and the scenery are great and since it was filmed on location in Venice it gives the film and authentic flavor. I had read the play over thirty years ago at school and the emphasis was on the characters' anti-Semitic behavior toward the Jews and the cruelty of the Christians. I do not know if this movie is going to be controversial but in any case I am sure that it will get few Oscar nominations.","Write a 100-150 word positive review of the movie ""The Merchant of Venice"" (2004), expressing your overall opinion."
pos_1000,tt0819714,The Edge of Love,2008,20147,pos,9,A,145,"I was fortunate to attend the London premier of this film. While I am not at all a fan of British drama, I did find myself deeply moved by the characters and the BAD CHOICES they made. I was in tears by the end of the film. Every scene was mesmerizing. The attention to detail and the excellent acting was quite impressive. I would have to agree with some of the other comments here which question why all these women were throwing themselves at such a despicable character. *******SPOLIER ALERT******** I was also hoping that Dylan would have been killed by William when he had the chance! ****END SPOILER***** Keira Knightley did a great job and radiate beauty and innocence from the screen, but it was Sienna Miller's performance that was truly Oscar worthy. I am sure this production will be nominated for other awards.","Write a 100-150 word positive review of the movie ""The Edge of Love"" (2008), expressing your overall opinion."
pos_9867,tt0113253,Halloween: The Curse of Michael Myers,1995,47328,pos,8,A,123,"I personally LOVE this film amidst the Halloween series. I've found, after watching it with many friends, that you enjoy it completely, or find it absolutely unbearable. Personally, i've watched it dozens of times, and it never gets old. There is a great back story within the movie itself, and a lot of different things are finally explained. It's a rather short movie, at just shy of 90-minutes, but it's definitely a thrill ride. The shape seems to be pretty brutal in this film, but the acting is still there with the way he walks, stalks and kills. There are a lot of neat little screen shots with Micheal appearing in the background, which adds more of a spooky element to the movie.","Write a 100-150 word positive review of the movie ""Halloween: The Curse of Michael Myers"" (1995), expressing your overall opinion."
pos_8435,tt0078966,The China Syndrome,1979,36247,pos,9,A,103,"The China Syndrome is a perfectly paced thriller and not slow or boring at all, as some people tend to say. The transitions from one scene to another are great and the tension build up in the film will keep you on the edge of your seat for the entire two hours. Jack Lemmon is great, as always, as the somewhat nervous plant operator and Jane Fonda succeeds again in bringing some real emotions into the story. You can see this film as a political statement of the time, or just as an intelligently made thriller. Either way it is definitely worth watching.","Write a 100-150 word positive review of the movie ""The China Syndrome"" (1979), expressing your overall opinion."
pos_8517,tt0086006,Never Say Never Again,1983,79356,pos,8,A,144,"If you can watch a Bond film from 1983 that isn't as good as Octopussy and still enjoy it. If you can accept production values which aren't that much above the level of a TV movie. If you can look at Sean Connery with wrinkles on his forehead beneath an obvious toupée and still see James Bond. If you can get past an inexperienced Basinger, a weaker Largo and a jolly Q. If you can learn to love an idiosyncratic score, not up there with Barry on his worst day. If you don't believe the hyperbolic reviews that it was greeted with on release. If you can meet a poker battle and a video game face off and enjoy them both the same. Yours is Never Say Never Again and everything that's in it. And, what is more, you'll probably enjoy it, my son!","Write a 100-150 word positive review of the movie ""Never Say Never Again"" (1983), expressing your overall opinion."
pos_7986,tt0103776,Batman Returns,1992,353245,pos,8,A,115,"The best Batman movie of the 90's no doubt about it. This movie takes place in a city filled with insecurity and nightmares. Although the villains are somewhat cheesy, they fit perfect for the movie's tone of colorful but nightmarish cinematography. The performances are really great and the comic tone behind them really delivers expectations. Don't get fooled by the cheesy outfits, this is a movie in the pure style of Burton. That can't be described; Burton is a sui generis director that took the Batman franchise to another obscure level but not forgetting about it's comic style past. Recommended for fans of action cinema and best of all, if it deals with super heroes.","Write a 100-150 word positive review of the movie ""Batman Returns"" (1992), expressing your overall opinion."
pos_6073,tt0116209,The English Patient,1996,215438,pos,10,A,130,"From 1996, first i watched this movie, i feel never reach the end of my satisfaction, i feel that i want to watch more and more until now, my god i don't believe it was ten years ago, and i can believe that i almost remember every word of the dialogues. I love this movie and i love this novel, absolutely perfection. i love Willem Defoe, he has a strange voice to spell the words ""black night"" and i always say it for many times, never being bored. I love the music of Szararem, it's so much spiritualistic, made me come into another world deep in my heart. anyone can feel what i feel and anyone could make the movie like this? i don't believe so. Thanks Ondaatje thanks Mingela.","Write a 100-150 word positive review of the movie ""The English Patient"" (1996), expressing your overall opinion."
pos_4513,tt0419887,The Kite Runner,2007,85613,pos,8,A,137,"""The Kite Runner"" is one of the most controversial films of the year, and it's not just one of those controversies invented by PR people to sell tickets. No, this is a film that was actually pulled from release because the producers began to fear for their safety of their actors. That may give you an idea of just how sensitive and topical some of the material is. ""The Kite Runner"" is an important film for our modern world, because now more than ever, we need stories that show the reality of war, not just action movies that glamorize the violence. It was adapted from the best-selling book, and some critics have charged that something was lost in translation, but if you don't bring the baggage of the novel into the screening, you will be very moved.","Write a 100-150 word positive review of the movie ""The Kite Runner"" (2007), expressing your overall opinion."
pos_2414,tt0110657,The Next Karate Kid,1994,38671,pos,7,A,118,"I first viewed this film shortly after it was put out on video in 1995, I dismissed it offhand, saying that Julie was no Daniel, never really giving it a chance and saying it was horrid. But here it is, 5 years later, its on Disney and im watching it again. And I'm finding that it isnt as bad as I made it out to be. Miyagi is still Miyagi, just as kool as ever, the musical score is still there pleasant as ever. And Swank's character isnt that bad, her acting is pretty good considering the script. It beats the third installment by a wide margin. So, my original rating of 4 has been raised to 7.","Write a 100-150 word positive review of the movie ""The Next Karate Kid"" (1994), expressing your overall opinion."
pos_152,tt0762073,Thirst,2009,55728,pos,10,A,148,"After watching Oldboy I was a little disappointed by the rest of Park's work, some of it is good but it never approaches the level of humour and originality that Oldboy had. This one does, it is nothing like Oldboy in plot or style but the same level of quality is there. The acting is good with Kang-ho Song, OK-bin Kim and Ha-kyun Shin delivering excellent performances. Kim in particular manages to swap from the creepy horror scenes to the surreal comedy without the slightest misstep. The plot is strange with lots of twists and turns and takes a big swipe at the vampire clichés. The directing is spot on with tons of pace and humour throughout and some of the most memorable scenes I have ever seen. It does boast what is probably the weirdest love scene you will ever see. This is just a great film.","Write a 100-150 word positive review of the movie ""Thirst"" (2009), expressing your overall opinion."
pos_9926,tt0093677,Opera,1987,22036,pos,8,A,107,"One of his lesser known films, many horror fans have yet to catch this Dario Argento offering, which is unfortunate. It is underappreciated mostly because of the fact that really not enough people have seen it. The film boasts grade-A Argento gore, with his customary close-ups set to savage rock scores. While it true that this script is not very complex, it is not nearly as bad as other entries in its genre, or his own personal resume for that matter. This movie symbolizes more of the 'dread' that he likes to portray in his films by his own admission. Worth a good look on any night.","Write a 100-150 word positive review of the movie ""Opera"" (1987), expressing your overall opinion."
pos_2781,tt0283900,The Spanish Apartment,2002,44258,pos,7,A,139,"So we saw this on DVD at our apartment here in Paris. We're all here on an exchange program. We all laughed so hard cuz so much of what was going on in the movie happened to us! I mean yeah sure some of it was pretty clichéd but still true, know what I'm saying. I think I related more to the quiet guy (the Italian) than Xavier because I'm more of the observer in our group. Anyway, I wish I had a hot roommate like Cecile de France. She seems like a cool chick in the movie and for real, after I saw her hosting the Cannes Festival last month. Now I'm thinking I wanna go to Barcelona next summer after seeing this movie. I gotta check out the sequel too which just came out here in France.","Write a 100-150 word positive review of the movie ""The Spanish Apartment"" (2002), expressing your overall opinion."
pos_1248,tt0219854,The Kid,2000,46721,pos,8,A,141,"hello, looking for a movie for the family to watch on a Friday night? Can't find what your looking for? I thought this was an extremely enjoyable movie. Good for the whole family. I found that it had a remarkably rare combination of it being appealing to both adults and children alike. It was brilliant, to say the least. Bruce Willis's acting was top-notch, there was a lot of humor in it and overall, a great movie. In my opinion, it's a must-see movie. And I don't think that about a lot of movies, believe me when I say it takes a lot for a movie to get me to think that. It's clear that there was much work done by Bruce Willis and cast to get this movie done. Excellent story, good acting, and again, overall a thoroughly enjoyable movie.","Write a 100-150 word positive review of the movie ""The Kid"" (2000), expressing your overall opinion."
pos_5294,tt0876563,Ponyo,2008,189240,pos,10,A,112,"I had heard news about this film from anime-legend Hayao Miyazaki, and I SO wanted to see it. But I was lucky enough to the film online at YouTube; after watching the film, I knew that it is another Miyazaki/Studio Ghibli classic. This film, inspired by my favorite fairy-tale ""The Little Mermaid,"" is about a 5-year-old boy named Sosuke, and his relationship with a goldfish princess, whom he named Ponyo, who longs to become human and be with Sosuke. I won't give you anymore details, you'll have to see the film for yourself. So overall one of the best animated movies ever made, with plenty of fantasy, adventure, and humor...I loved it!","Write a 100-150 word positive review of the movie ""Ponyo"" (2008), expressing your overall opinion."
pos_5627,tt0181288,American Movie,1999,21311,pos,10,A,111,"The subject matter of this film is potentially depressing: a man about thirty, with no job, little education, three kids from a failed relationship, living in his parents' house, but with a dream of directing feature films. But about a half-hour into the movie you realize that Mark Borchardt has a bottomless supply of drive and ambition--it's just that it's all channeled into his need to direct movies, and nothing else will make him happy. The movie jumps all over the emotional spectrum, but in the end you come away feeling happy, because you've just gotten to know some wonderful people. Go to see this--you'll end up wishing it was longer.","Write a 100-150 word positive review of the movie ""American Movie"" (1999), expressing your overall opinion."
pos_1807,tt0086525,Valley Girl,1983,21537,pos,7,A,132,"There were a lot of dumb teenage getting sex movies of the 80s and a lot of slasher flicks but there were only a handful that were made with thought, made you laugh and captured the time period right; this was one of them. Cage is Hillarious, so is Forman who from her bio unfortuatley has dissapeared from the Hollywood limelight. I'd love to see this released on DVD with in a special version with commentaries by Cage and Forman. Wishful thinking, I know. Ever want to plan a true 80s movie weekend, rent this, Sure Thing and 16 candles and Breakfast Club. It will take you back to a ""Totally Rad"" time which it seemed at the time, was a lot more simple. Memo to studios: Time to release the DVD!","Write a 100-150 word positive review of the movie ""Valley Girl"" (1983), expressing your overall opinion."
pos_8863,tt0084787,The Thing,1982,536001,pos,10,A,125,"John Carpenter's The Thing is hands down the best horror film ever made. Not only that, but it is also on of my personal favorite films of all time. What makes the movie so great? It's hard to put my finger on it. Everything just seems to work in The Thing, it's one of the rare occasions where everything just seems to fall in place. The film is even superior to Alien in creating a type of moody atmospheric hell. The fact that it's not only about the gore (which is wonderful btw), but it is able to create a paranoia that is unmatched in films. A truly wonderful film that is worshiped by all horror buffs, and anyone who has good taste in films.","Write a 100-150 word positive review of the movie ""The Thing"" (1982), expressing your overall opinion."
pos_10136,tt0316465,Radio,2003,49887,pos,10,B,122,"This is one of the best films I have ever seen! How anyone can knock this movie just befuddles my imagination! First of all, Gooding's and Harris's performances were simply spectacular, especially Gooding. That is the only way I can describe the acting: spectacular! You have to imagine how difficult it would be to play a character like that and pull it off; then you see Gooding, and his performance was magical. As for the plot, since it was based on a true person, it goes where the lives of the characters go. For all the action buffs, it might be a little slow, but then it's not an action film. I definitely give this movie a 10. It deserves nothing less!","Write a 100-150 word positive review of the movie ""Radio"" (2003), expressing your overall opinion."
pos_8206,tt0113957,The Net,1995,80789,pos,10,B,124,"Wow! In my opinion, THE NET is an excellent, nail-biting, edge-of-your-seat techno thriller that will leave you feeling good all over. When I first saw it, I was feeling good all over for days. When Angela (Sandra Bullock) went to Mexico, I thought to myself, ""That is a really nice place to vacation."" From the moment Jack (Jermey Northam) and Ruth (Wendy Gazelle) began chasing her, I thought to myself, ""Don't let anything bad happen to her! Please!"" I also took quite a few deep breaths to prevent myself from screaming any more than I already had. On the bright side, if you ask me, the house was very luxurious and spacious. In conclusion, I give this excellent, nail-biting, edge-of-your-seat techno thriller four stars.","Write a 100-150 word positive review of the movie ""The Net"" (1995), expressing your overall opinion."
pos_505,tt0120611,Blade,1998,336139,pos,9,B,125,"In the ever growing film genre of comic book adaptations, Blade is by far one of the best realised, and most faithful (overall) to the source material.... given that the character has almost 30 years of history in the comics since his debut as a back up figure in Marvel's Tomb of Dracula, the writer took almost ALL of the characters and plot elements from the comic's history. While changes were inevitably made, the finer points of the film steamroll right over any criticisms. Don't let any of you friends tell you different: Blade is one fine film. If it feels too ""comic booky"" for you Stanley Kubrick snobs out there, it's because it's supposed to. Deal with it, but don't dis it for it.","Write a 100-150 word positive review of the movie ""Blade"" (1998), expressing your overall opinion."
pos_7436,tt0385700,Final Fantasy VII: Advent Children,2005,59970,pos,10,B,115,"It really isn't hard to understand this movie! I watched it with no expectations and no knowledge of the story from the games. I was completely blown away! Initially, I wondered how most of the characters have some sort of super-powers but it IS called ""Final FANTASY..."". I also wondered about Cloud's past but that was easy enough to look up. In no way did these questions spoil the enjoyment of the movie, though. Just the opposite; it shows I kept thinking about the story long after seeing the movie. It's one of the most beautiful movies my eyes have ever seen. The music supports the movie completely. The characters are incredible. I want more!","Write a 100-150 word positive review of the movie ""Final Fantasy VII: Advent Children"" (2005), expressing your overall opinion."
pos_1956,tt0091860,River's Edge,1986,23801,pos,10,B,110,"I really don't have any complaints about this movie, except for the disturbing scenes with the body. I fell upon it while switching around the tv one night. The acting was actually amazing, I didn't expect it to be better than it appeared! I thought Keanu's(who looks the SAME since 1986, which is a very good thing hehe) acting was really *great*, and Crispin played his character perfectly! This movie is a hidden gem! Its a fresh awaking of reality to the '80s, compared to the other teen movies done by the brat pack(even though I do like those moives alot too). All in all, I give it thumbs up!","Write a 100-150 word positive review of the movie ""River's Edge"" (1986), expressing your overall opinion."
pos_975,tt0265298,Big Fat Liar,2002,43310,pos,7,B,150,"Much better than expected. Good family flick - catch it on reruns. The whole is more than the sum of its parts. Paul Giamatti chews up the scenery - he has way more talent then the role deserves. A treat to watch Inspector Uhl from ""The Illusionist"" go over the top. The blue man scenes had my 11 year old in stitches. The cameos were particular fun for the parents - nice to see Lee Majors and Urkel (umm, Jaleel) again. It's going to be tough to think up 10 lines for this film , but let's hear it for a movie that promotes honesty between a child and their parents! Amanda Bynes does a fine job when she gets to be part of the sting. I normally can't stand Frankie Muniz but he is just fine here. Hats off to the casting director - if only for hiring Giamatti!","Write a 100-150 word positive review of the movie ""Big Fat Liar"" (2002), expressing your overall opinion."
pos_2335,tt0116130,Down Periscope,1996,29174,pos,9,B,139,"This is one of those movies the critics really missed the mark on. This movie is practically McHale's Navy for the 90s or Police Academy at sea. Grammer proves he can play roles other than Frasier as he outwits and outfoxes the Navy in order to get his own sub. Rob Schneider is as wormy as usual, the same in every role he plays, and Lauren Holly is the local sexpot albeit with a brain. Ken Hudson Campbell is as funny as usual with almost every line a catch phrase. The movie has a wonderful intelligent plot and a non-predictable script that still surprises me every time I watch it. Many of the Navy phrases and terms go over my head, though, but it's a small obstacle for the sheer accuracy and realism of the movie and its characters.","Write a 100-150 word positive review of the movie ""Down Periscope"" (1996), expressing your overall opinion."
pos_8479,tt0350258,Ray,2004,167347,pos,9,B,121,"A lecture over the life of the tormented magician named Ray Charles. His pulses on the piano made fire music and his nostalgic voice created exciting, cool tunes. Each barrier that Ray was facing never kept him down, and he found his way all over conflicts. A real lesson. A great team of producers help recreate the era and armed with great costumes, hairs and settings one will follow Ray's story believing its true, direct filming! An icy music freezes and goosebumps the audience with clever sound editing. But, the most important part of the movie is Jamie Foxx. His acting is really superb, the most diamond polished acting ever seen. He lives his role. He is the Ray of Light.","Write a 100-150 word positive review of the movie ""Ray"" (2004), expressing your overall opinion."
pos_3011,tt0209958,The Cell,2000,116083,pos,7,B,105,"I had no expectations when I started to watch this movie. How surprised I was! This is a great, beautiful, twisted movie which will give your mind a good work-out! It's not simple. If you only enjoy Police Academy style, no-brains movies, this is not for you. The Cell is a deep, complex film with influences from movies like Cube, Silence of the Lambs and The Lawnmower Man, along with lots of completely new ideas. Wonderful, twisted environments, good acting and a compelling story makes this one of the best films I have seen in a long time! Be open-minded, and you will love it!","Write a 100-150 word positive review of the movie ""The Cell"" (2000), expressing your overall opinion."
pos_10085,tt0365376,A Tale of Two Sisters,2003,75301,pos,10,B,129,"This is one of the best movies I have ever seen... It's so full of details and every time you see it you'll find new things... Like then the father is in the shower but still only hears one voice, and when the girls flute, they can't do it at the same time cause then there would be two girls, and there aren't. I have some problem finding out, about in the middle of the movie their ""Uncle"" visit them, but why does his wife freak out?!? Else a fantastic movie.!!! The best Asian movie ever. I hope people will enjoy it. There have been so many movie, where the main character is skit-so (The machinist, Secret Window and so on), but this movie is way better than them!!!","Write a 100-150 word positive review of the movie ""A Tale of Two Sisters"" (2003), expressing your overall opinion."
pos_9990,tt0388980,The Greatest Game Ever Played,2005,36499,pos,10,B,135,Oh my god what a story! This movie is very good and it had to be God who had this happen! You did a awesome job.The acting was really good you picked the right actors for sure. This movie is so good I am really glad you made this because if you had not then I would have never ever known about this story because I am not a big golf fan and I think it is kinda boring so thank you. I really enjoyed it and that is why I gave the movie a 10\10.I liked Shia Labouf too he was perfect for the roll of Fransis Quimet. I hope most of that stuff you put in there was true also. Oh and some parts were funny and others I was just really happy.,"Write a 100-150 word positive review of the movie ""The Greatest Game Ever Played"" (2005), expressing your overall opinion."
pos_1842,tt0122459,Return to Me,2000,25494,pos,10,B,141,"Awesome Movie! Great combination of talents! I'm a HUGE fan of David Duchovny and he is outstanding in this movie! I would love to see him in more movies of this nature. His talents are definitely under-used and has SO much more to offer besides ""Agent Mulder"" (although I'm a huge fan of that series too), Anyway, I want to see more of him. He is easily the Cary Grant of our generation. If you haven't seen this movie, you MUST! Great love story that shows love never dies... it's with you forever. Minnie Driver is great and how can you go wrong with a cast containing Mr. O'Connor and Mr. Loggia and Mr. Belushi? This movie didn't get any type of awards nod, but deserved one. Great job Bonnie Hunt! ** By the way... the soundtrack is great too! **","Write a 100-150 word positive review of the movie ""Return to Me"" (2000), expressing your overall opinion."
pos_363,tt0044079,Strangers on a Train,1951,149288,pos,10,B,109,"This movie was fabulous. It is definitely a top 5 hitchcock film. The directing and camera shots are nearly flawless(aside from the dog scene when he licks the guys hand, clearly in slow motion). The plot is well written and realistic. It was very believable that an innocent man could fall into a trap like that. I would rate Bruno as hitchcocks second most interesting character( of course bates is first). Robert Walker plays a very believable maniac. He didnt overact the part which made it believable(much the same how perkins didnt overact his part). Overall this is an excellent movie, an absolute must see for any hitchcock fans.","Write a 100-150 word positive review of the movie ""Strangers on a Train"" (1951), expressing your overall opinion."
pos_12463,tt0087365,"Greystoke: The Legend of Tarzan, Lord of the Apes",1984,21466,pos,10,B,119,"There is absolutely no doubt that this version of Tarzan is the closest to Burroughs' vision. While he gladly collected his royalties from the films produced during his lifetime, he frequently made it clear that they were little more than the bastard children of his tales. The film studios' ludicrous obsession with casting Olympic swimmers as Tarzan was beyond laughable. I guess we should consider ourselves lucky that they did not set their sights on shot-putters. Prior to this film, the most faithful adaptations were in comic strips and comic books. As fine as some of these were, we had to wait seven decades for a filmmaker with the integrity to respect the character as he had been created.","Write a 100-150 word positive review of the movie ""Greystoke: The Legend of Tarzan, Lord of the Apes"" (1984), expressing your overall opinion."
pos_12048,tt0109555,Darr,1993,27370,pos,7,B,133,"I have seen many of Shahrukh's movies and this is a very good role for him. He has such versatility, but he mainly stays in positive roles. As Rahul, he is very dark and disturbing, yet I found myself sympathizing with him much of the movie. If for nothing else, watch this movie for Shahrukh. He plays a very complex and real character very convincingly. The story is very typical and has been done before, but the character development is very strong and entertaining. The opening is a little confusing, but by the end, it doesn't matter. The songs I found very likable and give insight to what characters are thinking. Very clever. I think this movie was very good and recommend it to all Shahrukh Khan fans. It is a must see!","Write a 100-150 word positive review of the movie ""Darr"" (1993), expressing your overall opinion."
pos_5067,tt0804522,Rendition,2007,60112,pos,10,B,140,"To solve a challenging problem, you need to start by asking the right questions. Without these, even the biggest library of information is useless. This movie does just that - where other movies guide your thinking along a story board, this film pulls at your emotions and your understanding of justice and what's permissible. These questions will tug at you throughout, challenging your assumptions as the characters develop. This movie is important. It's relevant, and a must see for anybody who stays informed of current affairs. The fact it's highly entertaining and includes a slew of movie stars only improves the execution. My advice: watch it with a serious crowd or better yet, by yourself, not unlike how you'd read an editorial from your favorite news magazine. In this case there is one difference: the answers will be your own.","Write a 100-150 word positive review of the movie ""Rendition"" (2007), expressing your overall opinion."
pos_9561,tt0218839,Best in Show,2000,76543,pos,10,B,139,"This flick was even better then 'Waiting for Guffman'. The great strength in these two films lie in the brilliant character acting by Guest and Levy's little second-second city troupe. If one finds this movie boring or pointless, God help 'em, they just didn't get it. It is a mockumentary, something at which Guest and Levy have a genius for. At the end of the movie where Guest's southern down home dog lover tells us that to relax after the show, he went to Israel to work on a 'caboose', or when he tells us that ventriloquism is an ancient art and we see a hieroglyphic of an ancient Egyptian holding a tiny ancient Egyptian in it's hand, I realized it is moments like this that make life worth living. Thank you Mr.Guest and Mr.Levy, and God bless you.","Write a 100-150 word positive review of the movie ""Best in Show"" (2000), expressing your overall opinion."
pos_4240,tt0144120,Bride of Chucky,1998,71380,pos,10,B,132,"This is a good film for die-hard Chucky fans. Okay I'm sure it's not as good as what the Child's Play movie were like, but this can get really funny and enjoyable, Chucky's laughs are hilarious. (SPOILERS) Now not one doll, but two, meaning double the impact, Jennifer Tilly played the part really well and definitely pulled off the best kill of the movie. If you have seen the Child's Play movies this would be a worthy film on your Chucky collection, but if you've never seen the Child's play movies before, this'll will be a new start. Of course you'll not have a clue on how Chucky got into his current state (cause I'm not telling you) but you'll figure out why Chucky is very popular. Overall a very enjoyable movie.","Write a 100-150 word positive review of the movie ""Bride of Chucky"" (1998), expressing your overall opinion."
pos_7185,tt0250223,Asterix & Obelix: Mission Cleopatra,2002,63970,pos,8,B,103,"This movie is just great... It starts out real slow and boring but as the movie progresses.....well the fun keeps on coming. The power of the movie is perhaps in it's subtle references to a lot (and I mean a lot) of other movies. For me the best part was perhaps the Bruce Lee/Crouching Tiger, Hidden Dragon scene. How the two actors switches from French to Chinese or whatever Asian language it was, it was awesome. Then the jokes with the names, they are hilarious but perhaps you won't understand all of them when your an American (no offense). Overall a great movie","Write a 100-150 word positive review of the movie ""Asterix & Obelix: Mission Cleopatra"" (2002), expressing your overall opinion."
pos_1969,tt0120907,eXistenZ,1999,114775,pos,10,B,111,"This was a movie I came across by accident. I was flipping through and saw it was on Showtime so I watched it. Now i watch it at least once a month. This is a movie that is filled with symbols that might cause some people to trash it. Don't listen to people that hate this movie, if they want an action movie with expensive f/x they should have rented a movie that promises them. If you are in the mood for a good sci-fi, i highly recommend. If purchasing on DVD I recommend the Alliance Atlantic edition of the film, it contains many more extras than the Dimension Films edition.","Write a 100-150 word positive review of the movie ""eXistenZ"" (1999), expressing your overall opinion."
pos_8965,tt0472062,Charlie Wilson's War,2007,132510,pos,8,B,121,"... with a single act. Charlie Wilson, congressman, a real character. During the 90s, when the communism on USSR, the Wall of Berlin and the war on Afhganistan (with the Soviets) broke over. He did it, a single denial for money, and everything went down. He should be remembered, so here it is. His memorial. Back to the movie. Funny, dramatic, snob, politic or just boring. Anyways, it's a smart movie about politic life, about ruling the world and about, above all, a lesson to the world. A lesson to every politic out there, a critical point of view referring to countries who support wars with money, guns and words. Lesson Learned - World isn't a nice place to live in","Write a 100-150 word positive review of the movie ""Charlie Wilson's War"" (2007), expressing your overall opinion."
pos_4075,tt0284490,Showtime,2002,67495,pos,7,B,113,"I cannot understand why so many people did not like this film. Robert De Niro was on top of his game, delivering his lines with such aplomb, one has to believe this is his everyday demeanor. Granted, the film seemed to take on many buddy-film conventions while trying to make fun of the concept, it goes without saying this film was genuinely funny. From the police dog, to the fact Eddie Murphy didn't annoy the heck out of me, this film is a real keeper. Rene Russo also evened out the rest of the cast perfectly, establishing her role so it does not interfere with the budding relationship between De Niro and Murphy.","Write a 100-150 word positive review of the movie ""Showtime"" (2002), expressing your overall opinion."
pos_6768,tt0342492,The Green Butchers,2003,28008,pos,8,B,107,"of Adam's apple and With Your Permission. I didn't know until looking it up just now. Also the errrrrrmmmmm 'Wilbur Wants to Kill himself' I prefer this very focused deadpan ...drama over Adam's Apple's over the top comedic zeal. But With Your Permission is much more layered and subtle, but that's another director. Once the 'meaty' part of the story takes place I felt the dread of coming back to the shop again and again. A bit claustrophobic .. maybe that is intentional. It builds on the atmosphere. You dread the rediscovery and again and again until the 'kick in the shin'. this is some funny stuff.","Write a 100-150 word positive review of the movie ""The Green Butchers"" (2003), expressing your overall opinion."
pos_6697,tt0089489,Lifeforce,1985,35399,pos,7,B,119,"A mixture of Alien and Ghost Busters? Starts very promising, then slows down to almost boring. LifeForce contains some awesome special effects they were able to make in the mid 80's. The story is intriguing, but becomes quite lack lustre in the end. It was rated R because of the nudeness, sex and gore. Mathilda May's ethereal and savage (naked) beauty is very apparent through out the whole movie. A bizarre movie and cost a lot by the time it was made. This could have been a bigger classic with a better script, but unfortunately it wasn't a great hit, I think it actually flopped quite bad. So, something went wrong with this one, but still, it's very entertaining.","Write a 100-150 word positive review of the movie ""Lifeforce"" (1985), expressing your overall opinion."
pos_10641,tt0015648,Battleship Potemkin,1925,65730,pos,8,B,145,"This is one of the best films I've seen from the silent era (sad to say, I've yet to see too many with the exception of Chaplin/Keaton stuff). Very visually brilliant, with insanely influential style in editing and composition. Really unique (especially for its time) camera angles and extremely hectic editing. Definitely a must see for the film nerd. The downside is that it is a bit too in your face about its politics (I have no problem with politics in film, as long as they are subtle or at least somewhat ignorable as a backseat to the story). Also, it's not an ""entertainment"" film, which is fine, but it's not something I'm going to watch a billion times. This is art, plain and simple, like it or not. Worth an A+ for influence alone, but based on personal enjoyment, I give it an A-.","Write a 100-150 word positive review of the movie ""Battleship Potemkin"" (1925), expressing your overall opinion."
pos_9083,tt0099582,Flatliners,1990,99260,pos,9,B,121,"This movie is great from start to finish about a group of med students that get together and literally kill each other by stopping their hearts and then revive themselves. They then research what happens from the ""near death"" experiences. As each one goes through the experience, they become haunted by their deepest fears that seem to materialize as reality. This ranges from dead kids with hockey sticks to dead fathers that seem to be upstairs. The cast is first rate and Oliver Platt is hilarious in one of the best roles of his career. I am not a big Keifer Sutherland fan but even he does an excellent job. This is a movie that I can watch over and over!","Write a 100-150 word positive review of the movie ""Flatliners"" (1990), expressing your overall opinion."
pos_7479,tt0124901,Thursday,1998,22373,pos,8,B,123,"Is Thursday an original film? Heck no, but it is a lot of fun! I just caught this buried on the movie channels one night and it was an enjoyable flick. I was expecting much but what I got was some interesting scenes (I really liked the first seen at the convenience store), some amusing stories as told by the characters and a little bit of action thrown in the mix as well. Some good performances from young actors, Paulina Porizkova was good and I was particularly impressed with Aaron Eckhart (who has gone on to impress me further in Yours Friends and Neighbours' and Erin Brokovich'). So if you want 90 minutes of easy going fun go ahead and check out Thursday'.","Write a 100-150 word positive review of the movie ""Thursday"" (1998), expressing your overall opinion."
pos_1330,tt0349903,Ocean's Twelve,2004,442147,pos,10,B,112,"With a cast like this, I knew the acting would be amazing. Still, I was cautious, as I always am of sequels. Would it sustain the feeling of the first film? Could they possibly replicate the tension and thrill of the masterful heist of Ocean's 11? We'll never know, because they didn't try. At least, not in the way I expected. Instead, they made a light and truly funny parody of the heist genre. If you want a gripping, logical heist, don't watch this. If you want a good laugh, with witty dialogue, quirky characters, and an absolutely genius scene where Julia Roberts has to impersonate herself, then you'll love Ocean's 12.","Write a 100-150 word positive review of the movie ""Ocean's Twelve"" (2004), expressing your overall opinion."
pos_8881,tt0094142,Throw Momma from the Train,1987,44768,pos,8,B,147,"A picture starring Danny Devito and Billy Crystal. They are both famous actors, and in this charming comedy entails them trying to murder each other's pet peeve. Billy Crystal's pet peeve being his ex wife who stole his book and put her name on it, and Danny Devito's pet peeve being his malignant mother. Billy Crystal is an author and a teacher apparently and Danny Devito is one of his students. This comedy classic is very entertaining and for all ages. Danny Devito seems to act like a child in this movie because of his evil mother who keeps putting him down all the time. She says things like ""You have no friends!"" and when Billy Crystal fell down, she said ""Burry him before he stinks up the basement!"". She puts down Danny also by calling him ""Lard ass!"" and other things just to make him angry.","Write a 100-150 word positive review of the movie ""Throw Momma from the Train"" (1987), expressing your overall opinion."
pos_2659,tt0062622,2001: A Space Odyssey,1968,793452,pos,10,B,117,"Like a Circle around the human condition, 2001 starts at the beginning, skips the middle, and proceeds to the ending, right back where we started. Noting the weakness of words compared to image(s), Kubrick wisely dispenses with dialogue, preferring the power and essence of the scenery, and allowing the intelligence of the audience to do the deciphering. Or not, depending on the audience. A monolith in cinematic history, 2001 is a high water mark of direction, execution, and achievement. If one considers the ambition of the film (a film about everything), and the measure of success the film achieved to that end, a very sound argument for this being the greatest of all films can be made.","Write a 100-150 word positive review of the movie ""2001: A Space Odyssey"" (1968), expressing your overall opinion."
pos_5535,tt0095593,Married to the Mob,1988,22307,pos,8,B,134,"I'm surprised with the amount of negative reviews on this film. If you don't like this movie for what it is - a silly, over-the-top, mob story - then you are simply reading too much into it. This film is a classic tale of a mob wife trying to escape ""the life"" and the troubles that follow her. Michelle Pfeiffer is terrificly 80's 'jersey, who is an uncertain, uncomfortable mob wife while Matthew Modine is an anal retentive-like mob tracking cop who falls for her. The plot is mostly predictable and cutesy and Mercedes Ruel steals the show as the Queen of Mob Wives. If you aren't looking for something too dynamic and complex, this movie is absolutely entertaining and an 80's cult classic. You won't be able to stop watching if you start.","Write a 100-150 word positive review of the movie ""Married to the Mob"" (1988), expressing your overall opinion."
pos_12245,tt0092699,Broadcast News,1987,37222,pos,10,B,119,"A truly terrific, touching film. Female melodrama at its finest, with a lot of comedy: great dialogue, characters and writing. Any woman can relate to the story because it's a classic: you're in love with ""Mr. Right"" but he has no interest in you until some guy who seems completely wrong comes along and you fall head-over-heels in love. But of course, it's not that simplistic. The characters are real and all of the performances are perfect. The movie is hilarious as well, every scene skewers society. I'd recommend this film to anyone who loves a well-written screenplay of humor and melodrama. You can relate to every character and the plot moves in unexpected directions. A great, underrated movie.","Write a 100-150 word positive review of the movie ""Broadcast News"" (1987), expressing your overall opinion."
pos_10404,tt0930083,Noroi,2005,20107,pos,9,B,128,"Being a great fan of horror, especially Asian horror, I have seen tons of movies, but this one is outstanding. Why? It does have a plot (which is unfortunately quite rare among horror movies). The actors did a good job. It feels like a real documentary film (even if it's not). It does not get boring for a moment. The director cleverly combines the plot with the acts of a certain Japanese magic cult (perhaps this cult never existed, but still, it's believable). It reminded me of the similarly great movie ""Forbidden Siren"". To me the one and only annoying thing about the movie was the character Hori, the psychic, but this is subjective. I recommend this movie to all fans of quality horror. 9 out of 10.","Write a 100-150 word positive review of the movie ""Noroi"" (2005), expressing your overall opinion."
pos_12184,tt0238546,Queen of the Damned,2002,65024,pos,10,B,133,"I have to say this movie is absolutely amazing. I don't understand why it got such a low rating. It has romance, music, darkness and vampires. Also Stuart Townsend did a great job of being Lestat, the acting was great. Also, normally I am not into that music, well sometimes. But I have to say in this movie the music fit it perfectly. If you like dark movies about vampires this is definitely for you or even if you don't there is a love story to this.But,all I can say is one word: Amazing! My Rating is defiantly: 10 out of 10. Anyway, I seriously suggest you watch it. I remember not seeing this for years, I watched it again about a year ago and im addicted to it again. lol. Great movie!!!","Write a 100-150 word positive review of the movie ""Queen of the Damned"" (2002), expressing your overall opinion."
pos_11867,tt0203755,One Night at McCool's,2001,30779,pos,8,B,126,"Liv Tayler in her sexiest movie! She incorporates the ""Femme Fatale"" role in an astonishing way, while in the same time she manages to appear a super sexy woman while keeping the ""sweet girl"" stand and not being over-wicked like other similar movies (e.g. ""Femme Fatale"" with Rebecca Romijn) Until this movie, Lord of the Rings was the only movie i ever saw her (Im hooked on with LotR) Point: By LoTR I had shaped an opinion that the role of the pure-sweet woman was the only role that Liv Tayler could interpret, but when i saw ""One night at Mc Cool"" I absolutely changed my mind. She is the sexiest woman ever! Therefore as a film is a mediocre common comedy with a ""confusing"" plot","Write a 100-150 word positive review of the movie ""One Night at McCool's"" (2001), expressing your overall opinion."
pos_3914,tt0397065,House of Wax,2005,147839,pos,10,B,121,"PEOPLE ARE STUPID.You shouldn't cheer when Paris gets killed in the head with a pipe! It is plain rude!What did Paris do to you? What if that was you? You wouldn't want people cheering for your death!Anyway it was really gory, which I liked and it was cool when Elisha's finger gets cut off.It was weird with that twist that they didn't have 2 sons they had tree and all, It makes way for a House of Wax 2: Ressurction or something.Paris was great acting in the chase scene.Elisha and Chad chemistry is great, they deserve an Oscar.My friends and I were cracking up when that guy said that's hot when Paris and the guy from Cousin Skeeter making out.Lol.K bye.","Write a 100-150 word positive review of the movie ""House of Wax"" (2005), expressing your overall opinion."
pos_5199,tt0108211,Stalingrad,1993,39688,pos,10,B,122,"This film does for Infantry what Das Boot did for Submariners. If you appreciated Das Boot then that is all you really need to know. This is a well done piece of cinema. On a par with Das Boot. Basically it follows a Company of elite German ""Stormtrooper"" infantry who leave garrison duty in an idyllic Italian seaside town and are immediately thrust into the chaos of the disintegrating Russian front. A good war movie illuminates both the senselessness and brutality of war and at the same time gives us insight into the experiences and essential humanity of those who fight. This movie does that. The film is full of drama and action and so is entertaining on that level as well.","Write a 100-150 word positive review of the movie ""Stalingrad"" (1993), expressing your overall opinion."
pos_10235,tt0100260,Nightbreed,1990,29253,pos,10,B,133,"Nightbreed is definitely my most favorite movie, I've worn more than one tape as it is. The make-up is awesome, the story is lovely. It takes a few different twists and isn't quite as deep as the story it's based on (Cabal, by Clive Barker) but for a movie adaption it stays very true to source material. The only problem with this movie were the producer's vain attempts to turn it into a teen slasher movie, hence the changed ending to allow for sequels *eye rolls*. Apparently someday we're going to be getting a Director's cut that will (I hope) clear up this bit of nonsense. Until then, I'd suggest it to anyone who like dark fantasy type horror as opposed to Freddy/Jason/Micheal type slashers. I really don't know what would be comparable...","Write a 100-150 word positive review of the movie ""Nightbreed"" (1990), expressing your overall opinion."
pos_929,tt0111495,Three Colors: Red,1994,117015,pos,10,B,111,"Its my favourite film because there's so much going on that you don't see at first and so many things that make you wonder ""Did Kieslowski mean that or is it in my head?"" For instance - is the judge meant to be God or some supreme being ? Also Irene Jacob as in The Double Life Of Veronique is outstanding, there may be a few superficially prettier actresses but none who manage to convey beauty of spirit with physical beauty the way she does. Tritingnant also is magnificent without really saying much and the things he does say are excellent such as his answer to Valentine . . . ""Be"".","Write a 100-150 word positive review of the movie ""Three Colors: Red"" (1994), expressing your overall opinion."
pos_3964,tt0384793,Accepted,2006,149534,pos,7,B,138,"When the trailer for Accepted first came up, many people began to get excited about seeing it... really excited. Who could blame them, it looked like fun. But that's exactly the thing. People went into Accepted looking for a good movie, but if you think about it, Accepted isn't the type of film destined to be a good movie. It's meant to be a film that pleases its crowd without too much effort being given. That being said, for those of you who expected a great film, you need to think about what could be made of a comedy like this one. Think that, and you will truly enjoy the film (because you'll rid yourself of your idea that the movie will be fantastic.) BOTTOM LINE: Watch the movie, and have fun, but don't look for anything groundbreaking.","Write a 100-150 word positive review of the movie ""Accepted"" (2006), expressing your overall opinion."
pos_5440,tt0483726,Man of the Year,2006,37878,pos,8,B,134,"The movie is more of a mockumentary of corruption in the whole American system. The correlations of those who vote who do not matter is so proved in the machines that end of voting a comedian to the oval office. Politicians are such a joke that we almost need a comic to represent us as we have been laughed at for years around the world. Bushism's have become a way of life for Americans and will be the only thing left after he leaves office none to soon. Oddly the only person of honesty is someone not even elected to the position and tells the truth in the end. The story is very subtle and if you go to it for laughs, it ain't happening. Leaves a lot for thought. Overall I enjoyed it.","Write a 100-150 word positive review of the movie ""Man of the Year"" (2006), expressing your overall opinion."
pos_11126,tt0080716,Fame,1980,26723,pos,7,B,117,"""Fame"" is a very well done portrait of the students who inhabit New York City's High School of the Arts. The film focuses on a group of students who dream of making it big while they perfect their craft at the now famous school. Director Alan Parker allows each of the highlighted students to mature on screen, allowing you to feel a connection with each one. The music here is infectious and fun. The dancing is exciting and fresh. The film eventually became the basis for an Emmy-winning television series starring Debbie Allen and some of the other actors from the film. One of the more enjoyable ""dance"" films of the 1980's. Received Oscars for music. 8/10","Write a 100-150 word positive review of the movie ""Fame"" (1980), expressing your overall opinion."
pos_9103,tt0365830,Tenacious D in the Pick of Destiny,2006,120527,pos,10,B,115,"This movie is very silly and very funny. You can't ever criticize it for taking itself seriously. If you've heard their previous album or seen their HBO videos from the album, you can imagine the extremely foul-mouthed, rocking good time that is this movie which tells the fable of how the group Tenacious D came to be formed. Full of cameos, it not only gives a fictional account of Tenacious D but is a send-up of musical history as well. The humor reminds one of Something About Mary in that they often ""go places you'd thought they wouldn't,"" but it lacks the scatological humor of South Park. This movie contains no nudity, except for mooning.","Write a 100-150 word positive review of the movie ""Tenacious D in the Pick of Destiny"" (2006), expressing your overall opinion."
pos_11574,tt0369702,The Sea Inside,2004,89486,pos,10,B,134,"When I first saw ""Before Night Falls"", Javier Bardem had just been nominated for an Academy Award. I thought ""he's got it!"". He didn't. I watched ""Mar Adentro"" last night. Please give it to him this time... This is an actor. Convincing, touching, emotional, brilliant. See also ""Los Lunes al Sol"" and you will understand what I am talking about. He is an absolute chameleon and I swear it's not only the result of make-up work. This movie is so beautiful, so well done, the characters are so real. Congratulations to Alejandro Amenábar (how about a Best Director nomination?). I also have to mention the make-up artists. I can't think of another word but magnificent. I really hope this movie gets the recognition it deserves. As far as I am concerned, it already has...","Write a 100-150 word positive review of the movie ""The Sea Inside"" (2004), expressing your overall opinion."
pos_10740,tt0079417,Kramer vs. Kramer,1979,168283,pos,10,B,121,"Although credit should have been given to Dr. Seuess for stealing the story-line of ""Horton Hatches The Egg"", this was a fine film. It touched both the emotions and the intellect. Due especially to the incredible performance of seven year old Justin Henry and a script that was sympathetic to each character (and each one's predicament), the thought provoking elements linger long after the tear jerking ones are over. Overall, superior acting from a solid cast, excellent directing, and a very powerful script. The right touches of humor throughout help keep a ""heavy"" subject from becoming tedious or difficult to sit through. Lastly, this film stands the test of time and seems in no way dated, decades after it was released.","Write a 100-150 word positive review of the movie ""Kramer vs. Kramer"" (1979), expressing your overall opinion."
pos_4590,tt0387808,Idiocracy,2006,221873,pos,10,B,150,"We just saw this movie in Austin Texas at the Alamo South Lamar yesterday afternoon. It had me laughing out loud many times! The scene about Albert Einstein's thoughts on humanity hit me over and over and I couldn't stop laughing. It's too bad it's not in more theaters, I know a lot of friends that are dieing to see this movie! ""Welcome to Costco, I love you."" ... great work to all involved! Also, if you see it, make sure to stay until the end of the credits as well! I'm going to take my family to see it again this weekend for sure! If you're a fan of OFFICE SPACE and BEAVIS AND BUTTHEAD then you have to go see this movie. It's a classic and no one knows that it's out! So if you're in the mood to see something funny this weekend, definitely check it out.","Write a 100-150 word positive review of the movie ""Idiocracy"" (2006), expressing your overall opinion."
pos_7605,tt0151738,Never Been Kissed,1999,103939,pos,10,B,108,"'Never Been Kissed' is a real feel good film. If you haven't seen it yet, then rent it out. I am going to buy it when its released because I loved it. Drew Barrymore is excellent again, she plays her part well. I felt I could relate to this film because of the school days I had were just as bad. I thought the plot was well written, there was comedy and romance which are the type of films I love. I loved the ending because even though you know what's going to happen, it still leaves you sitting on the edge of your seat waiting - anticipating!!","Write a 100-150 word positive review of the movie ""Never Been Kissed"" (1999), expressing your overall opinion."
pos_11202,tt0346094,Distant,2002,25028,pos,10,B,101,"Like all good art, this movie could mean different things to different people. To me it means that failing to open your hart to the others could rob you of happiness and leave you with an empty live. The convenience of the selfishness is like the junk food: it feels good, but eventually could make you sick. Almost everything I see in the US is a commercial mass production of action garbage, shallow dramas, and stupid comedies, and this sensitive, deep and poetic movie really touched me. Thank you, Nuri Bilge Ceylan (and all the other in the cast)! Ivan Yanachkov","Write a 100-150 word positive review of the movie ""Distant"" (2002), expressing your overall opinion."
pos_3840,tt0065421,The Aristocats,1970,126968,pos,10,B,137,"This is one of my favorite films, ever. The story is just so fantastic and the characters are so good. Unlike the other Disney films of the age, this film never bores the audience. 101 Dalmations, Peter Pan, Robin Hood, they were all good, but lack what we have here. This is funny, creative, and always on target. This movie just has an extra something that you can't learn in books. However, this is not the best animated film ever made. That title belongs to the BRILLIANT Toy Story. But this is a respectable second, immediately followed by The Lady and the Tramp.Just see it and enjoy what one of the cinema's greatest achievements. And by the by, I'm not a little kid, this is for the older audiences wanting to recapture their childhood. An absolute must!","Write a 100-150 word positive review of the movie ""The Aristocats"" (1970), expressing your overall opinion."
pos_7022,tt0092890,Dirty Dancing,1987,284756,pos,8,B,117,"Great music, great dancing, a sexy star (Swayze) and actual sexual desire shown by a female character (a very unusual event!). You rarely see female characters who are motivated primarily by lust and it is a nice change. I also think the movie captures very well what it is like to be a teenager coping with issues of class and of having ideals suddenly come up against reality. Of course, it is sappy at moments - it is, after all, a movie musical - but all in all it is a real pleasure - a fun romance and also politically enlightened. This movie also has one of my favorite all time movie lines: ""I carried the watermelon.""","Write a 100-150 word positive review of the movie ""Dirty Dancing"" (1987), expressing your overall opinion."
neg_3769,tt0369672,A Love Song for Bobby Long,2004,28342,neg,1,A,137,"On the cusp of being insufferable. Somehow I stayed just slightly interested, but was it because I truly wanted to know what the ""secret"" was (which, I should say, is pretty damned obvious) or because I hoped Scarlett Johansson would put on a more sexy outfit? This movie is poor and what's more it's a disgrace to all the lonely, alcoholic Southern literature professors out there. Travolta wants his Oscar so bad he is willing to cry drunkenly in the bathroom after urinating blood. Sorry, pal. . .you were more believable is ""Staying Alive."" Not everyone can pull a Peter Fonda in ""Ulee's Gold."" If you want the against-type brave anti- hero Oscar you have to, um, actually act. . .not just pout on screen. Stop this director before he/she (name is vague on gender) directs again!","Write a 100-150 word negative review of the movie ""A Love Song for Bobby Long"" (2004), expressing your overall opinion."
neg_4663,tt0120591,Armageddon,1998,484203,neg,2,A,139,"The acting was horrible. The special effects, while exceptional, dominated the movie. The writing was pathetic, and the dialogue was unbelievable. And the silly little love story between Liv Tyler and Ben Affleck was out of place. But the worst offense of ""Armageddon"" was the total lack of scientific reality. ""The asteroid is the size of Texas,"" says Billy Bob Thornton. Er, that's 800 miles wide! No one in NASA even sees the asteroid until a midday meteor shower wrecks havoc in New York? Suuuuure. NASA hires a drilling team to join the astronauts and trains them in a week? Yeah, right. Someone brings a sidearm on the Space Shuttle with them? Yeah, that's realistic. And Bruce Willis blows up the asteroid with three seconds to spare. How Disney-esque! How bad was this movie? I rooted for the asteroid!","Write a 100-150 word negative review of the movie ""Armageddon"" (1998), expressing your overall opinion."
neg_12093,tt0810988,The Nines,2007,35446,neg,2,A,145,I really like Ryan Reynolds and Hope Davis and I actually had high hopes watching this last night on DVD. Mainly as I try to avoid reviews until I watch something myself and form my own opinion Big mistake! My 2 /10 is for the first segment which in fairness is actually quite decent and if they had made the movie about the characters in section 1 alone it may have risen above the 5/10 mark.Once it moved into TV 'reality show' territory it stank to high heaven. Ryan Reynolds captured the essence of an actor on the edge wonderfully but as a gay TV writer and famous games creator / devoted family man he was definitely less effective. From the blurb on the box I expected a flashback thriller along the lines of 'Memento' - unfortunately this is nowhere near that standard of movie.,"Write a 100-150 word negative review of the movie ""The Nines"" (2007), expressing your overall opinion."
neg_11748,tt0155975,Psycho,1998,53171,neg,1,A,128,"First of all,the whole idea of remaking a classic such as ""Psycho"" is nothing short of ludicrous.A lot of time and effort was wasted here.I am sure they are smart enough to know that they could not improve on the original,so they must have had a tribute to Alfred Hitchcock on their minds.However,the idea that began as a well intentioned tribute, results in being a slap in the face to the horror master.This movie is poorly produced,poorly acted,and unnecessary to begin with.The original classic stands well on it's own,even after 40 years.The event of Hitch returning from the grave and coming after the people responsible for this piece of trash is unlikely,but if I were them,I would sleep with one eye open just in case.Don't waste your time.","Write a 100-150 word negative review of the movie ""Psycho"" (1998), expressing your overall opinion."
neg_7354,tt0273517,Darkness,2002,21149,neg,4,A,120,"What could have been some majorly creepy stuff ends up being an incomprehensible, nutty motion picture that even the filmmakers themselves probably didn't understand. Had they shown more of the Satanic ritual or whatever, it might have been creepier, but as it stands now, this is a waste of time and brain cells. Is anybody else getting sick of the whole ""little kid drawing creepy pictures with crayon"" thing? Could there possibly be a bigger horror cliché? Probably not. I know, I know, it's from some different country, and it's far too refined and sophisticated for me to understand, so I shouldn't expect the ""plot"" to be spoon-fed to me, blah, blah, blah. Whatever. I still say the movie blows.","Write a 100-150 word negative review of the movie ""Darkness"" (2002), expressing your overall opinion."
neg_10620,tt0165710,Detroit Rock City,1999,42013,neg,4,A,133,"Sometimes you get exactly what you expect. A film produced and by and as a vehicle for a rock band in the middle of a comeback is not to be expected to rank high in artistic merit- and in this case it certainly doesn't. In fact, as expected, the soundtrack is a much better investment than the movie itself, which like the 70's rock and roll lifestyle it attempts to portray, is characterized by excess, drugs, and over-the-top antics, but unfortunately is not nearly as much fun. Utilizing a script by Carl Dupre horrible enough to make a fellow screenwriter cringe, and wasting the talents of Edward Furlong, the sole highlight of this rock and roll period piece gone wrong is the music, most notably the elaborate recreating of a 1978 KISS concert.","Write a 100-150 word negative review of the movie ""Detroit Rock City"" (1999), expressing your overall opinion."
neg_5713,tt0091635,9½ Weeks,1986,47530,neg,2,A,108,"What's up with this movie? Does Mr. Lyne and his writers think that a sado-masochistic fling between two screwed up Yuppies can carry a feature length movie? Maybe if it had some comedic elements (which is doesn't, at least intentionally), or there were some additional dramatic elements (which there are not), or maybe if it was hardcore. No, it's simply the history of the affair; a chronology of a bunch of R-rated trysts. Ho-hum, who cares? ""Nine ½ Weeks"" deserves every Razzie nomination it got. It's a loser. And by the way, what's up with Roger Ebert and his rave review? Where was his head back in 1986?","Write a 100-150 word negative review of the movie ""9½ Weeks"" (1986), expressing your overall opinion."
neg_788,tt0362478,The Box,2009,98324,neg,1,A,124,"quite possibly one of (if not the) worst film ever conceived, cast and acted in the history of cinema. Who on God's green earth would ever think to cast Cameron Diaz and James Mardsen as a couple? She looked like his mother. God forgive me but I am just being honest. And that was the least of the many problems plaguing this horrible excuse for a film. It was a horrible statement against women but at least if you're gonna blame women for the problems of the world, tell a decent story not one with so many annoying loop holes and pathetic excuses for suspense and thrills. Everybody should get their money back who went to see it in theaters or bought the DVD.","Write a 100-150 word negative review of the movie ""The Box"" (2009), expressing your overall opinion."
neg_11132,tt0181739,Osmosis Jones,2001,41912,neg,1,A,108,"Great concept, perfect characterizations and voices, but a complete waste of time. A real shame since had it aimed higher, it would probably not have been the bomb it was (is); way too dependent upon scatological humor, for starters. I'm amazed by comments from ""educated"" reviewers referring to the ""good science"" behind this piece of puerile trash. Unlike ""Finding Nemo,"" where (with a bit of suspension of disbelief) attention to detail was staggering and the science was as good as the context would allow, ""Osmosis Jones"" was utter nonsense; don't kid yourself about the science. Humor aimed at eight-year-olds but subject matter suitable more for some unsophisticated teens.","Write a 100-150 word negative review of the movie ""Osmosis Jones"" (2001), expressing your overall opinion."
neg_5317,tt0109190,Baby's Day Out,1994,61445,neg,4,A,115,"Blindingly stupid guff from the formerly talented John Hughes, who'll soon be making a film with the sperm from 'Look Who's Talking' if his stars get any younger. He recycles the 'Home Alone' formula yet again to produce this idiotic comedy, in which a baby makes his way around Chicago while inept kidnappers Joe Mantegna, Joe Pantoliano and Brian Haley try to catch him, along the way enduring much tiresome slapstick. If Mantegna and Pantoliano can't find a laugh somewhere in your movie then you're in trouble, but the laziness of the movie is most glaring in the scenes where crowds of people fail to notice a baby crawling around on the pavement. Utter nonsense.","Write a 100-150 word negative review of the movie ""Baby's Day Out"" (1994), expressing your overall opinion."
neg_9560,tt0101516,Bugsy,1991,34094,neg,3,A,116,A tedious gangster film that leaves you wishing someone had edited it farce more ruthlessly. I would have thought that the story of the creation of Las Vegas would prove interesting but it fails at almost every turn. Warren Beatty's performance as the stupid and unlikeable Bugsy Seigel leaves you wishing you were watching someone else. Once or twice he flashes through the fog of his performance to deliver an interesting scene but most of the time you just can't care about him. Annette Benning gives a skilled turn as his untrustworthy lover but even she's only faintly more savoury than he is. I really wouldn't bother with this turgid drama unless you're a Benning devotee.,"Write a 100-150 word negative review of the movie ""Bugsy"" (1991), expressing your overall opinion."
neg_7517,tt0268695,The Time Machine,2002,136913,neg,1,A,127,This movie is a disgrace. How can you take one of the greatest science fiction stories of all time and turn it into some kind of half-assed love story. The entire beginning of the movie was not in the H.G. Wells story and didn't need to be. Also the Eloi were done completely wrong. They did build houses or form any kind of real society. They didn't care about each other at all. That was an important part of the story. The way they had formed a world that was without hardship or complex emotions. They were barely even aware of the Morlocks. I don't know why this movie was made the way it was but some stories should be told as they are or left alone.,"Write a 100-150 word negative review of the movie ""The Time Machine"" (2002), expressing your overall opinion."
neg_12006,tt0227538,Spy Kids,2001,137614,neg,2,A,131,"this movie was incredibly stupid with meaning what so ever. i fell bad for all the actors and actresses that ruined there career to be in this stupid movie. the entire movie was based on how unrealistic they could make it, to make little like it which made it even stupider. even some of the names were unrealistic. the film is fun to watch which is why it had 2 out of 10 stars. this is probably the 3rd stupidest movie ever made. i got really made after i realized that it had mostly adult actors in it yet in was a kid movie. the most upsetting one was Danny Trejo a horror movie actor who is always dirty. the other actors were pretty much clean as far as i'm concerned.","Write a 100-150 word negative review of the movie ""Spy Kids"" (2001), expressing your overall opinion."
neg_1337,tt0430770,The Women,2008,24577,neg,4,A,131,"Updating of the Clare Booth Luce play and the 1939 movie is a major disappointment. The cast of women is excellent, most of the individual scenes work but nothing hangs together. There is no connection from scene to scene almost as if the film was crafted in parts and then assembled in a vacuum. Granted the story of a woman dealing with her husband's infidelity and how she is helped and hindered by her friends is a less shocking one now in an age when divorce is so common, but at the same time its just as timely as ever, I just wish they could have managed to connect all of the pieces together because as it stands now you really don't feel pulled along by the plot. Wait for Cable.","Write a 100-150 word negative review of the movie ""The Women"" (2008), expressing your overall opinion."
neg_9381,tt0808417,Persepolis,2007,107161,neg,4,A,150,"Although allegedly autobiographical, this movie demonstrates very little insight both into the protagonist's psychology (resulting in a flat, fragmented characterization) as well as into larger-scale historical processes, and my hope of either learning something new or improving my understanding of contemporary Iran remained unfulfilled. Instead, I found my sensibilities somewhat dulled as a succession of bearded Islamic villains replaced each other taunting, torturing or killing the wantonly victimized prototypical middle-class Iranian whose Western cultural sympathies were patent (and whose exoneration the movie quite blatantly seeks.) The deeper understanding the movie does seem to demonstrate is that of the mass-media market, as it serves to nourish prevalent occidental folk-ideologies (i.e. a ""crowd pleaser""). What redeemed the movie from being outright boring was its creative animation - genuinely minimalistic imagery which, nevertheless, always kept the screen rich, expressive and unambiguous - no small fete for which I do give it some stars.","Write a 100-150 word negative review of the movie ""Persepolis"" (2007), expressing your overall opinion."
neg_6171,tt0443559,Killshot,2008,23031,neg,2,A,122,"I am so disappointed in this movie I can't express it. I was so excited when I started watching this film to see Mickey Rourke all leather faced and that kid from Third Rock From The Sun acting like I psycho. I thought, wow, this is going to be a winner, freakin' Natural Born Killers style. And it got better. The production value was great, the directing was great, the acting was great, the cinematography was great, and the plot was, well, the plot, well, what WHAT PLOT? About half way through this film I was pulling my hair out yelling ""What the hell is going on?"" and I mean that quite literally? Nothing makes any sense whatsoever. Nothing. Nothing. Nothing. Aaaaaaahhhhhhggg!!!!","Write a 100-150 word negative review of the movie ""Killshot"" (2008), expressing your overall opinion."
neg_9474,tt0086034,Octopussy,1983,121184,neg,4,A,143,"Firstly let me get this of my chest I hate Octopussy with an absolute passion. What is so frustrating is that it had so much potential and had a very good opening sequence, unfortunately post the opening sequence it all goes downhill. Firstly there was absolutely no plot to begin with, just an excuse for Moore to tell his corny jokes. Next there are several sequences that would make a Bond fan cringe,for instance the sequence in which Bond turns up to diffuse a bomb dressed as a clown. The villains are pretty poor, Louis Jordon fails to make an impact as Kamal Khan and Bollywood veteran Kabir Bedi is equally poor as his henchman. It's funny that when people debate over what the worst Bond movie is and Octopussy gets overlooked when it can easily give them a run for their money.","Write a 100-150 word negative review of the movie ""Octopussy"" (1983), expressing your overall opinion."
neg_8632,tt0108473,The Vanishing,1993,30853,neg,2,A,143,"If I had to pick the most depressing movie, try to be suspenseful I've seen it'd be this one. I know about how good the original is supposed to be, it had better be better then this one. The movie's so dark and depressing but it isn't interesting to watch either-I've seen depressing ""thriler"" type movies that were saved because of the suspense to counteratc and balence the dark quality. Vanishing didn't have that, This was so disturbing to watch to begin with and there was nothing positive to make this a classic type movie. I think another IMDb poster got it right in saying this genre has just seen thrillers done in a far superior way. I completely agree-I would recommend skipping this one-maybe I'll watch the original some day but I doubt it. I give this a 2 out of 10.","Write a 100-150 word negative review of the movie ""The Vanishing"" (1993), expressing your overall opinion."
neg_7445,tt0100502,RoboCop 2,1990,101086,neg,1,A,149,"I really don't understand who this movie is aimed at. From just the absurdity of it, not to mention the ridiculously bad acting, cheesy dialogue, and the fact that the villain is a child, I'd assume this was meant to be a children's movie... but I think there may be more swear words than Pulp Fiction, not to mention constant references to drugs and general mayhem and killing-so which demographic is it trying to please? This movie is too schizophrenic, like trying to combine Country music with Heavy metal, in the end no one is going to like it because it's a bloody paradox. I would recommend this movie because it's so funny (in a bad way) except the actors are so patently unbearable that I wouldn't want to suggest otherwise. I'm completely serious when I say that I could not watch more than 15 minutes of this. Terrrrrrrrrrrrrrrriiiiiiiiiiiible","Write a 100-150 word negative review of the movie ""RoboCop 2"" (1990), expressing your overall opinion."
neg_3814,tt0422401,Hatchet,2006,36717,neg,3,A,100,"am a hardcore horror/thriller fan...when i was searchin for good horror flick to scare me on my weekend night..grabbed HATCHET..with impressing BLOOD STAINED HATCHET movie poster added to average ratings in IMDb..but i was wrong after watchin this crap...no characterisation..sick dialogues,with sexy babes bared boobs. i got the feel of watchin porno certainly..and the substory which so called main theme or suspense of the story SUCKS big time....and here comes the CLOWN wearin funny mask to scare..THINK users rated this movie went nuts ..it deserves 1 out of 10 i give 2 for bare boobs babes n soundtrack it has...","Write a 100-150 word negative review of the movie ""Hatchet"" (2006), expressing your overall opinion."
neg_6564,tt0098382,Star Trek V: The Final Frontier,1989,68647,neg,2,A,128,"No one expects the Star Trek movies to be high art, but the fans do expect a movie that is as good as some of the best episodes. Unfortunately, this movie had a muddled, implausible plot that just left me cringing - this is by far the worst of the nine (so far) movies. Even the chance to watch the well known characters interact in another movie can't save this movie - including the goofy scenes with Kirk, Spock and McCoy at Yosemite. I would say this movie is not worth a rental, and hardly worth watching, however for the True Fan who needs to see all the movies, renting this movie is about the only way you'll see it - even the cable channels avoid this movie.","Write a 100-150 word negative review of the movie ""Star Trek V: The Final Frontier"" (1989), expressing your overall opinion."
neg_3565,tt0095467,A Short Film About Love,1988,28675,neg,3,A,131,"This is an excruciatingly boring, slow-moving movie. We can feel some sympathy for the socially- and sexually-inexperienced and awkward Tomek, but the motivations of Magda are pretty hard to see, and the ending, at least for me, was inscrutable. Maybe it's about how we all need love, but I'd get more out of a good Busby Berkeley. I'm told that comments have to be at least ten lines, so I'll add that in the background are some interesting shots of the relationship between Polish citizens and government employees and institutions. I wonder if it's meant to portray this before or after the fall of the communist government. Finally, watch for the clever way the men from the gas company investigate whether or not there is a gas leak in Magda's stove.","Write a 100-150 word negative review of the movie ""A Short Film About Love"" (1988), expressing your overall opinion."
neg_2329,tt0166924,Mulholland Drive,2001,434679,neg,2,A,138,"A colleague from work told me to watch this movie, since he considered this movie to be one of the best movies ever. So I did watch it. First I have to admit that I dislike mainstream movies and prefer to watch movies with a real meaning. And this is the point, why I dislike this movie. It doesn't have any meaning. It's just a combination of funny, stupid, boring, entertaining, absurd and thrilling pieces. At first I thought that this movie could be a real mystery thriller (as the German packaging read), but the movie was too mysterious for me. David Lynch may be able to make a combination of the most different images, but the composition tastes to me as awfull as a combination of milk with beer. Both for themselves are pretty good, but together?","Write a 100-150 word negative review of the movie ""Mulholland Drive"" (2001), expressing your overall opinion."
neg_7893,tt0367085,Soul Plane,2004,26585,neg,1,A,115,"I'll be honest-- the pimped out purple plane with Snoop Dogg at the helm is an amusing visual gag. It would have been a decent concept for a 30 second commercial, or maybe a 3 minute music video. But the producers have committed the age-old concept comedy sin of stretching 30 seconds of material into an hour and a half of film, and the results are predictably lame. The remainder of the 89 minutes are filled with the typical gamut of racist and sexist humor and fart jokes, offensive and-- worst of all-- painfully unfunny. The threadbare plot screams under the weight of its contrivances. Best to be avoided unless you are drunk or stoned.","Write a 100-150 word negative review of the movie ""Soul Plane"" (2004), expressing your overall opinion."
neg_3460,tt0379865,Leatherheads,2008,34802,neg,1,A,128,"Let me preface this by going on record, I am a huge George Clooney fan, and I love John Krasinski in 'The Office'. Well, I was and I did. This was the world's worst hang nail and it took 113 minutes to rip it off. The stupefying boredom was interrupted only by my frequent efforts to read my watch and estimate when it would be over. Every funny scene was in the previews. All three of them. There was no real story, no character development, and the script was just plain bad. I've had a colonoscopy that was more enjoyable. The title should have been SuperDuper Bad. This movie is a lock for a Razzie. It should get a whole slough of Razzies. I want my money back.","Write a 100-150 word negative review of the movie ""Leatherheads"" (2008), expressing your overall opinion."
neg_10907,tt0104040,The Cutting Edge,1992,25641,neg,1,A,127,"Nothing about this movie is any good. It's a formulaic predictable ""romantic comedy"" geared to make females force their significant others to watch. In other words, it's a predictable chic flick that is neither comedic or romantic and is extraordinarily forgettable. If you like watching the same thing over and over then this movie will fit just perfect. I was also forced to watch this with my g/f at the time and it's no surprise we are no longer together. I enjoy great movies that are wonderful to watch, while she just wants to see the same thing over and over again just with different actors. Nothing good to say about this movie. The title says it all. 1/10 (one b/c I can't give it a zero.","Write a 100-150 word negative review of the movie ""The Cutting Edge"" (1992), expressing your overall opinion."
neg_7580,tt0440803,Shutter,2004,54630,neg,3,A,131,"I decided to watch this movie because it has been noted as the ""scariest movie ever"" so, that's what I expected. Unfortunately, what I found out is that the movie didn't have a single scary moment in it (and I'm the kind of person who jumps very easily). The movie was nothing but terrible clichés and every time there was a jump-moment it was incredibly obvious. The pros of this movie would be the music and the odd scene thats actually shot well (like the very last scene when she opens the door and you see Tun in the reflection and when it swings back to him you see the ghost on his shoulders). Overall, this movie really added nothing new to the J-Horror genre and all-around lacked creativity and scares.","Write a 100-150 word negative review of the movie ""Shutter"" (2004), expressing your overall opinion."
neg_6383,tt0081633,Time Bandits,1981,74980,neg,3,A,139,I know Terry Gilliam is considered as a good director but claiming that this movie is good is just foolish. What was the movie about? What is it a spoof? Fantasy? Comedy? Satire? No answer there from Gilliam's screenplay. Totally confused and pointlessly hurtling from one historical age to another. I find it amusing that some people actually call this movie magical. Is it because they have to praise any movie which is vague and indecisive on what it is about?? 3 stars for special effects considering it is 1981. Roger Ebert has it right in his review. The movie is ambiguous and looks like Gilliam's romp with money just to make a vague children's move masquerading as a historical revue. The movie also tries to confuse the would-be viewer by giving John Cleese and Sean Connery top billing.,"Write a 100-150 word negative review of the movie ""Time Bandits"" (1981), expressing your overall opinion."
neg_4254,tt0097123,Crimes and Misdemeanors,1989,63805,neg,1,A,127,"That was one of the worst movies I've ever seen. Why would someone make a movie about getting away with murder!?! Mr. Allen again plays the only type of character that he's able, the sexually stunted man who can't get the girl. Get a clue, Allen, there's a reason that's the only character that you can successfully portray. Stir clear of this movie! It's a waste of time, unless you want to know how to successfully murder someone. I feel sorry for the actors who say 'yes' to Woody Allen. Look at his cast, and tell me how many of those people are still working. My respect for all of the actors, who work for him, immediately goes down, because they chose to participate in the film.","Write a 100-150 word negative review of the movie ""Crimes and Misdemeanors"" (1989), expressing your overall opinion."
neg_7039,tt0098622,Warlock,1989,21168,neg,4,A,131,"Weak tale of an evil warlock who is searching for a centuries old satanic Bible so that he can do Lucifer's bidding by undoing creation. Hot in pursuit all the way is a 17th Centruy bounty hunter named Redfern and his reluctant sidekick Kassandra. Sound like a load of bunkum? It is. This drivel from writer D.T. Twohy gets the superficial treatment it deserves from director Steve Miner (who helmed that romantic nonsense ""Forever Young""). Twohy obviously knows nothing about true evil. Julian Sands just flies around and cackles, trying to look evil, while Richard E. Grant succeeds only in wasting his rich talent. Lori Singer's career also took a nosedive with this one. Special effects crew has some fun, and Jerry Goldsmith provides a score superior to its subject matter.","Write a 100-150 word negative review of the movie ""Warlock"" (1989), expressing your overall opinion."
neg_9642,tt0489281,Stop-Loss,2008,21677,neg,4,A,112,"Over acted, heavy handed, full of speeches, preachy, on the nose, and over stylized in a way only MTV could be guilty of, Stop-Loss is agit-prop garbage. I expected a lot more with talented young actors such as Joseph Gordon-Levitt and Ryan Philippe, but Screenwriter/Director Kimberly Peirce does a hatchet job of portraying the ill effects of war on American youth. I'm sure she did some work researching the Iraq war and the young men fighting in it, but you'd never guess it from watching Stop-Loss. In many ways this mess reminded me of Catherine Hardwicke's Lords of Dogtown, an equally inept, overly stylized, TV movie-like waste of solid subject matter. http://eattheblinds.blogspot.com/","Write a 100-150 word negative review of the movie ""Stop-Loss"" (2008), expressing your overall opinion."
neg_6585,tt0338348,The Polar Express,2004,274208,neg,1,A,121,"This movie is awful. It creates characters not in the book, and some of them are ethnic or racial stereotypes. Including an obnoxious little Jewish boy and a politically correct little black girl. Not to mention the Yiddish speaking elves. The book was a simple story about belief, and this movie is a dark, ugly, and needlessly scary movie about nothing. The animation is superb, but the story has been ruined by Hollywood. The good thing is that this movie will take a bath in the box office and maybe producers will learn to keep from tampering with a story that needs no improvement. Hanks was overdone and i don't see why there couldn't have been other actors' voices be used.","Write a 100-150 word negative review of the movie ""The Polar Express"" (2004), expressing your overall opinion."
neg_7103,tt0114614,Tank Girl,1995,38210,neg,1,A,116,"Sometimes a movie cannot easily be classified. Such a film is ""Tank Girl"", part cartoon, part comedy, and part action flick. I'm sure somewhere there is an audience for ""Tank Girl', but it is extremely small, perhaps punk comic book readers. Most viewers will be looking for an early exit or living with the fast forward button. The only redeeming quality are short bursts of humor ""find me a microscope and a pair of tweezers"", but these tiny moments of comic relief are far outweighed by the sophomoric action sequences. There is no character development, which is not surprising, since the source is a comic book. Do yourself a favor and avoid, avoid, avoid. - MERK","Write a 100-150 word negative review of the movie ""Tank Girl"" (1995), expressing your overall opinion."
neg_7583,tt0099005,Air America,1990,32789,neg,4,A,147,"Roger Spottiswoode isn't the worst director, and he did a good job on the underrated sci-fi thriller ""The Sixth Day"" (a.k.a. ""The Box Office Downfall of Mr. Schwarzenegger""). However, ""Air America"" has to be one of his most inept projects. It comes across as an amalgamation between drama, comedy and war film - it's not a very convincing mix. In fact, I found it to be overbearing. Robert Downey, Jr. (during his heyday) stars as a pilot recruited into a top secret CIA organization operating during Laos in the Vietnam era. Mel Gibson plays his co-pilot and he stumbles upon the knowledge that they're trafficking drugs, and what not. The movie was hyped on release because it starred two famous faces and Aerosmith had re-recorded the Doors classic ""Love Me Two Times"" for the soundtrack. The redo of the song is pretty poor, which suits the film.","Write a 100-150 word negative review of the movie ""Air America"" (1990), expressing your overall opinion."
neg_5852,tt0250687,Rat Race,2001,131848,neg,1,A,120,"I don't know if I'm wrong or everybody els'es that says this movie is good are, sincerely I just wanna do a favor to people that has doubts about seeing it, renting it or even worse buying it(don't do it really!). The trailers and very early previews might seem fun in some way or another but its not funny at all, it gets to fall in a series of you're-supposed-to-laugh-here scenes that tend to get in really bad jokes, bad very very bad acting, tasteless scenes, cheesy effects; this movie has it all, all wrong that is. As final comment the movie would have been funny due to the basic concept, but believe me is really way far from that.","Write a 100-150 word negative review of the movie ""Rat Race"" (2001), expressing your overall opinion."
neg_7606,tt0069945,Dark Star,1974,30779,neg,1,A,144,"I made the mistake of watching ""Dark Star"" (1974) late one night many years ago. It was one of the stupidest movies that I have ever watched: 1. Bad acting. 2. Bad writing. 3. Scientifically stupid plot. (Destroying an entire planet because its orbit is unstable or in the way will only make matters worse: instead of having one large, easily avoidable object, you'll have thousands of smaller, but equally lethal and more difficult objects to track.) 4. Completely unrealistic characters. A painted beach ball as a space alien? The writers must have been doing too many drugs. Not surprisingly, the majority of actors that starred in ""Dark Star"" never did anything else. Of those that did do anything else, the majority never acted again after Dark Star. Therefore, having Dark Star on one's acting resume was a death star to one's acting career!","Write a 100-150 word negative review of the movie ""Dark Star"" (1974), expressing your overall opinion."
neg_3054,tt0093624,Night of the Demons,1988,22102,neg,1,A,141,"Dear friends, I've never seen such a trash movie as NIGHT OF THE DEMONS (1988). It seems that the director Kevin Tenney had the intention to copy classics like THE EVIL DEAD by Sam Raimi (1978) or George A. Romero's RETURN OF THE LIVING DEAD from the same year. The cinematography was lousy, the movie was very dark, so I had to turn the brightness control to the maximum. Indeed, horror pictures have to be dark, but not the way like NIGHT OF THE DEMONS. The entire movie was ridiculous, no suspense, worse actors except Alvin Alexis in the role of Rodger, and horrible make-up effects. An average vote of 5 stars for that movie? I can't believe this. Perhaps the users were pleased about the tits, asses and pussies of the actresses, they were indeed worth 5 stars. Regards, Hans-Dieter","Write a 100-150 word negative review of the movie ""Night of the Demons"" (1988), expressing your overall opinion."
neg_6830,tt0119395,The Jackal,1997,132156,neg,3,A,120,"I would ward off any temptation to view this movie, it is quite simply dull. The characters are predictable and mindless. The assassin is quite unenigmatic. There is no tension, fun, no style or even a glimmer of originality to be found in this train wreck. And the morass of Hollywood cliché's are stifling. Oh, and you have a movie that makes a hero of an IRA terrorist. Cute. And now I need to speak some more to fill up the ten lines. And a little bit more Is that enough? Not quite, how about now? No, well further confabulation should do the trick, but The Jackal is really not worth ten lines of exposition. The original was great though.","Write a 100-150 word negative review of the movie ""The Jackal"" (1997), expressing your overall opinion."
neg_12190,tt0116367,From Dusk Till Dawn,1996,374755,neg,1,A,131,"This film is simply appalling, how the talent involved made this is beyond human belief.Iguess they must have been boozing when they thought of this idea,I feel as if 2 hours of my life have been taken from me.Harvey Kietel will try and distance himself from this rubbish, it should have been a great crime movie but it develops into a gory mess of vampires.I would recommend this film to people who like to sleep through movies ,you wont miss a thing.The humour is set to appeal to the lowest common dominate, movies can uplift us and remind us that life is worth living, this film just depresses you.As DeNiro said in one movie the saddest thing in life is wasted talent this film is a perfect example of this statement.","Write a 100-150 word negative review of the movie ""From Dusk Till Dawn"" (1996), expressing your overall opinion."
neg_4338,tt0114576,Sudden Death,1995,40093,neg,1,A,131,"Don't pay any attention to the rave reviews of this film here. It is the worst Van Damme film and one of the worst of any sort I have ever seen. It would appeal to somebody with no depth whatever who requires nothing more than gunfire and explosions to be entertained. Seeing that this is directed by Peter Hyams it has made me realise that Peter has no talent as a director, but is very good at filming explosions and the like. However, movies need other elements as well; for example, a story. This one didn't have one. This might explain the awfulness of some of Mr. Hyams' more recent films, hardly any better than this one, really. One can't help wondering how some people ever were put behind a camera.","Write a 100-150 word negative review of the movie ""Sudden Death"" (1995), expressing your overall opinion."
neg_2663,tt0156934,Random Hearts,1999,25533,neg,1,A,130,"A friend gave me this movie because she liked it. I decided I would finally watch it. It was sooooooo long. I kept waiting for the suspense to happen but it never did. I kept waiting for something to happen after the opening scenes, and it never did. I stopped the movie and came back later. I actually forced myself to watch the rest of it hoping it would get better. It got worse. I kept asking myself, who are these people? Do they have feelings? are they just robots? I'm glad I didn't pay to see it or pay to rent it. The end would have been better if Dutch died from the gunshot wound. At least we would have gotten some emotion from the audience. Or maybe not.","Write a 100-150 word negative review of the movie ""Random Hearts"" (1999), expressing your overall opinion."
neg_8596,tt0101393,Backdraft,1991,95046,neg,4,A,136,"I loved this movie when I was a teenager. LOVED it. It hasn't grown up with me, though. Maybe that's because it's a melodramatic load of old rubbish, full of macho posturing, cheesy dialogue, overwrought slo-mo and characters saying 'Goddammit' a lot. The lumpy narrative blobs gracelessly from one character to another, one plot strand to another, without ever bringing it all together, and it doesn't help that William Baldwin's mono-expression of a performance is wet enough to put out every fire in the movie's overlong runtime. Robert DeNiro and Donald Sutherland are worth watching, but no one's really at the top of their game here, and the women folk get particularly short thrift. The only real impact comes from the impressive firefighting sequences, and Hans Zimmer's majestic score, which remains one of my all-time favourites.","Write a 100-150 word negative review of the movie ""Backdraft"" (1991), expressing your overall opinion."
neg_4885,tt0067355,They Call Me Trinity,1970,28897,neg,3,A,148,"I am testing myself to watch 3 bad movies in a row to find out if watching 3 bad movies in a row could give me amnesia I have a dubbed to English version of this movie. Now let me go down the points Music Score: bad quality but at least it suits Story: it's about a guy who goes to a town and he meets his sheriff brother and they fight for farmers land from a major and he allies with mexicans to drive them out and Trinity and his brother try to teach them to defend it - The final climatic fight scene will confuse anyone about who the #### are the good guys Conclusion: better than I thought but I need to continue with this I am next going to watch the Dolph Lungren and Jean-Claudde Vanne Damme movie ""Universal Soldier"" pray for my sanity","Write a 100-150 word negative review of the movie ""They Call Me Trinity"" (1970), expressing your overall opinion."
neg_3435,tt0116213,Eraser,1996,125370,neg,1,A,105,"Ten years ago I really wanted to see this movie on the cinema. But I missed it, and then forgot about it. Oh boy, am I glad this movie didn't get to ruin my teenage eyes back then. I saw it yesterday, and seriously, this must be among the 10 worst movies ever made. And I'm talking about movies which has had too much attention, such as those wonderful trailers on TV, and too much money spent on actors and the making of the movie. The script sucks and the acting sucks even worse, do I need to say more? Please, Hollywood, NO MORE ARNOLD!!","Write a 100-150 word negative review of the movie ""Eraser"" (1996), expressing your overall opinion."
neg_9006,tt0155267,The Thomas Crown Affair,1999,111051,neg,3,A,119,"I am sure I'm in the minority (I know I am among my friends), but I found this movie long, boring and gratuitous. The fact that the role played by DENIS LEARY is the most likable character (the only other time I liked him at all was in ""A Bug's Life""!) speaks volumes. Rene Russo's character was irritating beyond belief and Thomas Crowne himself was flat and stereotypical. To say he was two-dimensional may be a little generous. (No, the scenes with his psychiatrist did NOT help make him real.) With the exception of two wonderful scenes (both involving the museum caper and NOT involving Rene Russo), this movie made me wish I were at home watching televised golf.","Write a 100-150 word negative review of the movie ""The Thomas Crown Affair"" (1999), expressing your overall opinion."
neg_6858,tt0140379,A Midsummer Night's Dream,1999,28655,neg,3,A,103,"Maybe it is unfair for me to review this movie because I walked out well before the end. That's odd, because I usually like Shakespeare on the screen and I enjoyed Midsummers Night's Dream once, many years ago, when I saw it on the stage. I think that two things did me in: that squeaky twerp with the Shakespearian name, Calista Flockhart, and Michelle Feiffer sitting in a giant clamshell. Well, I suppose you could say it supposed to be a comedy -- but when the scenery is funny and the actors aren't, I'd say we have a bad movie on our hands....","Write a 100-150 word negative review of the movie ""A Midsummer Night's Dream"" (1999), expressing your overall opinion."
neg_7131,tt0433386,The Grudge 2,2006,54059,neg,1,A,129,"That was a waste of 9 dollars. the movie was terrible. all the ""scary"" parts were pointless and sadly repetitive. Seemingly all of the tense parts could be completely predicted, and did not seem to hold any bit of the audiences attention. Also, the plot line didn't advance at all during the entire movie, and it was all just a big setup for the grudge 3. When it seemed like the movie was about to make a big plot advancement, it turned out just to be a pointless scene. these directors need to follow Hitchcock's example: every scene has a point. Porbably 90% of the scenes in this movie could have been left out with no change of the plot. Final opinion: Don't waste your time, energy or money!!!","Write a 100-150 word negative review of the movie ""The Grudge 2"" (2006), expressing your overall opinion."
neg_9623,tt0366780,Mirrormask,2005,24449,neg,2,A,140,"Having enjoyed Neil Gaiman's writing (especially his collaboration with Yoshitaka Amano in ""The Dream Hunters"") in the past, I figured Mirrormask to be a sure thing and was very disappointed. The beginning, live-action section of the movie was intriguing enough. The relationships between the characters was believable and easy to empathize with, and I loved the sets, the costuming, and Helena's artwork. The subsequent computer-generated scenes, however, were excruciating. The dialogue was awkward and pretentious, the interaction between the live actors and the CGI horrifying. Events occurred for the flimsiest reasons, and most events seemed superfluous to whatever plot may have existed. I only watched the first twenty or thirty minutes of the movie, so I'm not exactly an authority, but I strongly recommend that you don't watch any of it at all and stick with Gaiman's strong written work.","Write a 100-150 word negative review of the movie ""Mirrormask"" (2005), expressing your overall opinion."
neg_12363,tt0271367,Eight Legged Freaks,2002,62283,neg,4,A,148,"I'm not going to say the story of the movie as some people do. I'm pretty sure people who read this will know what the storyline is. I'm also not going to go on and on about everything thats wrong with this movie, because I'll be here for ages if I do. The storyline is typical, and the special effects are below today's standards. This is not a movie you should watch if you are a serious movie buff (as most of us here are) little things will annoy you the whole movie and ruin the experience. If your a casual movie watcher, who likes to have a good time when they are watching a flick, then this movie is perfect for you, lots of fun. It would also be a good movie to take a partner to. Just not for us movie buff's. 5 out of 10","Write a 100-150 word negative review of the movie ""Eight Legged Freaks"" (2002), expressing your overall opinion."
neg_7941,tt0398712,Assault on Precinct 13,2005,84998,neg,1,A,146,"The original ""Assault on Precinct 13"" is gritty, witty, and - perhaps most importantly - short. This remake is mercilessly padded out and talky. Worse yet, the African-American hero of the first movie is here replaced with handsome white boy Ethan Hawke, which makes this ""Assault"" less progressive than the 1970s one. God, how I miss John Carpenter and his improbable plot line and his weird sense of humor. I even miss his B-list actors, who are leagues better than Hawke and company. I can't say I care for the new villains in this version - they stretch what little credibility the story ever had to the limit. The female characters are useless, the criminals are all generic hoods, and Gabriel Byrne gives another of his bored performances. The music's all wrong, too - it's bland action stuff that actually detracts from the tension. Simply awful.","Write a 100-150 word negative review of the movie ""Assault on Precinct 13"" (2005), expressing your overall opinion."
neg_12129,tt0099329,Cry-Baby,1990,69405,neg,1,B,112,"John Waters owes me 2 hours of my life back. I saw a sneak-preview screening of this way back in 1990, and I'm still in pain. Not before or since have I seen such a terrible piece of filmic waste spewed upon the screen. There is nothing positive I can say about this film. Acting--awful; plot--ridiculous; music--atrocious. Following the movie, my friends and I demanded our money back from the manager of the theater. He explained that, since it was a free screening, he couldn't give us anything in return, no matter how much agony we were suffering through. How Johnny Depp's career survived this trainwreck of a movie is anyone's guess.","Write a 100-150 word negative review of the movie ""Cry-Baby"" (1990), expressing your overall opinion."
neg_8095,tt0246989,Tomcats,2001,20807,neg,4,B,111,"I mostly rented this movie to see Shannon Elizabeth. She played well in this movie, but the plot sucked. The movie wasn't really about anything just about trying to stay single after making a pact when one of Jerry O' Connell's friends gets married. The other friends put together this money and who's ever last to get married get's the money ($10,000) from all his friends. Anyway the movie just try to follow through by making no since and trying to make it more funny then making since. I'm glad I only paid .50 for this movie. It really wasn't good at all. I rated it **** out of 10 stars!","Write a 100-150 word negative review of the movie ""Tomcats"" (2001), expressing your overall opinion."
neg_3891,tt0077405,Days of Heaven,1978,70063,neg,2,B,128,"Lovely music. Beautiful photography, some of scenes are breathtaking and affecting. But the dramatic tension is lost in a film that is so poorly edited it is hard to know what exactly is going on. At times, the dialogue is incomprehensible. Then there is Richard Gere. He's supposed to be a factory worker who gets into trouble and gets work on a farm. We see dozens of farmhands sweaty and dirty in the hot sun. Then we see Gere, looking like he just wandered away from a Calvin Klein ad. Sam Shepard, another glamour guy, is supposed to be terminally ill. But he looks great. Nice try, but it just doesn't work. Brook Adams try hard but she gets lost in the scenery.The real star is the girl.","Write a 100-150 word negative review of the movie ""Days of Heaven"" (1978), expressing your overall opinion."
neg_2360,tt0188674,Human Traffic,1999,29887,neg,1,B,113,"utterly useless... having been there, done that with the subject matter i have to say this captures the clubbing atmosphere in absolutely no respect. It may have done so had the characters not just been mouthpieces for incredibly dire, unrealistic drivel. So many cringe-worthy scenes that would put The Office to shame (not a compliment to this film). It also may have helped to have some semblance of a story, a point, a message, a commentary, anything. Seriously, Kevin & Perry Go Large had more to say on the subject than this film (term used very loosely in this case). There should be minus numbers reserved for films like this. -10 (extra turd)","Write a 100-150 word negative review of the movie ""Human Traffic"" (1999), expressing your overall opinion."
neg_5228,tt0107665,Needful Things,1993,30898,neg,4,B,109,"Based on a Stephen King novel, NEEDFUL THINGS provides the intrigue and eeriness to keep you in your seat. A mysterious man(Max von Sydow) comes to town and soon becomes the most talked about citizen. Could it be that the devil himself has set up shop as an antique dealer in a small town in Maine? von Sydow is masterful and dynamic in this role that dominates the screen. Also starring are Ed Harris and Bonnie Bedelia. Harris is steady and Bedelia is deserving of your attention. Also in support are J.T. Walsh and Amanda Plummer. Not the best, nor the worst adaptation of King's horror on the screen.","Write a 100-150 word negative review of the movie ""Needful Things"" (1993), expressing your overall opinion."
neg_11943,tt0481141,No Reservations,2007,86148,neg,4,B,132,"Yes, I spelled that right. This movie is so predictable, the actual word needs additional letters to exemplify the predictability. From the moment the principal characters and situation are introduced, it is paint-by-numbers as to where this plot will take us. The foreshadowing was as subtle as a two ton sledgehammer. You could take numerous pieces of dialogue and anticipate the role it would play in the ending. Catherine Zeta-Jones and Aaron Eckhardt did decent jobs in undemanding roles and Abigail Breslin played the cute role admirably. It's just that the movie brought absolutely nothing new to the romantic comedy genre. The romance was tepid and the laughs were weak and few. Sure, it's an OK movie if you have nothing to watch, but you won't miss anything by missing this one.","Write a 100-150 word negative review of the movie ""No Reservations"" (2007), expressing your overall opinion."
neg_3549,tt0896798,Cleaner,2007,50268,neg,2,B,124,"Request you to not watch this movie... It starts with a promise and as it goes on you crave for the movie to end... Predictable,not entertaining at all,wasted movie... Save your time and watch better thrillers.... The synopsis sounds good and that is why I watched the movie... But it was way too predictable with nothing to give you a start... No great suspense.. no great direction... nothing phenomenal with the acting... shy away from this... low rating... Nothing to write about this movie so I am filling up the remaining lines of text so you can imagine how much a time waster this movie is...really irritated at how good a premise that was and how bad a screenplay was written out of it...","Write a 100-150 word negative review of the movie ""Cleaner"" (2007), expressing your overall opinion."
neg_5891,tt0390022,Friday Night Lights,2004,71482,neg,3,B,116,"I honestly expected more from this movie. That may have been the problem. There was not one time when the camera was still - ever. On close ups, the camera shakes, the subjects move, and I get a headache. The cuts are so often and so fast, that the viewer often finds himself/herself wondering what just happened. (LOOK OUT, SPOILER ALERT) And at the end of the movie, when you expect to have a happy ending after being put through so much useless thought to comprehend what is going on, they end up losing. To me, this was a basically terrible movie, wrecked by a camera man with ADHD, and lack of a meaningful meaningful plot.","Write a 100-150 word negative review of the movie ""Friday Night Lights"" (2004), expressing your overall opinion."
neg_6981,tt0800039,Forgetting Sarah Marshall,2008,322583,neg,4,B,150,"This movie wasted 2 hours of my time and just make me wanna scream: ""LAME"". Nicholas Stoller write the movie ""Yes Man"", but direct ""this"" maybe he should stick with writing. I am so disappointed because I heard all the great review. I was expecting something like knocked up. They say this is from the maker of ""Knocked up""? why can't I see the resemblance? but this just felt like a shallow, overdone-theme kind of movie for me. I am so disappointed. Actually it's not bad if you consider it as your-average-chick-movie, but that character of the ""band guy"" just get on my nerves Maybe I was just not paying enough attention to the movie, but yeah they have some funny lines and scene, but i don't felt the originality. And the ending make the movie a little bit better. At least the ending is not some boring cliché one.","Write a 100-150 word negative review of the movie ""Forgetting Sarah Marshall"" (2008), expressing your overall opinion."
neg_5058,tt0133046,Teaching Mrs. Tingle,1999,22781,neg,3,B,136,"This isn't a dreadful film, merely insipid. The plot is deeply flawed and implausible. It tries to be a number of genres and fails at each. It fails as a comedy, as a suspense thriller and as a horror movie. It almost succeeds as science fiction. The direction is uninspired and Katie Holmes, cute cherub face that she is, should be modeling teen clothing, not acting. The only thing that keeps this movie from being a 1 out of 10 is Helen Mirren. Her performance is fabulously nefarious and is (almost) worth suffering through the rest of it. Her ability to transmute from imperious to faux sympathetic to deviously manipulate and control her prey shows masterful range. Other than Marissa Coughlin's delightful Exorcist rendition, Mirren is the only reason to see this movie. A solid 3.0.","Write a 100-150 word negative review of the movie ""Teaching Mrs. Tingle"" (1999), expressing your overall opinion."
neg_10725,tt0369441,Fun with Dick and Jane,2005,164454,neg,1,B,135,"A satire about greed and money, what? There is more greed in the intentions behind this fiasco than in any of the themes they pathetically try to make fun of. Jim Carrey's reign was certainly short lived. He is an unbearable presence on the screen. The insincerity of his portrayal is nothing short of creepy. He produced this, this ""masterpiece"" as well, so he can't blame anyone here. ""The number one comedy in America"" shout the desperate TV adds. Of course, Jim Carrey was suppose to guarantee full houses but the game is over. If I sound angry is because I am. I spent a sunny afternoon in California, plus, between tickets, parking, flat Cokes etc, almost 45 bucks on this thing, starring and produced by Mr Carry. Not anymore, do you hear? Not anymore.","Write a 100-150 word negative review of the movie ""Fun with Dick and Jane"" (2005), expressing your overall opinion."
neg_8876,tt0455957,Goya's Ghosts,2006,33381,neg,1,B,108,"This film is just another waste of time. The plot is ridiculous, forced USA drama. The characters were all really weak, especially the uncharismatic Goya and the bad interpretation of Bardem, who only was alright in his classic interpretation, when acting as french ally. Just another chance lost of have spent the money in a good film. I guess it was no a low budget film. Definitely not recommended. Maybe the director's should think a bit whether the film has sense or not before wasting so that money. Maybe they do not bother as they have profits before launching them in the cinema. No more hope in cinema...","Write a 100-150 word negative review of the movie ""Goya's Ghosts"" (2006), expressing your overall opinion."
neg_10580,tt0426592,Superhero Movie,2008,86177,neg,1,B,140,"I happened to rent this movie with my sister in hopes of watching a great entertaining movie, that was humorous, however my expectations were let down. This movie was beyond disgusting and revolting for a PG-13 movie, this should have been rated R for the many mature references that went on in this movie. I wouldn't recommend allowing a 13 year old teen see this. Even if no one under the age of 17 is watching this movie, beware of a truly stupid movie, there's no humor in the movie, just a bunch of disgusting sexual references including a small touch of pedophilia, something that shouldn't even be joked about. I would like to know what happened to PG-13 movies, that were actually safe for actual a 13 year old? This is beyond a deplorable movie and should be re-rated.","Write a 100-150 word negative review of the movie ""Superhero Movie"" (2008), expressing your overall opinion."
neg_4246,tt0119313,Hope Floats,1998,33326,neg,2,B,140,"Hope Floats with Sandra Bullock is a real disappointment. The story starts off ok. Her husband cheats on her and she finds out on national television. So she has to rebuild her life. Here it could have gotten interesting or built up in a story line, but you become so bored with it. She moves back with her parents and Harry Connick Jr. who plays Justin begins hitting on her. The two have no real chemistry at all, yet your supposed to get the impression that Justin is in love with her. The movie ends the way you figure it will but you wish it hadn't ended like every other kind like it. They had a good start with this movie and could have turned it into something watchable but instead its a movie that you definitely want to miss.","Write a 100-150 word negative review of the movie ""Hope Floats"" (1998), expressing your overall opinion."
neg_4078,tt0413099,Evan Almighty,2007,164479,neg,2,B,143,"This film is definitely up there with the worst films I've ever seen, probably in my top 5 of worst films. I laughed once and that was when: EVAN: ""im building something"" Evan's Secretary: ""i hope its a barber shop"" That was literally the only time i laughed in this 'comedy', awful compared to Bruce almighty which as a big Jim carrey fan...wasn't even that great! This movie lacked the humour of having God's powers and was more about family bonding. Id class it solely as a family movie, definitely not a family comedy. Seeing a bird poo on someone's shirt is not hilarious, neither is a beard that grows back instant! I didn't even think the special effects were great, the animals looked really stuck on, it was like watching a film which hadn't been 'glued' together properly 2/10 film - avoid!","Write a 100-150 word negative review of the movie ""Evan Almighty"" (2007), expressing your overall opinion."
neg_10641,tt0116514,Hellraiser: Bloodline,1996,27317,neg,1,B,104,"It's true, no one really expects anything from sequels. But even by that low standard this is a terrible film. Essentially an anthology movie, this fourth installment in the Hellraiser saga tries to be an origins story and a wind-up to the entire series at the same time. An ambitious idea. But none of the cast is given enough screen time to do anything with their characters and rookie director Yagher abandoned the film rather than give in to studio meddling. The result is a steaming pile of mediocrity that even fanboys have trouble defending. Unless you're an ""Alan Smithee"" fan, avoid this one.","Write a 100-150 word negative review of the movie ""Hellraiser: Bloodline"" (1996), expressing your overall opinion."
neg_12008,tt0102719,Problem Child 2,1991,25433,neg,1,B,100,"What an awful movie. Full of cliches, perplexing scenes, very bad acting, and an atrotious script. It is hard to believe the same guys that wrote The People vs. Larry Flint and Man on the Moon wrote this garbage. Man, this makes my list of Top 10 Worst Movies of All-Time. Didn't this guy, this director, if you can call him that, realize that the first Problem Child was bad enough? Let alone make a sequel for it!!?? Amazing that piece of trash films like this can be shown to children let alone be released! 1 out of 10 *'s","Write a 100-150 word negative review of the movie ""Problem Child 2"" (1991), expressing your overall opinion."
neg_1078,tt0317740,The Italian Job,2003,410797,neg,4,B,147,"I was really disappointed by this movie. Great actors in it, and potentially a great plot, but it just seemed to limp along. Charlize Theron was masterful in her role and beautiful, but it seemed like 90% of her on-screen work was in car chases done with Austin Minis. Product placement gone wrong, so very wrong. The direction seemed off, too. Edward Norton is the bad guy, and it was so obvious right from the start. Every time the camera would pass over him, it would linger too long and Norton would grimace or something. C'mon, Hollywood, give us a little credit! It's okay to surprise us with a plot twist without having to telegraph it. Sorry, but this movie was just below average. I have always been one to appreciate the work and talent that goes into a movie, but this one just didn't have it.","Write a 100-150 word negative review of the movie ""The Italian Job"" (2003), expressing your overall opinion."
neg_10080,tt0163025,Jurassic Park III,2001,376404,neg,1,B,117,"You could have put the characters on the island for any reason at all and had the same movie. The first one had an original story, the second stole one from King Kong, and in the end (I hope) of this trilogy the story seemed to have been bypassed altogether. Drop some people on an island full of dinosaurs and watch them run for their lives. That was about all there was to it. The special effects were decent but not worth 8 dollars. If you have a discount theatre in your local area, wait and see it for a buck. I wouldn't even bother renting it. That would be too much money for this unthrilling thriller.","Write a 100-150 word negative review of the movie ""Jurassic Park III"" (2001), expressing your overall opinion."
neg_5911,tt0097481,Harlem Nights,1989,27641,neg,3,B,143,"Just read through the other comments here, and was a little surprised to find that no one had said anything about the acting or plot. Richard Pryor and Eddie Murphy can both deliver an amazing Stand-up comedy show. Great actors they are not. Enough about that. As for the plot? Oh man. Every time the movie tries to ""fool"" you into believing the good-guys are going to lose, you know those scenes: ""What? The good-guys loses? Oh.. I see, it was just a trick"", it's done so terribly bad, you can spot it a mile away. It had 2 or 3 funny moments, but not enough to save the day. It's a little silly that these comments has to be 10 lines now. A lot of people will fill it up with crap, for it to be eligible. Being brief is an art.","Write a 100-150 word negative review of the movie ""Harlem Nights"" (1989), expressing your overall opinion."
neg_11256,tt0910905,In the Electric Mist,2009,21155,neg,1,B,131,"Detective Dave Robicheaux is trying to link the murder of a local hooker to New Orleans mobster Julie Balboni. But during his investigation Robicheaux is led into a series of surreal encounters with a troop of Confederate soldiers??, What a awful plot and it was worser than i had expected. it was real slow and had minimal skill in the acting i could not watch through it it was waste of my time. Another FLOP, i would give it under 1 if i could please people don't waste your time its 1:42m of wast-full time. Actor Elrod Sykes and his girlfriend driving under the influence. As Dave takes Elod to the station the actor tells Dave he found some skeletal remains while on the set of a movie he is filming","Write a 100-150 word negative review of the movie ""In the Electric Mist"" (2009), expressing your overall opinion."
neg_11292,tt0212985,Hannibal,2001,316969,neg,1,B,117,"The only reason I didn't fall asleep during this movie is because the seats were not that comfortable. Hannibal is BORING>BORING> BORING and BORING!!! This film is just dreadful, not because of any violence or graphic mutilations. It's actually quite tame in that regard. The story moves at the speed of a lazy snail. I have the feeling that director Ridley Scott just phoned this one in. The actors are all fine they just needed some direction. The music score is also very annoying. It's especially noticeable since so little is going on in the film. It does look good but that's not enough reason to see it. By the way did I mention that it's BORING?","Write a 100-150 word negative review of the movie ""Hannibal"" (2001), expressing your overall opinion."
neg_4965,tt0490076,All the Boys Love Mandy Lane,2006,36629,neg,3,B,150,"I read about this film on-line and after seeing the generally positive reviews it has received, and viewing the trailer, I decided to check it out for myself. What a disappointment! It starts out well enough. the opening scene was actually pretty tense, but from there it's all downhill. I can see that the filmmakers were trying to do something different with this movie, but by doing so, they took all the enjoyment out of watching it. Those choices combined with the ""C.S.I"" editing, use of music and montage, lack of suspense, scares, or humor really drag this film down. There's too much foreshadowing and to many ""subtle"" clues, so when the first twist arrives early on, you already know how the movie is going to end. I gave the movie three stars because I think the cast did a good job, other than that I can't recommend this movie.","Write a 100-150 word negative review of the movie ""All the Boys Love Mandy Lane"" (2006), expressing your overall opinion."
neg_8488,tt0362165,Son of the Mask,2005,62642,neg,4,B,150,"Actually, Son of the Mask did make me laugh a few times...mostly due to the cartoonish jokes that made Bugs Bunny and Roadrunner so funny. The CGI is very impressive and is used extensively in this movie. Garfield, for example, is no where on par for CGI, but I would give it the same vote. Everyone knows the story...which wasn't that bad for a KIDS movie. Yes, it is a KIDS movie...and therefore should be treated as such. Jamie Kennedy is not very good in his role. His attempts to act ""crazy"" are not very good and overall acting is poor. Everyone else is not too bad. Basically, my 2 and 5 year old watched the whole thing without complaining. At least I was able to sit through this. There is no way this movie is worst than **shudder** Class of 1999 4/10 for the CGI and a few laughs.","Write a 100-150 word negative review of the movie ""Son of the Mask"" (2005), expressing your overall opinion."
neg_4166,tt0345061,Code 46,2003,21882,neg,1,B,136,"This movie was released in all major cinemas in Australia. I watched the movie on the weekend of 7th AUG and I thought is was absolute nonsense (and I am using that word extremely litely). How it got released to every major cinema no idea. The plot seemed simple enough about the world being divided into subclasses and people needed identity cards and the actor Tim Robbins playing an investigator who goes to shanghai to investigate a employee stealing ID cards, which turns out to be the actress Samantha Morton. You think from that summary the rest of the story should intertyne but it doesn't it just confuses the audience even more with different storyline that don't relate. If you thinking of seeing this movie let me save u the trouble DO NOT GET THIS MOVIE.","Write a 100-150 word negative review of the movie ""Code 46"" (2003), expressing your overall opinion."
neg_4773,tt0963794,The Ruins,2008,91986,neg,1,B,139,"I have not seen such a stupid,dumb movie since quite a while. It absolutely has no logic, no horror- doesn't scare you, no suspense, not thrilling.. I mean I didn't find even one part of the movie appealing.. I don't know what they were thinking when they made the movie.. You watch the whole movie to find out that, there is a plant that can walk around, drag human dead bodies and eat human flesh. Not just that but it can also talk i.e. imitate sounds, like a cellphone ringing or human talking... so its like, the plant makes the noise of a cell phone ringing, so they go after the cellphone and find out its a plant... how intelligent of the plant to setup an ambush. This clearly is the creativity level of a primary school kid... Bad!!!","Write a 100-150 word negative review of the movie ""The Ruins"" (2008), expressing your overall opinion."
neg_6027,tt0450340,Unknown,2006,32587,neg,4,B,111,"In fact, parts of it I liked a lot. It had some interesting twists. But it just left me with a been there, seen that feeling after all of the SAW movies. Granted the ending was different from a typical Saw, but let's face it...a group of guys, unknown to each other (or so they believe) tossed together in an abandoned chemical factory.... But then it loses something. There's no intensity, there's poor group dynamic, there's no sense of urgency. Some nice twists at the end, and definitely worth a watch if there's nothing else on your plate, but it just left me empty...it passed the time, but it didn't satisfy.","Write a 100-150 word negative review of the movie ""Unknown"" (2006), expressing your overall opinion."
neg_5077,tt0402910,Chaos,2005,61011,neg,3,B,119,"I have just watched this movie on DVD late this morning and was so disappointed that even thought it was a good joke for the audience. In other words - the creators planed to make comedy not drama. Howsoever, at the end I realized that Mr. Tony Giglio was earnest about this movie. It's a pity because: the dialogue is ridiculous, the acting is poor and lifeless, the story is a fishy tale! Poor Ryan Phillippe - despite of his efforts his character in the movie remains probably his worst performance! What to say for Jason Statham - lack of all kinds of skills to develop the role which is an imaginary fiction... For this reasons I vote: 3/10","Write a 100-150 word negative review of the movie ""Chaos"" (2005), expressing your overall opinion."
neg_3503,tt0375679,Crash,2004,464502,neg,1,B,109,"i am amazed anyone likes this film. i never walk out of movies, but my friend had to physically stop me from leaving the theater during this insulting disaster. the white characters are saints and the Asian characters are practically nonexistent and worthless to the story. they exist only as objects, surprise. characters of other races fare much better. the twists and turns were laughable and predictable. but if you're reading this, you know that already. Paul Haggis is a hack. Hollywood can't even do multicultural movies right. do yourself a favor and watch a much more honest take on race relations, Harold and Kumar Go To White Castle!","Write a 100-150 word negative review of the movie ""Crash"" (2004), expressing your overall opinion."
neg_6300,tt0109045,"The Adventures of Priscilla, Queen of the Desert",1994,62619,neg,3,B,128,"The costumes are outrageous and the Australian outback scenery is fun to view, but there is an edge to this story - a mean edge - about drag queens. I particularly noticed that in Terrence Stamp's character, ""Ralph Bernadette Bassenger."" Perhaps that was appropriate since there is nothing ""good-guy- like"" about Ralph-Bernadette and his group of ""queens."" Once again, we get the strong Liberal slant which says anything goes and if you're not ""with it"" - or in this case, pro-homosexual, then you are a homophobe. (Gasp!) What's really disturbing is the ending when a young boy goes off with his ""alternative-lifestyle"" father and embraces his gay lifestyle, not because it fit the story but because it fit the agenda of the people who wrote the script. Pitiful.","Write a 100-150 word negative review of the movie ""The Adventures of Priscilla, Queen of the Desert"" (1994), expressing your overall opinion."
neg_9512,tt0099726,Hamlet,1990,25258,neg,1,B,125,"Well, to each his own, but I thought Gibson's Hamlet was the most god-awful rendition I had ever witnessed... as subtly nuanced as a paper bag, and as inspired as a telemarketing call. The only reason I watched the movie through to the end was that I held out hope that either it would get better or become unintentionally funny. No luck. No disrespect for the supporting cast or for Zefferelli's staging, but nothing can make up for the bungling of the main character. I have seen Hamlet well-portrayed as an African prince, as an animated lion, as a rough-and-tumble warrior, as a romantic poet, etc. etc. etc. . But IMHO this portrayal was just a plentiful lack of wit together with most weak hams.","Write a 100-150 word negative review of the movie ""Hamlet"" (1990), expressing your overall opinion."
neg_11469,tt0970452,Solomon Kane,2009,81098,neg,3,B,138,"As a big fan of most modern fantasy movies, I was really looking forward to this. I was not familiar with the character, although after hearing some general stories about the style of the comic and good reviews of the movie, I thought I was in for a real treat... From the moment that the lead character started to talk in his forced husky voice, I could tell straight away that I was not going to enjoy this movie. I found the story weak and predictable, the acting poor, the effects were very good for a small budget film, but did nothing for the overall plot. Maybe as a fan of the Comics you may get something more from this, otherwise I would suggest that you skip it and not waste you cinema fare on this boring adventure.","Write a 100-150 word negative review of the movie ""Solomon Kane"" (2009), expressing your overall opinion."
neg_8644,tt0117107,Mulholland Falls,1996,21453,neg,4,B,140,"William Petersen (that C.S.I guy) has a small uncredited role but it's the best part of the movie. His character comes across smart ass and tough, and it's a fun surprise to see him in this. He has a range that allows him to play just about anything. After his 5 minutes, it goes from looking cool to just nothing much. It leaves you hoping that his character will reappear in the movie but after 20 minutes you give up hope. The movie itself is pretty poor. Worth a watch on TMN or a pick up at the library but not much more. Too much of it reminds you of L.A Confidential except that where that movie starts to get complicated upon itself, this one is so loose, it steers everywhere but where it should. 2 out of 5 stars","Write a 100-150 word negative review of the movie ""Mulholland Falls"" (1996), expressing your overall opinion."
neg_12074,tt0158371,Sweet and Lowdown,1999,37222,neg,4,B,129,"This film follows the life of a great guitar player, who wants to make it big but acts irresponsibly almost to the point of self destruction. I was expecting the usual Woody Allen witty dialogs, sarcasm and humour, but ""Sweet and Lowdown"" failed to provide any. The main character, Emmet Ray, is an egocentric, rude, irresponsible and hurtful man. He is so unlikeable, that I do not want to now about him, or care about him. I wonder why a film about him has to be made. The pacing of the story is slow, making the film a terrible bore. Even Sean Penn's great acting fails to revive the film to a watchable level. I like Woody Allen's films a lot, but ""Sweet and Lowdown"" is a major disappointment.","Write a 100-150 word negative review of the movie ""Sweet and Lowdown"" (1999), expressing your overall opinion."
neg_5330,tt0100135,Men at Work,1990,29928,neg,4,B,136,"I was duped into watching this by the many friendly reviews here. Boy, are they way off mark! To give this 9 to 10 points and call it ""one of the best movies of the 1990ies"" is just unjustifiable. The big problem here is lack of pace and a paper-thin plot. It's like slapstick on Prozac. Everything trundles along predictably and listlessly. The plot is weak to begin with -- two garbage men peep on their foxy neighbour, witness a murder and unravel a waste disposal conspiracy -- and the movie never manages to go much further. There are some amusing situations and decent acting, but that's not anywhere near enough to save this jalopy of a movie. It's simply a comedy that doesn't get its fat ass off the ground, so why waste your time?","Write a 100-150 word negative review of the movie ""Men at Work"" (1990), expressing your overall opinion."
neg_9402,tt0417217,Two for the Money,2005,55436,neg,1,B,104,"Please do not go see this. I did have several laughs throughout this movie, but they were all due to unintentional comedy. There were only three characters in this movie, so it was amazing how bad the character development was. Pacino played Pacino again and was aggravating most of the time. The scenes in this movie seem like they were put together from 20 other bad movies by a really poor editor. There is no continuity and I found myself wondering why I didn't leave 15 minutes into this. I would suggest never seeing a movie directed by D.J. Caruso. This really was awful.","Write a 100-150 word negative review of the movie ""Two for the Money"" (2005), expressing your overall opinion."
neg_5061,tt0473753,Angel-A,2005,37662,neg,4,B,136,"Angel-A is a change of pace for Besson; monochrome, mawkish and rather mediocre. It is well photographed on location in Paris, although subtitle-readers should note: quick-fire dialogue AND good cinematography may make for frustrating viewing. This film is no ""Wings of Desire"" or ""Wonderful Life"". Despite its shared themes (heavenly intervention averts suicide, angel/mortal relationships ensue), Besson does nothing to enlighten or inspire us. Even the well acted, teary moments, rapidly descend into toe-curling sentimentality. The film's flawed ideology irritates; an Angel whose message of love and respect for self is constantly undermined by her own violent and promiscuous behaviour; a ""happy ending"" which negates the hero's supposed journey from helplessness to self-esteem and independence. Verdict: Quite nice to look at but confused moral and philosophical messages tarnish the film precisely where it should shine. 4/10","Write a 100-150 word negative review of the movie ""Angel-A"" (2005), expressing your overall opinion."
neg_8395,tt0842929,Paranoid Park,2007,33196,neg,1,B,130,"this movie is honestly the worst piece of rubbish i have ever seen. this is slow, plot less and boring. the cinematographer deserved to be shot. There were various aspects of unintentional comedy, one of which was Jared being oddly camp. Raised many laughs but also many yawns. don't watch with anyone, anytime any place. If u hate someone, recommend they buy or rent this. big waste of time and money. Thanks Gus Van Sant...not. i cant think of anything else to say except Don't ever see this movie, it will make u want to jump off a cliff. Hope Gus and his mates read this comment before it's too late and he makes a sequel or some other catastrophe with what appeared to be shot with a camera phone.","Write a 100-150 word negative review of the movie ""Paranoid Park"" (2007), expressing your overall opinion."
neg_6446,tt0815244,Sydney White,2007,55266,neg,4,B,107,"My 15 year old daughter asked me to watch this movie with her on Cable TV. As someone who saw Revenge of The Nerds in a movie theater, I found this movie to be an extremely predictable remake of it. The Nerds were simply replaced by Dorks. I drove her crazy by being able to predict precisely what would happen in each scene. The cast was cute, especially Amanda Bynes. Screenwriter Chad Creasey should be ashamed for writing such an obvious remake of an early 1980's flick. The title should have simply been ""Revenge of The Dorks."" Perhaps the sequel will be Revenge of the Dorks 2.","Write a 100-150 word negative review of the movie ""Sydney White"" (2007), expressing your overall opinion."
neg_7323,tt0101862,Father of the Bride,1991,94599,neg,1,B,121,"Diane Keaton is a pathetic actress. She is so boring and phony. She is the same on and off screen. I saw her in an interview with Ellen Degeneres and she behaves exactly the same as she does in movies. Her foolish facial expressions make me want to change channels. She has been in a couple of good movies, but they would have been better had someone else been picked for the part. Steve Martin doesn't add much to the movie either. He over acts as well and also ruins an old favorite. The ridiculous part Martin Short plays only adds more idiocies to the movie. I've tried to watch the movie twice but both times had to turn it off.","Write a 100-150 word negative review of the movie ""Father of the Bride"" (1991), expressing your overall opinion."
neg_10011,tt0113627,Leaving Las Vegas,1995,147046,neg,1,B,110,"A big disappointment for what was touted as an incredible film. Incredibly bad. Very pretentious. It would be nice if just once someone would create a high profile role for a young woman that was not a prostitute. We don't really learn anything about this character, except that he seems to be a hopeless alcoholic. We don't know why. Nicholas Cage turns in an excellent performance as usual, but I feel that this role and this script let him down. And how, after not being able to perform for the whole film, can he have an erection on his deathbed? Really terrible and I felt like I needed a bath.","Write a 100-150 word negative review of the movie ""Leaving Las Vegas"" (1995), expressing your overall opinion."
neg_5126,tt0085549,Flashdance,1983,65204,neg,4,B,113,"When I first watched this movie, in the 80s, I loved it. I was totally fascinated by the music, the dancing... everything. However, I recently watched the whole thing again on DVD, and I was completely struck by how extremely stupid the storyline was - how it contained holes, inconsistencies and - frankly - a whole lot of crap - and how horrid the dancing was. I mean, in a realistic world, she would NEVER have gotten into that ballet repertory... The whole thing was quite pathetic. The character developments also lacked in depth. I think that this was, very much, a product of the 80s: the film does not hold up today!","Write a 100-150 word negative review of the movie ""Flashdance"" (1983), expressing your overall opinion."
neg_4730,tt0758730,Aliens vs. Predator: Requiem,2007,148349,neg,1,B,142,"Mmmm, a previous summary says ""if you like aliens and predator you will enjoy this film"" i could not disagree more, this film pays no respect to its weighty lineage and has reduced two of the best loved sci fi strands to little more than a teen horror slasher movie, it has none of the tension or foreboding present in previous alien or predator movies and there is no discernible lead character, i really did not care about any of the characters and i positively yearned to see the stereotypical cast die as soon as possible in the vain hope something better would replace them, it really takes super human incompetence to have two of the most fearsome creatures ever invented positively fail to make a gripping thrilling movie, only watch this if you want to see how NOT to do it.","Write a 100-150 word negative review of the movie ""Aliens vs. Predator: Requiem"" (2007), expressing your overall opinion."
neg_11042,tt0364569,Oldboy,2003,733271,neg,1,B,114,"There's a thin line between being theatrical and being just plain forced. Forced acting. Forced takes. Forced plot. Even forced photography. There's people who say ""the movie develops that way because it's from Asia"" but I don't see any kind of forced elements on Seven Samurai or Sonatine. There's a thin line between being fiction (and every work of art it is, in it's way, fiction) and being just unlikely.In a more personal way, I just don't feel anything with the movie, it doesn't take me anywhere, and I just can't believe in the fictional world it is proposed. It just doesn't feel right, there's something in it or through that just doesn't click.","Write a 100-150 word negative review of the movie ""Oldboy"" (2003), expressing your overall opinion."
neg_4522,tt0425061,Get Smart,2008,240590,neg,1,B,126,"Get Smart should be titled Get Stupid. There is not one funny line or gag in the entire film. This film is so bad it makes the Austin Powers films look Shakespearean. A few more films like this and Steve Carell can kiss his career goodbye. As for Anne Hathaway, what is she doing in this film? She's a good actress but is just plain terrible. The writing is pathetically lame. There is not one funny, clever, or witty line. There is not one good sight gag. The directing is terrible. Comedy relies on timing. Someone should tell the director that. Every line that is supposed to be funny (and isn't) is delivered with absolutely the worst sense of comic timing I've ever seen. 0 stars","Write a 100-150 word negative review of the movie ""Get Smart"" (2008), expressing your overall opinion."
neg_11926,tt0402022,Æon Flux,2005,137976,neg,1,B,121,"Right up (or down) there with Toys and Jurassic Park 2 and The Phantom Menace. The premise sounded cool, some of the commercials looked semi-promising, but alas, the entire movie had about 30 seconds of neat shot-ness, and that was shown on the small screen's 30 second slot. If you want amateur writing, second-rate effects, ridiculous costumes, and an all-around snoozefest by all means watch it. The plot is recycled sci-fi fodder. Too bad too, because coming in I thought it would be bad but held out hope. It may be the worst movie I have ever seen, and I have seen a lot. Bottom line - Don't watch it. Unless of course you -liked- any of the above 3 movies.","Write a 100-150 word negative review of the movie ""Æon Flux"" (2005), expressing your overall opinion."
neg_446,tt0118604,An American Werewolf in Paris,1997,29305,neg,1,B,117,"Woeful and unnecessary sequel to a bonafide classic. An American Werewolf in London was, indisputably, a gem of a movie: humorous, demented, with just a dash of romance and so very, very British it made me want to stand up and sing God Save the Queen every time the movie ended. Then came this abomination. You know you are in real trouble when the leads are so utterly unlikeable you are glad when they are slaughtered, and actually start cheering for the lycanthropes. Tell you the truth, folks, I only got about half way through this CGIed travesty before losing the will to live and turning it off. Absolutely pitiful and a putrid waste of anyone's time.","Write a 100-150 word negative review of the movie ""An American Werewolf in Paris"" (1997), expressing your overall opinion."
neg_6710,tt0339135,In Hell,2003,23055,neg,1,B,118,"The authors know nothing about Russians prisons, the movie is absolutely cockamamie, has nothing common with the reality. They also don't that the foreign prisoners in Russia have a special prison so the foreigners NEVER live together with Russian criminals. The uniforms in this movie look if they were stolen somewhere in Latin America. Prisoners in Russia also don't work outside the prison. Each kill in Russian prison is a subject of investigation so the prisoners kill each other only if there some very important reasons. Playing soccer is also forbidden in the prisons, contacts between the prisoners are very restricted, no chance for bloody combats etc etc etc. So this movie has Nothing common with the reality.","Write a 100-150 word negative review of the movie ""In Hell"" (2003), expressing your overall opinion."
neg_6217,tt0795421,Mamma Mia!,2008,312439,neg,1,B,135,"I cannot remember a more trivial, mind numbing and shallow film in other words a real chick flick of the worst kind. How can anyone watch this film and recommend it to others ? Only if they don't like admitting they made a mistake. It seems to summarise the worst of female aspirations. No real substance to it all happy and shallow. Yeah that'll please the masses. Well not this member of the masses. What a trivial load of drivel. I wanted to leave the cinema within 5 minutes of the start. And to think I paid £7 to see this ! I think this does however represent the dumbing down of cinema as with most media these days. So I like a bit of reality in my musicals call me sad or what ?","Write a 100-150 word negative review of the movie ""Mamma Mia!"" (2008), expressing your overall opinion."
neg_11419,tt0834001,Underworld: Rise of the Lycans,2009,176423,neg,4,B,118,"Other than it reassembled the characters from the first film and gave them more backstory. Essentially, Lucian the Lycan (werewolf) fell in love with Sonia the Vampire, a Romeo and Juliet scenario you know is going to end badly if you've seen the first movie. So with absolutely no suspense, we blunder forward with two hours of unremitting CGI and actors with little or no screen presence. All shot in that monotone color that the first movie had because nothing was shot in daylight. Worth your time.. probably not. In fact, the quality has gone down, even the CGI looks like it was done on the cheap, you don't buy for a minute that these are real werewolves.","Write a 100-150 word negative review of the movie ""Underworld: Rise of the Lycans"" (2009), expressing your overall opinion."
